<?xml version="1.0" encoding="UTF-8" ?>
<gpx version="1.1" xmlns:xsi="http://www.w3.org/2001/XMLSchema-instance"
    xmlns="http://www.topografix.com/GPX/1/1"
    xsi:schemaLocation="http://www.topografix.com/GPX/1/1 http://www.topografix.com/GPX/1/1/gpx.xsd"
    creator="Openrunner - https://www.openrunner.com" >
                <wpt lat="44.154730" lon="1.318025">
                        <ele>0</ele>
                        <name><![CDATA[Ravitaillement]]></name>
                        <desc><![CDATA[]]></desc>
                    <sym>3</sym>
                </wpt>
            	<trk>
	                   <name>RBQ  64km 13 09 2026-23008173</name>
						<trkseg>
					<trkpt lat="44.194240" lon="1.368650">
						<ele>159</ele>
						<time>2026-05-18T15:29:10Z</time>
					</trkpt>
					<trkpt lat="44.194240" lon="1.368650">
						<ele>159</ele>
						<time>2026-05-18T15:29:10Z</time>
					</trkpt>
					<trkpt lat="44.194040" lon="1.367890">
						<ele>162</ele>
						<time>2026-05-18T15:29:20Z</time>
					</trkpt>
					<trkpt lat="44.193850" lon="1.367210">
						<ele>164</ele>
						<time>2026-05-18T15:29:30Z</time>
					</trkpt>
					<trkpt lat="44.193610" lon="1.366130">
						<ele>170</ele>
						<time>2026-05-18T15:29:44Z</time>
					</trkpt>
					<trkpt lat="44.193510" lon="1.365760">
						<ele>172</ele>
						<time>2026-05-18T15:29:49Z</time>
					</trkpt>
					<trkpt lat="44.193450" lon="1.365460">
						<ele>172</ele>
						<time>2026-05-18T15:29:53Z</time>
					</trkpt>
					<trkpt lat="44.193410" lon="1.365120">
						<ele>173</ele>
						<time>2026-05-18T15:29:57Z</time>
					</trkpt>
					<trkpt lat="44.193360" lon="1.364680">
						<ele>173</ele>
						<time>2026-05-18T15:30:03Z</time>
					</trkpt>
					<trkpt lat="44.193310" lon="1.364290">
						<ele>174</ele>
						<time>2026-05-18T15:30:08Z</time>
					</trkpt>
					<trkpt lat="44.193270" lon="1.363820">
						<ele>174</ele>
						<time>2026-05-18T15:30:14Z</time>
					</trkpt>
					<trkpt lat="44.193260" lon="1.363620">
						<ele>175</ele>
						<time>2026-05-18T15:30:17Z</time>
					</trkpt>
					<trkpt lat="44.193220" lon="1.363490">
						<ele>174</ele>
						<time>2026-05-18T15:30:19Z</time>
					</trkpt>
					<trkpt lat="44.193160" lon="1.363330">
						<ele>175</ele>
						<time>2026-05-18T15:30:21Z</time>
					</trkpt>
					<trkpt lat="44.192900" lon="1.362920">
						<ele>175</ele>
						<time>2026-05-18T15:30:28Z</time>
					</trkpt>
					<trkpt lat="44.192560" lon="1.362440">
						<ele>177</ele>
						<time>2026-05-18T15:30:37Z</time>
					</trkpt>
					<trkpt lat="44.192440" lon="1.362280">
						<ele>177</ele>
						<time>2026-05-18T15:30:39Z</time>
					</trkpt>
					<trkpt lat="44.192380" lon="1.362130">
						<ele>177</ele>
						<time>2026-05-18T15:30:42Z</time>
					</trkpt>
					<trkpt lat="44.192350" lon="1.362050">
						<ele>177</ele>
						<time>2026-05-18T15:30:43Z</time>
					</trkpt>
					<trkpt lat="44.192270" lon="1.361610">
						<ele>177</ele>
						<time>2026-05-18T15:30:49Z</time>
					</trkpt>
					<trkpt lat="44.192250" lon="1.361410">
						<ele>176</ele>
						<time>2026-05-18T15:30:51Z</time>
					</trkpt>
					<trkpt lat="44.192210" lon="1.360950">
						<ele>176</ele>
						<time>2026-05-18T15:30:57Z</time>
					</trkpt>
					<trkpt lat="44.192140" lon="1.360460">
						<ele>175</ele>
						<time>2026-05-18T15:31:03Z</time>
					</trkpt>
					<trkpt lat="44.192100" lon="1.360290">
						<ele>175</ele>
						<time>2026-05-18T15:31:06Z</time>
					</trkpt>
					<trkpt lat="44.192050" lon="1.360180">
						<ele>174</ele>
						<time>2026-05-18T15:31:07Z</time>
					</trkpt>
					<trkpt lat="44.191870" lon="1.359960">
						<ele>174</ele>
						<time>2026-05-18T15:31:12Z</time>
					</trkpt>
					<trkpt lat="44.191810" lon="1.359890">
						<ele>173</ele>
						<time>2026-05-18T15:31:13Z</time>
					</trkpt>
					<trkpt lat="44.191670" lon="1.359780">
						<ele>172</ele>
						<time>2026-05-18T15:31:16Z</time>
					</trkpt>
					<trkpt lat="44.191500" lon="1.359670">
						<ele>171</ele>
						<time>2026-05-18T15:31:19Z</time>
					</trkpt>
					<trkpt lat="44.191400" lon="1.359610">
						<ele>170</ele>
						<time>2026-05-18T15:31:21Z</time>
					</trkpt>
					<trkpt lat="44.191220" lon="1.359540">
						<ele>169</ele>
						<time>2026-05-18T15:31:25Z</time>
					</trkpt>
					<trkpt lat="44.190990" lon="1.359490">
						<ele>169</ele>
						<time>2026-05-18T15:31:29Z</time>
					</trkpt>
					<trkpt lat="44.190870" lon="1.359480">
						<ele>168</ele>
						<time>2026-05-18T15:31:31Z</time>
					</trkpt>
					<trkpt lat="44.190730" lon="1.359480">
						<ele>168</ele>
						<time>2026-05-18T15:31:33Z</time>
					</trkpt>
					<trkpt lat="44.189790" lon="1.359540">
						<ele>164</ele>
						<time>2026-05-18T15:31:50Z</time>
					</trkpt>
					<trkpt lat="44.189070" lon="1.359590">
						<ele>165</ele>
						<time>2026-05-18T15:32:03Z</time>
					</trkpt>
					<trkpt lat="44.188860" lon="1.359600">
						<ele>165</ele>
						<time>2026-05-18T15:32:07Z</time>
					</trkpt>
					<trkpt lat="44.188620" lon="1.359570">
						<ele>166</ele>
						<time>2026-05-18T15:32:11Z</time>
					</trkpt>
					<trkpt lat="44.188240" lon="1.359460">
						<ele>165</ele>
						<time>2026-05-18T15:32:18Z</time>
					</trkpt>
					<trkpt lat="44.188020" lon="1.359380">
						<ele>165</ele>
						<time>2026-05-18T15:32:22Z</time>
					</trkpt>
					<trkpt lat="44.187740" lon="1.359290">
						<ele>164</ele>
						<time>2026-05-18T15:32:27Z</time>
					</trkpt>
					<trkpt lat="44.187020" lon="1.359020">
						<ele>164</ele>
						<time>2026-05-18T15:32:40Z</time>
					</trkpt>
					<trkpt lat="44.186730" lon="1.358810">
						<ele>164</ele>
						<time>2026-05-18T15:32:46Z</time>
					</trkpt>
					<trkpt lat="44.185960" lon="1.357930">
						<ele>163</ele>
						<time>2026-05-18T15:33:04Z</time>
					</trkpt>
					<trkpt lat="44.185680" lon="1.357610">
						<ele>163</ele>
						<time>2026-05-18T15:33:10Z</time>
					</trkpt>
					<trkpt lat="44.185520" lon="1.357460">
						<ele>164</ele>
						<time>2026-05-18T15:33:14Z</time>
					</trkpt>
					<trkpt lat="44.185370" lon="1.357380">
						<ele>164</ele>
						<time>2026-05-18T15:33:16Z</time>
					</trkpt>
					<trkpt lat="44.185010" lon="1.357390">
						<ele>164</ele>
						<time>2026-05-18T15:33:23Z</time>
					</trkpt>
					<trkpt lat="44.184900" lon="1.357390">
						<ele>165</ele>
						<time>2026-05-18T15:33:25Z</time>
					</trkpt>
					<trkpt lat="44.184680" lon="1.357440">
						<ele>165</ele>
						<time>2026-05-18T15:33:29Z</time>
					</trkpt>
					<trkpt lat="44.184430" lon="1.357540">
						<ele>165</ele>
						<time>2026-05-18T15:33:33Z</time>
					</trkpt>
					<trkpt lat="44.184240" lon="1.357690">
						<ele>164</ele>
						<time>2026-05-18T15:33:37Z</time>
					</trkpt>
					<trkpt lat="44.184000" lon="1.357950">
						<ele>162</ele>
						<time>2026-05-18T15:33:43Z</time>
					</trkpt>
					<trkpt lat="44.183740" lon="1.358340">
						<ele>162</ele>
						<time>2026-05-18T15:33:50Z</time>
					</trkpt>
					<trkpt lat="44.183570" lon="1.358700">
						<ele>163</ele>
						<time>2026-05-18T15:33:55Z</time>
					</trkpt>
					<trkpt lat="44.183190" lon="1.359670">
						<ele>158</ele>
						<time>2026-05-18T15:34:09Z</time>
					</trkpt>
					<trkpt lat="44.182940" lon="1.360020">
						<ele>157</ele>
						<time>2026-05-18T15:34:15Z</time>
					</trkpt>
					<trkpt lat="44.182850" lon="1.360220">
						<ele>156</ele>
						<time>2026-05-18T15:34:18Z</time>
					</trkpt>
					<trkpt lat="44.182660" lon="1.360920">
						<ele>153</ele>
						<time>2026-05-18T15:34:28Z</time>
					</trkpt>
					<trkpt lat="44.182000" lon="1.362220">
						<ele>139</ele>
						<time>2026-05-18T15:34:48Z</time>
					</trkpt>
					<trkpt lat="44.181870" lon="1.362400">
						<ele>138</ele>
						<time>2026-05-18T15:34:52Z</time>
					</trkpt>
					<trkpt lat="44.181730" lon="1.362520">
						<ele>137</ele>
						<time>2026-05-18T15:34:54Z</time>
					</trkpt>
					<trkpt lat="44.181500" lon="1.362560">
						<ele>135</ele>
						<time>2026-05-18T15:34:59Z</time>
					</trkpt>
					<trkpt lat="44.181290" lon="1.362440">
						<ele>135</ele>
						<time>2026-05-18T15:35:03Z</time>
					</trkpt>
					<trkpt lat="44.181040" lon="1.362100">
						<ele>136</ele>
						<time>2026-05-18T15:35:09Z</time>
					</trkpt>
					<trkpt lat="44.180940" lon="1.361930">
						<ele>137</ele>
						<time>2026-05-18T15:35:12Z</time>
					</trkpt>
					<trkpt lat="44.180820" lon="1.361870">
						<ele>137</ele>
						<time>2026-05-18T15:35:14Z</time>
					</trkpt>
					<trkpt lat="44.180700" lon="1.361860">
						<ele>136</ele>
						<time>2026-05-18T15:35:16Z</time>
					</trkpt>
					<trkpt lat="44.180580" lon="1.361960">
						<ele>136</ele>
						<time>2026-05-18T15:35:19Z</time>
					</trkpt>
					<trkpt lat="44.180490" lon="1.362140">
						<ele>135</ele>
						<time>2026-05-18T15:35:21Z</time>
					</trkpt>
					<trkpt lat="44.180390" lon="1.362670">
						<ele>131</ele>
						<time>2026-05-18T15:35:28Z</time>
					</trkpt>
					<trkpt lat="44.180330" lon="1.362860">
						<ele>129</ele>
						<time>2026-05-18T15:35:31Z</time>
					</trkpt>
					<trkpt lat="44.180270" lon="1.363000">
						<ele>128</ele>
						<time>2026-05-18T15:35:33Z</time>
					</trkpt>
					<trkpt lat="44.180080" lon="1.363210">
						<ele>125</ele>
						<time>2026-05-18T15:35:37Z</time>
					</trkpt>
					<trkpt lat="44.179880" lon="1.363350">
						<ele>124</ele>
						<time>2026-05-18T15:35:41Z</time>
					</trkpt>
					<trkpt lat="44.179530" lon="1.363410">
						<ele>123</ele>
						<time>2026-05-18T15:35:48Z</time>
					</trkpt>
					<trkpt lat="44.179190" lon="1.363420">
						<ele>122</ele>
						<time>2026-05-18T15:35:54Z</time>
					</trkpt>
					<trkpt lat="44.178400" lon="1.363620">
						<ele>119</ele>
						<time>2026-05-18T15:36:08Z</time>
					</trkpt>
					<trkpt lat="44.178150" lon="1.363740">
						<ele>117</ele>
						<time>2026-05-18T15:36:13Z</time>
					</trkpt>
					<trkpt lat="44.176990" lon="1.364540">
						<ele>109</ele>
						<time>2026-05-18T15:36:36Z</time>
					</trkpt>
					<trkpt lat="44.176840" lon="1.364630">
						<ele>108</ele>
						<time>2026-05-18T15:36:39Z</time>
					</trkpt>
					<trkpt lat="44.176590" lon="1.364670">
						<ele>107</ele>
						<time>2026-05-18T15:36:43Z</time>
					</trkpt>
					<trkpt lat="44.176320" lon="1.364640">
						<ele>108</ele>
						<time>2026-05-18T15:36:48Z</time>
					</trkpt>
					<trkpt lat="44.175950" lon="1.364510">
						<ele>108</ele>
						<time>2026-05-18T15:36:55Z</time>
					</trkpt>
					<trkpt lat="44.175780" lon="1.364460">
						<ele>109</ele>
						<time>2026-05-18T15:36:58Z</time>
					</trkpt>
					<trkpt lat="44.175760" lon="1.364450">
						<ele>109</ele>
						<time>2026-05-18T15:36:58Z</time>
					</trkpt>
					<trkpt lat="44.173480" lon="1.363850">
						<ele>112</ele>
						<time>2026-05-18T15:37:39Z</time>
					</trkpt>
					<trkpt lat="44.172070" lon="1.363440">
						<ele>118</ele>
						<time>2026-05-18T15:38:05Z</time>
					</trkpt>
					<trkpt lat="44.171930" lon="1.364630">
						<ele>120</ele>
						<time>2026-05-18T15:38:20Z</time>
					</trkpt>
					<trkpt lat="44.171730" lon="1.365520">
						<ele>122</ele>
						<time>2026-05-18T15:38:32Z</time>
					</trkpt>
					<trkpt lat="44.171320" lon="1.366900">
						<ele>124</ele>
						<time>2026-05-18T15:38:51Z</time>
					</trkpt>
					<trkpt lat="44.170560" lon="1.369260">
						<ele>127</ele>
						<time>2026-05-18T15:39:24Z</time>
					</trkpt>
					<trkpt lat="44.170460" lon="1.369880">
						<ele>129</ele>
						<time>2026-05-18T15:39:33Z</time>
					</trkpt>
					<trkpt lat="44.170390" lon="1.371130">
						<ele>130</ele>
						<time>2026-05-18T15:39:49Z</time>
					</trkpt>
					<trkpt lat="44.170380" lon="1.371310">
						<ele>130</ele>
						<time>2026-05-18T15:39:51Z</time>
					</trkpt>
					<trkpt lat="44.170330" lon="1.371750">
						<ele>131</ele>
						<time>2026-05-18T15:39:57Z</time>
					</trkpt>
					<trkpt lat="44.170190" lon="1.372450">
						<ele>125</ele>
						<time>2026-05-18T15:40:06Z</time>
					</trkpt>
					<trkpt lat="44.170090" lon="1.372930">
						<ele>124</ele>
						<time>2026-05-18T15:40:12Z</time>
					</trkpt>
					<trkpt lat="44.170020" lon="1.373320">
						<ele>124</ele>
						<time>2026-05-18T15:40:17Z</time>
					</trkpt>
					<trkpt lat="44.170000" lon="1.373580">
						<ele>125</ele>
						<time>2026-05-18T15:40:21Z</time>
					</trkpt>
					<trkpt lat="44.170030" lon="1.373890">
						<ele>126</ele>
						<time>2026-05-18T15:40:25Z</time>
					</trkpt>
					<trkpt lat="44.170080" lon="1.374350">
						<ele>127</ele>
						<time>2026-05-18T15:40:31Z</time>
					</trkpt>
					<trkpt lat="44.170100" lon="1.374730">
						<ele>127</ele>
						<time>2026-05-18T15:40:35Z</time>
					</trkpt>
					<trkpt lat="44.170090" lon="1.375090">
						<ele>127</ele>
						<time>2026-05-18T15:40:40Z</time>
					</trkpt>
					<trkpt lat="44.170090" lon="1.375310">
						<ele>127</ele>
						<time>2026-05-18T15:40:43Z</time>
					</trkpt>
					<trkpt lat="44.170040" lon="1.375670">
						<ele>126</ele>
						<time>2026-05-18T15:40:48Z</time>
					</trkpt>
					<trkpt lat="44.169940" lon="1.375870">
						<ele>126</ele>
						<time>2026-05-18T15:40:51Z</time>
					</trkpt>
					<trkpt lat="44.169770" lon="1.376060">
						<ele>128</ele>
						<time>2026-05-18T15:40:55Z</time>
					</trkpt>
					<trkpt lat="44.169160" lon="1.376300">
						<ele>134</ele>
						<time>2026-05-18T15:41:06Z</time>
					</trkpt>
					<trkpt lat="44.169040" lon="1.376490">
						<ele>135</ele>
						<time>2026-05-18T15:41:09Z</time>
					</trkpt>
					<trkpt lat="44.168980" lon="1.377330">
						<ele>135</ele>
						<time>2026-05-18T15:41:20Z</time>
					</trkpt>
					<trkpt lat="44.168800" lon="1.378210">
						<ele>137</ele>
						<time>2026-05-18T15:41:32Z</time>
					</trkpt>
					<trkpt lat="44.168770" lon="1.378720">
						<ele>137</ele>
						<time>2026-05-18T15:41:38Z</time>
					</trkpt>
					<trkpt lat="44.168960" lon="1.379720">
						<ele>138</ele>
						<time>2026-05-18T15:41:51Z</time>
					</trkpt>
					<trkpt lat="44.168980" lon="1.380100">
						<ele>139</ele>
						<time>2026-05-18T15:41:56Z</time>
					</trkpt>
					<trkpt lat="44.168970" lon="1.380240">
						<ele>139</ele>
						<time>2026-05-18T15:41:58Z</time>
					</trkpt>
					<trkpt lat="44.168940" lon="1.380430">
						<ele>138</ele>
						<time>2026-05-18T15:42:00Z</time>
					</trkpt>
					<trkpt lat="44.168820" lon="1.380570">
						<ele>138</ele>
						<time>2026-05-18T15:42:03Z</time>
					</trkpt>
					<trkpt lat="44.168610" lon="1.380770">
						<ele>137</ele>
						<time>2026-05-18T15:42:08Z</time>
					</trkpt>
					<trkpt lat="44.168520" lon="1.380800">
						<ele>137</ele>
						<time>2026-05-18T15:42:09Z</time>
					</trkpt>
					<trkpt lat="44.168200" lon="1.380810">
						<ele>137</ele>
						<time>2026-05-18T15:42:15Z</time>
					</trkpt>
					<trkpt lat="44.168070" lon="1.380870">
						<ele>137</ele>
						<time>2026-05-18T15:42:17Z</time>
					</trkpt>
					<trkpt lat="44.168040" lon="1.380930">
						<ele>137</ele>
						<time>2026-05-18T15:42:18Z</time>
					</trkpt>
					<trkpt lat="44.167990" lon="1.381020">
						<ele>136</ele>
						<time>2026-05-18T15:42:20Z</time>
					</trkpt>
					<trkpt lat="44.167760" lon="1.383390">
						<ele>134</ele>
						<time>2026-05-18T15:42:50Z</time>
					</trkpt>
					<trkpt lat="44.167710" lon="1.384050">
						<ele>132</ele>
						<time>2026-05-18T15:42:59Z</time>
					</trkpt>
					<trkpt lat="44.167760" lon="1.384370">
						<ele>131</ele>
						<time>2026-05-18T15:43:03Z</time>
					</trkpt>
					<trkpt lat="44.168090" lon="1.385700">
						<ele>131</ele>
						<time>2026-05-18T15:43:21Z</time>
					</trkpt>
					<trkpt lat="44.168110" lon="1.386200">
						<ele>131</ele>
						<time>2026-05-18T15:43:27Z</time>
					</trkpt>
					<trkpt lat="44.167990" lon="1.388650">
						<ele>126</ele>
						<time>2026-05-18T15:43:59Z</time>
					</trkpt>
					<trkpt lat="44.167830" lon="1.389410">
						<ele>124</ele>
						<time>2026-05-18T15:44:09Z</time>
					</trkpt>
					<trkpt lat="44.167540" lon="1.390040">
						<ele>122</ele>
						<time>2026-05-18T15:44:18Z</time>
					</trkpt>
					<trkpt lat="44.166820" lon="1.391130">
						<ele>120</ele>
						<time>2026-05-18T15:44:37Z</time>
					</trkpt>
					<trkpt lat="44.165920" lon="1.392660">
						<ele>118</ele>
						<time>2026-05-18T15:45:03Z</time>
					</trkpt>
					<trkpt lat="44.165920" lon="1.392670">
						<ele>118</ele>
						<time>2026-05-18T15:45:03Z</time>
					</trkpt>
					<trkpt lat="44.165880" lon="1.392730">
						<ele>118</ele>
						<time>2026-05-18T15:45:04Z</time>
					</trkpt>
					<trkpt lat="44.165870" lon="1.392760">
						<ele>118</ele>
						<time>2026-05-18T15:45:04Z</time>
					</trkpt>
					<trkpt lat="44.165530" lon="1.393340">
						<ele>117</ele>
						<time>2026-05-18T15:45:14Z</time>
					</trkpt>
					<trkpt lat="44.165000" lon="1.393720">
						<ele>117</ele>
						<time>2026-05-18T15:45:24Z</time>
					</trkpt>
					<trkpt lat="44.164350" lon="1.394270">
						<ele>119</ele>
						<time>2026-05-18T15:45:38Z</time>
					</trkpt>
					<trkpt lat="44.164020" lon="1.395240">
						<ele>120</ele>
						<time>2026-05-18T15:45:52Z</time>
					</trkpt>
					<trkpt lat="44.163880" lon="1.395590">
						<ele>121</ele>
						<time>2026-05-18T15:45:57Z</time>
					</trkpt>
					<trkpt lat="44.163690" lon="1.395910">
						<ele>121</ele>
						<time>2026-05-18T15:46:02Z</time>
					</trkpt>
					<trkpt lat="44.163290" lon="1.396330">
						<ele>121</ele>
						<time>2026-05-18T15:46:11Z</time>
					</trkpt>
					<trkpt lat="44.162110" lon="1.398100">
						<ele>126</ele>
						<time>2026-05-18T15:46:42Z</time>
					</trkpt>
					<trkpt lat="44.161840" lon="1.398550">
						<ele>125</ele>
						<time>2026-05-18T15:46:49Z</time>
					</trkpt>
					<trkpt lat="44.161680" lon="1.398960">
						<ele>123</ele>
						<time>2026-05-18T15:46:55Z</time>
					</trkpt>
					<trkpt lat="44.161320" lon="1.399740">
						<ele>123</ele>
						<time>2026-05-18T15:47:07Z</time>
					</trkpt>
					<trkpt lat="44.160650" lon="1.400840">
						<ele>123</ele>
						<time>2026-05-18T15:47:25Z</time>
					</trkpt>
					<trkpt lat="44.160500" lon="1.401060">
						<ele>124</ele>
						<time>2026-05-18T15:47:29Z</time>
					</trkpt>
					<trkpt lat="44.160330" lon="1.401210">
						<ele>124</ele>
						<time>2026-05-18T15:47:33Z</time>
					</trkpt>
					<trkpt lat="44.160150" lon="1.401290">
						<ele>124</ele>
						<time>2026-05-18T15:47:36Z</time>
					</trkpt>
					<trkpt lat="44.159060" lon="1.401630">
						<ele>127</ele>
						<time>2026-05-18T15:47:56Z</time>
					</trkpt>
					<trkpt lat="44.158810" lon="1.401730">
						<ele>127</ele>
						<time>2026-05-18T15:48:01Z</time>
					</trkpt>
					<trkpt lat="44.158630" lon="1.401800">
						<ele>127</ele>
						<time>2026-05-18T15:48:04Z</time>
					</trkpt>
					<trkpt lat="44.158130" lon="1.402120">
						<ele>128</ele>
						<time>2026-05-18T15:48:14Z</time>
					</trkpt>
					<trkpt lat="44.157390" lon="1.402640">
						<ele>129</ele>
						<time>2026-05-18T15:48:29Z</time>
					</trkpt>
					<trkpt lat="44.157100" lon="1.402890">
						<ele>131</ele>
						<time>2026-05-18T15:48:35Z</time>
					</trkpt>
					<trkpt lat="44.156450" lon="1.403700">
						<ele>131</ele>
						<time>2026-05-18T15:48:50Z</time>
					</trkpt>
					<trkpt lat="44.156080" lon="1.404110">
						<ele>131</ele>
						<time>2026-05-18T15:48:59Z</time>
					</trkpt>
					<trkpt lat="44.155780" lon="1.404330">
						<ele>131</ele>
						<time>2026-05-18T15:49:05Z</time>
					</trkpt>
					<trkpt lat="44.154990" lon="1.404730">
						<ele>135</ele>
						<time>2026-05-18T15:49:20Z</time>
					</trkpt>
					<trkpt lat="44.154680" lon="1.404870">
						<ele>137</ele>
						<time>2026-05-18T15:49:25Z</time>
					</trkpt>
					<trkpt lat="44.154480" lon="1.404890">
						<ele>139</ele>
						<time>2026-05-18T15:49:29Z</time>
					</trkpt>
					<trkpt lat="44.154260" lon="1.404820">
						<ele>140</ele>
						<time>2026-05-18T15:49:33Z</time>
					</trkpt>
					<trkpt lat="44.153940" lon="1.404690">
						<ele>141</ele>
						<time>2026-05-18T15:49:39Z</time>
					</trkpt>
					<trkpt lat="44.153820" lon="1.404710">
						<ele>141</ele>
						<time>2026-05-18T15:49:41Z</time>
					</trkpt>
					<trkpt lat="44.153710" lon="1.404780">
						<ele>142</ele>
						<time>2026-05-18T15:49:43Z</time>
					</trkpt>
					<trkpt lat="44.153590" lon="1.405050">
						<ele>144</ele>
						<time>2026-05-18T15:49:47Z</time>
					</trkpt>
					<trkpt lat="44.153380" lon="1.405550">
						<ele>149</ele>
						<time>2026-05-18T15:49:55Z</time>
					</trkpt>
					<trkpt lat="44.153240" lon="1.405920">
						<ele>152</ele>
						<time>2026-05-18T15:50:00Z</time>
					</trkpt>
					<trkpt lat="44.153180" lon="1.406250">
						<ele>155</ele>
						<time>2026-05-18T15:50:04Z</time>
					</trkpt>
					<trkpt lat="44.153170" lon="1.406770">
						<ele>159</ele>
						<time>2026-05-18T15:50:11Z</time>
					</trkpt>
					<trkpt lat="44.153130" lon="1.407030">
						<ele>160</ele>
						<time>2026-05-18T15:50:14Z</time>
					</trkpt>
					<trkpt lat="44.152780" lon="1.408530">
						<ele>163</ele>
						<time>2026-05-18T15:50:34Z</time>
					</trkpt>
					<trkpt lat="44.152670" lon="1.408820">
						<ele>164</ele>
						<time>2026-05-18T15:50:39Z</time>
					</trkpt>
					<trkpt lat="44.152450" lon="1.409130">
						<ele>167</ele>
						<time>2026-05-18T15:50:44Z</time>
					</trkpt>
					<trkpt lat="44.152240" lon="1.409390">
						<ele>169</ele>
						<time>2026-05-18T15:50:49Z</time>
					</trkpt>
					<trkpt lat="44.151990" lon="1.409630">
						<ele>173</ele>
						<time>2026-05-18T15:50:55Z</time>
					</trkpt>
					<trkpt lat="44.151960" lon="1.409660">
						<ele>173</ele>
						<time>2026-05-18T15:50:55Z</time>
					</trkpt>
					<trkpt lat="44.150660" lon="1.410590">
						<ele>187</ele>
						<time>2026-05-18T15:51:21Z</time>
					</trkpt>
					<trkpt lat="44.150410" lon="1.410810">
						<ele>189</ele>
						<time>2026-05-18T15:51:27Z</time>
					</trkpt>
					<trkpt lat="44.150090" lon="1.411280">
						<ele>193</ele>
						<time>2026-05-18T15:51:35Z</time>
					</trkpt>
					<trkpt lat="44.149700" lon="1.411840">
						<ele>194</ele>
						<time>2026-05-18T15:51:45Z</time>
					</trkpt>
					<trkpt lat="44.147790" lon="1.414210">
						<ele>202</ele>
						<time>2026-05-18T15:52:30Z</time>
					</trkpt>
					<trkpt lat="44.147430" lon="1.414510">
						<ele>203</ele>
						<time>2026-05-18T15:52:38Z</time>
					</trkpt>
					<trkpt lat="44.146460" lon="1.415550">
						<ele>204</ele>
						<time>2026-05-18T15:53:00Z</time>
					</trkpt>
					<trkpt lat="44.145810" lon="1.416420">
						<ele>209</ele>
						<time>2026-05-18T15:53:16Z</time>
					</trkpt>
					<trkpt lat="44.145780" lon="1.416480">
						<ele>209</ele>
						<time>2026-05-18T15:53:17Z</time>
					</trkpt>
					<trkpt lat="44.145760" lon="1.416460">
						<ele>209</ele>
						<time>2026-05-18T15:53:17Z</time>
					</trkpt>
					<trkpt lat="44.145720" lon="1.416440">
						<ele>208</ele>
						<time>2026-05-18T15:53:18Z</time>
					</trkpt>
					<trkpt lat="44.145660" lon="1.416450">
						<ele>208</ele>
						<time>2026-05-18T15:53:19Z</time>
					</trkpt>
					<trkpt lat="44.145640" lon="1.416470">
						<ele>208</ele>
						<time>2026-05-18T15:53:19Z</time>
					</trkpt>
					<trkpt lat="44.145610" lon="1.416510">
						<ele>208</ele>
						<time>2026-05-18T15:53:20Z</time>
					</trkpt>
					<trkpt lat="44.145590" lon="1.416560">
						<ele>208</ele>
						<time>2026-05-18T15:53:21Z</time>
					</trkpt>
					<trkpt lat="44.145600" lon="1.416620">
						<ele>208</ele>
						<time>2026-05-18T15:53:21Z</time>
					</trkpt>
					<trkpt lat="44.145620" lon="1.416680">
						<ele>208</ele>
						<time>2026-05-18T15:53:22Z</time>
					</trkpt>
					<trkpt lat="44.145650" lon="1.416720">
						<ele>209</ele>
						<time>2026-05-18T15:53:23Z</time>
					</trkpt>
					<trkpt lat="44.145670" lon="1.416730">
						<ele>209</ele>
						<time>2026-05-18T15:53:23Z</time>
					</trkpt>
					<trkpt lat="44.145340" lon="1.417780">
						<ele>205</ele>
						<time>2026-05-18T15:53:38Z</time>
					</trkpt>
					<trkpt lat="44.145220" lon="1.418040">
						<ele>206</ele>
						<time>2026-05-18T15:53:42Z</time>
					</trkpt>
					<trkpt lat="44.145060" lon="1.418290">
						<ele>207</ele>
						<time>2026-05-18T15:53:46Z</time>
					</trkpt>
					<trkpt lat="44.144620" lon="1.418780">
						<ele>203</ele>
						<time>2026-05-18T15:53:56Z</time>
					</trkpt>
					<trkpt lat="44.144390" lon="1.419050">
						<ele>203</ele>
						<time>2026-05-18T15:54:02Z</time>
					</trkpt>
					<trkpt lat="44.144260" lon="1.419190">
						<ele>204</ele>
						<time>2026-05-18T15:54:05Z</time>
					</trkpt>
					<trkpt lat="44.144160" lon="1.419440">
						<ele>204</ele>
						<time>2026-05-18T15:54:08Z</time>
					</trkpt>
					<trkpt lat="44.144230" lon="1.419750">
						<ele>206</ele>
						<time>2026-05-18T15:54:12Z</time>
					</trkpt>
					<trkpt lat="44.144180" lon="1.419880">
						<ele>206</ele>
						<time>2026-05-18T15:54:14Z</time>
					</trkpt>
					<trkpt lat="44.144080" lon="1.420000">
						<ele>207</ele>
						<time>2026-05-18T15:54:17Z</time>
					</trkpt>
					<trkpt lat="44.143610" lon="1.420390">
						<ele>207</ele>
						<time>2026-05-18T15:54:26Z</time>
					</trkpt>
					<trkpt lat="44.143420" lon="1.420550">
						<ele>207</ele>
						<time>2026-05-18T15:54:30Z</time>
					</trkpt>
					<trkpt lat="44.143340" lon="1.420630">
						<ele>208</ele>
						<time>2026-05-18T15:54:32Z</time>
					</trkpt>
					<trkpt lat="44.143280" lon="1.420700">
						<ele>208</ele>
						<time>2026-05-18T15:54:33Z</time>
					</trkpt>
					<trkpt lat="44.143210" lon="1.420890">
						<ele>207</ele>
						<time>2026-05-18T15:54:36Z</time>
					</trkpt>
					<trkpt lat="44.143180" lon="1.421010">
						<ele>207</ele>
						<time>2026-05-18T15:54:38Z</time>
					</trkpt>
					<trkpt lat="44.143160" lon="1.421100">
						<ele>206</ele>
						<time>2026-05-18T15:54:39Z</time>
					</trkpt>
					<trkpt lat="44.143100" lon="1.422270">
						<ele>198</ele>
						<time>2026-05-18T15:54:54Z</time>
					</trkpt>
					<trkpt lat="44.143110" lon="1.422680">
						<ele>196</ele>
						<time>2026-05-18T15:54:59Z</time>
					</trkpt>
					<trkpt lat="44.143070" lon="1.422640">
						<ele>195</ele>
						<time>2026-05-18T15:55:00Z</time>
					</trkpt>
					<trkpt lat="44.142950" lon="1.422520">
						<ele>194</ele>
						<time>2026-05-18T15:55:03Z</time>
					</trkpt>
					<trkpt lat="44.142840" lon="1.422270">
						<ele>195</ele>
						<time>2026-05-18T15:55:06Z</time>
					</trkpt>
					<trkpt lat="44.142690" lon="1.421940">
						<ele>197</ele>
						<time>2026-05-18T15:55:11Z</time>
					</trkpt>
					<trkpt lat="44.142520" lon="1.421710">
						<ele>199</ele>
						<time>2026-05-18T15:55:16Z</time>
					</trkpt>
					<trkpt lat="44.142390" lon="1.421620">
						<ele>198</ele>
						<time>2026-05-18T15:55:18Z</time>
					</trkpt>
					<trkpt lat="44.142230" lon="1.421590">
						<ele>196</ele>
						<time>2026-05-18T15:55:21Z</time>
					</trkpt>
					<trkpt lat="44.142140" lon="1.421590">
						<ele>195</ele>
						<time>2026-05-18T15:55:23Z</time>
					</trkpt>
					<trkpt lat="44.141960" lon="1.421620">
						<ele>193</ele>
						<time>2026-05-18T15:55:26Z</time>
					</trkpt>
					<trkpt lat="44.141310" lon="1.421580">
						<ele>187</ele>
						<time>2026-05-18T15:55:38Z</time>
					</trkpt>
					<trkpt lat="44.140900" lon="1.421500">
						<ele>184</ele>
						<time>2026-05-18T15:55:45Z</time>
					</trkpt>
					<trkpt lat="44.140670" lon="1.421320">
						<ele>182</ele>
						<time>2026-05-18T15:55:50Z</time>
					</trkpt>
					<trkpt lat="44.140490" lon="1.421210">
						<ele>179</ele>
						<time>2026-05-18T15:55:53Z</time>
					</trkpt>
					<trkpt lat="44.140350" lon="1.421260">
						<ele>175</ele>
						<time>2026-05-18T15:55:56Z</time>
					</trkpt>
					<trkpt lat="44.140260" lon="1.421360">
						<ele>173</ele>
						<time>2026-05-18T15:55:58Z</time>
					</trkpt>
					<trkpt lat="44.140210" lon="1.421510">
						<ele>172</ele>
						<time>2026-05-18T15:56:00Z</time>
					</trkpt>
					<trkpt lat="44.140200" lon="1.421840">
						<ele>171</ele>
						<time>2026-05-18T15:56:04Z</time>
					</trkpt>
					<trkpt lat="44.140140" lon="1.422010">
						<ele>169</ele>
						<time>2026-05-18T15:56:06Z</time>
					</trkpt>
					<trkpt lat="44.140010" lon="1.422130">
						<ele>167</ele>
						<time>2026-05-18T15:56:09Z</time>
					</trkpt>
					<trkpt lat="44.139860" lon="1.422170">
						<ele>166</ele>
						<time>2026-05-18T15:56:12Z</time>
					</trkpt>
					<trkpt lat="44.139650" lon="1.422180">
						<ele>164</ele>
						<time>2026-05-18T15:56:16Z</time>
					</trkpt>
					<trkpt lat="44.139420" lon="1.422210">
						<ele>162</ele>
						<time>2026-05-18T15:56:20Z</time>
					</trkpt>
					<trkpt lat="44.138540" lon="1.422830">
						<ele>154</ele>
						<time>2026-05-18T15:56:37Z</time>
					</trkpt>
					<trkpt lat="44.138360" lon="1.423000">
						<ele>152</ele>
						<time>2026-05-18T15:56:41Z</time>
					</trkpt>
					<trkpt lat="44.137710" lon="1.423890">
						<ele>142</ele>
						<time>2026-05-18T15:56:57Z</time>
					</trkpt>
					<trkpt lat="44.137570" lon="1.424010">
						<ele>141</ele>
						<time>2026-05-18T15:57:00Z</time>
					</trkpt>
					<trkpt lat="44.137430" lon="1.424050">
						<ele>141</ele>
						<time>2026-05-18T15:57:03Z</time>
					</trkpt>
					<trkpt lat="44.137340" lon="1.424030">
						<ele>140</ele>
						<time>2026-05-18T15:57:05Z</time>
					</trkpt>
					<trkpt lat="44.137010" lon="1.423820">
						<ele>138</ele>
						<time>2026-05-18T15:57:11Z</time>
					</trkpt>
					<trkpt lat="44.136990" lon="1.423810">
						<ele>138</ele>
						<time>2026-05-18T15:57:11Z</time>
					</trkpt>
					<trkpt lat="44.136810" lon="1.423760">
						<ele>136</ele>
						<time>2026-05-18T15:57:15Z</time>
					</trkpt>
					<trkpt lat="44.136420" lon="1.423920">
						<ele>133</ele>
						<time>2026-05-18T15:57:22Z</time>
					</trkpt>
					<trkpt lat="44.136220" lon="1.424090">
						<ele>131</ele>
						<time>2026-05-18T15:57:26Z</time>
					</trkpt>
					<trkpt lat="44.136050" lon="1.424300">
						<ele>129</ele>
						<time>2026-05-18T15:57:30Z</time>
					</trkpt>
					<trkpt lat="44.135860" lon="1.424570">
						<ele>125</ele>
						<time>2026-05-18T15:57:35Z</time>
					</trkpt>
					<trkpt lat="44.135320" lon="1.425710">
						<ele>116</ele>
						<time>2026-05-18T15:57:52Z</time>
					</trkpt>
					<trkpt lat="44.135290" lon="1.425680">
						<ele>116</ele>
						<time>2026-05-18T15:57:53Z</time>
					</trkpt>
					<trkpt lat="44.135240" lon="1.425540">
						<ele>116</ele>
						<time>2026-05-18T15:57:55Z</time>
					</trkpt>
					<trkpt lat="44.135200" lon="1.425270">
						<ele>117</ele>
						<time>2026-05-18T15:57:59Z</time>
					</trkpt>
					<trkpt lat="44.135180" lon="1.424810">
						<ele>117</ele>
						<time>2026-05-18T15:58:04Z</time>
					</trkpt>
					<trkpt lat="44.135190" lon="1.424400">
						<ele>118</ele>
						<time>2026-05-18T15:58:10Z</time>
					</trkpt>
					<trkpt lat="44.135130" lon="1.424210">
						<ele>118</ele>
						<time>2026-05-18T15:58:12Z</time>
					</trkpt>
					<trkpt lat="44.134620" lon="1.423760">
						<ele>117</ele>
						<time>2026-05-18T15:58:23Z</time>
					</trkpt>
					<trkpt lat="44.134490" lon="1.423580">
						<ele>118</ele>
						<time>2026-05-18T15:58:26Z</time>
					</trkpt>
					<trkpt lat="44.134430" lon="1.423360">
						<ele>119</ele>
						<time>2026-05-18T15:58:29Z</time>
					</trkpt>
					<trkpt lat="44.134410" lon="1.423130">
						<ele>121</ele>
						<time>2026-05-18T15:58:32Z</time>
					</trkpt>
					<trkpt lat="44.134460" lon="1.422190">
						<ele>127</ele>
						<time>2026-05-18T15:58:44Z</time>
					</trkpt>
					<trkpt lat="44.134460" lon="1.421890">
						<ele>129</ele>
						<time>2026-05-18T15:58:48Z</time>
					</trkpt>
					<trkpt lat="44.134430" lon="1.421650">
						<ele>131</ele>
						<time>2026-05-18T15:58:51Z</time>
					</trkpt>
					<trkpt lat="44.134360" lon="1.421310">
						<ele>134</ele>
						<time>2026-05-18T15:58:56Z</time>
					</trkpt>
					<trkpt lat="44.134300" lon="1.421130">
						<ele>135</ele>
						<time>2026-05-18T15:58:58Z</time>
					</trkpt>
					<trkpt lat="44.134240" lon="1.421030">
						<ele>137</ele>
						<time>2026-05-18T15:59:00Z</time>
					</trkpt>
					<trkpt lat="44.133970" lon="1.420700">
						<ele>139</ele>
						<time>2026-05-18T15:59:06Z</time>
					</trkpt>
					<trkpt lat="44.133780" lon="1.420430">
						<ele>140</ele>
						<time>2026-05-18T15:59:11Z</time>
					</trkpt>
					<trkpt lat="44.133590" lon="1.420060">
						<ele>143</ele>
						<time>2026-05-18T15:59:17Z</time>
					</trkpt>
					<trkpt lat="44.133470" lon="1.419720">
						<ele>145</ele>
						<time>2026-05-18T15:59:22Z</time>
					</trkpt>
					<trkpt lat="44.133260" lon="1.418790">
						<ele>147</ele>
						<time>2026-05-18T15:59:34Z</time>
					</trkpt>
					<trkpt lat="44.132980" lon="1.418300">
						<ele>148</ele>
						<time>2026-05-18T15:59:42Z</time>
					</trkpt>
					<trkpt lat="44.132900" lon="1.418020">
						<ele>150</ele>
						<time>2026-05-18T15:59:46Z</time>
					</trkpt>
					<trkpt lat="44.132820" lon="1.417490">
						<ele>155</ele>
						<time>2026-05-18T15:59:53Z</time>
					</trkpt>
					<trkpt lat="44.132790" lon="1.416900">
						<ele>162</ele>
						<time>2026-05-18T16:00:01Z</time>
					</trkpt>
					<trkpt lat="44.132720" lon="1.416710">
						<ele>165</ele>
						<time>2026-05-18T16:00:03Z</time>
					</trkpt>
					<trkpt lat="44.131980" lon="1.415720">
						<ele>167</ele>
						<time>2026-05-18T16:00:22Z</time>
					</trkpt>
					<trkpt lat="44.131780" lon="1.415330">
						<ele>170</ele>
						<time>2026-05-18T16:00:28Z</time>
					</trkpt>
					<trkpt lat="44.131620" lon="1.414940">
						<ele>175</ele>
						<time>2026-05-18T16:00:33Z</time>
					</trkpt>
					<trkpt lat="44.131540" lon="1.414640">
						<ele>177</ele>
						<time>2026-05-18T16:00:38Z</time>
					</trkpt>
					<trkpt lat="44.131500" lon="1.413740">
						<ele>183</ele>
						<time>2026-05-18T16:00:49Z</time>
					</trkpt>
					<trkpt lat="44.131420" lon="1.413400">
						<ele>185</ele>
						<time>2026-05-18T16:00:54Z</time>
					</trkpt>
					<trkpt lat="44.131260" lon="1.412260">
						<ele>187</ele>
						<time>2026-05-18T16:01:08Z</time>
					</trkpt>
					<trkpt lat="44.131220" lon="1.412000">
						<ele>186</ele>
						<time>2026-05-18T16:01:12Z</time>
					</trkpt>
					<trkpt lat="44.131220" lon="1.411790">
						<ele>186</ele>
						<time>2026-05-18T16:01:14Z</time>
					</trkpt>
					<trkpt lat="44.131260" lon="1.411210">
						<ele>185</ele>
						<time>2026-05-18T16:01:22Z</time>
					</trkpt>
					<trkpt lat="44.131280" lon="1.411040">
						<ele>184</ele>
						<time>2026-05-18T16:01:24Z</time>
					</trkpt>
					<trkpt lat="44.131300" lon="1.410400">
						<ele>186</ele>
						<time>2026-05-18T16:01:32Z</time>
					</trkpt>
					<trkpt lat="44.131130" lon="1.408860">
						<ele>192</ele>
						<time>2026-05-18T16:01:52Z</time>
					</trkpt>
					<trkpt lat="44.131110" lon="1.408140">
						<ele>194</ele>
						<time>2026-05-18T16:02:01Z</time>
					</trkpt>
					<trkpt lat="44.131070" lon="1.407020">
						<ele>196</ele>
						<time>2026-05-18T16:02:16Z</time>
					</trkpt>
					<trkpt lat="44.131070" lon="1.405890">
						<ele>196</ele>
						<time>2026-05-18T16:02:30Z</time>
					</trkpt>
					<trkpt lat="44.131160" lon="1.405460">
						<ele>196</ele>
						<time>2026-05-18T16:02:36Z</time>
					</trkpt>
					<trkpt lat="44.131790" lon="1.403520">
						<ele>195</ele>
						<time>2026-05-18T16:03:03Z</time>
					</trkpt>
					<trkpt lat="44.131870" lon="1.403200">
						<ele>196</ele>
						<time>2026-05-18T16:03:07Z</time>
					</trkpt>
					<trkpt lat="44.131900" lon="1.403000">
						<ele>196</ele>
						<time>2026-05-18T16:03:10Z</time>
					</trkpt>
					<trkpt lat="44.131880" lon="1.402660">
						<ele>196</ele>
						<time>2026-05-18T16:03:14Z</time>
					</trkpt>
					<trkpt lat="44.131650" lon="1.401250">
						<ele>197</ele>
						<time>2026-05-18T16:03:33Z</time>
					</trkpt>
					<trkpt lat="44.131630" lon="1.400770">
						<ele>198</ele>
						<time>2026-05-18T16:03:39Z</time>
					</trkpt>
					<trkpt lat="44.131690" lon="1.400010">
						<ele>199</ele>
						<time>2026-05-18T16:03:49Z</time>
					</trkpt>
					<trkpt lat="44.132050" lon="1.398790">
						<ele>202</ele>
						<time>2026-05-18T16:04:06Z</time>
					</trkpt>
					<trkpt lat="44.132210" lon="1.398250">
						<ele>204</ele>
						<time>2026-05-18T16:04:13Z</time>
					</trkpt>
					<trkpt lat="44.132590" lon="1.397100">
						<ele>207</ele>
						<time>2026-05-18T16:04:29Z</time>
					</trkpt>
					<trkpt lat="44.133140" lon="1.396010">
						<ele>204</ele>
						<time>2026-05-18T16:04:46Z</time>
					</trkpt>
					<trkpt lat="44.133680" lon="1.395490">
						<ele>207</ele>
						<time>2026-05-18T16:04:58Z</time>
					</trkpt>
					<trkpt lat="44.133800" lon="1.395400">
						<ele>208</ele>
						<time>2026-05-18T16:05:00Z</time>
					</trkpt>
					<trkpt lat="44.134170" lon="1.395110">
						<ele>211</ele>
						<time>2026-05-18T16:05:08Z</time>
					</trkpt>
					<trkpt lat="44.134120" lon="1.395040">
						<ele>211</ele>
						<time>2026-05-18T16:05:09Z</time>
					</trkpt>
					<trkpt lat="44.133530" lon="1.394140">
						<ele>206</ele>
						<time>2026-05-18T16:05:25Z</time>
					</trkpt>
					<trkpt lat="44.133310" lon="1.393590">
						<ele>206</ele>
						<time>2026-05-18T16:05:33Z</time>
					</trkpt>
					<trkpt lat="44.133250" lon="1.393230">
						<ele>205</ele>
						<time>2026-05-18T16:05:37Z</time>
					</trkpt>
					<trkpt lat="44.133210" lon="1.392840">
						<ele>203</ele>
						<time>2026-05-18T16:05:43Z</time>
					</trkpt>
					<trkpt lat="44.133340" lon="1.391260">
						<ele>206</ele>
						<time>2026-05-18T16:06:03Z</time>
					</trkpt>
					<trkpt lat="44.133360" lon="1.390820">
						<ele>207</ele>
						<time>2026-05-18T16:06:08Z</time>
					</trkpt>
					<trkpt lat="44.133290" lon="1.389760">
						<ele>206</ele>
						<time>2026-05-18T16:06:22Z</time>
					</trkpt>
					<trkpt lat="44.133300" lon="1.389100">
						<ele>205</ele>
						<time>2026-05-18T16:06:30Z</time>
					</trkpt>
					<trkpt lat="44.133370" lon="1.388440">
						<ele>206</ele>
						<time>2026-05-18T16:06:39Z</time>
					</trkpt>
					<trkpt lat="44.133630" lon="1.386880">
						<ele>204</ele>
						<time>2026-05-18T16:06:59Z</time>
					</trkpt>
					<trkpt lat="44.133630" lon="1.386430">
						<ele>202</ele>
						<time>2026-05-18T16:07:05Z</time>
					</trkpt>
					<trkpt lat="44.133590" lon="1.386040">
						<ele>201</ele>
						<time>2026-05-18T16:07:10Z</time>
					</trkpt>
					<trkpt lat="44.133530" lon="1.385710">
						<ele>200</ele>
						<time>2026-05-18T16:07:15Z</time>
					</trkpt>
					<trkpt lat="44.133250" lon="1.384030">
						<ele>200</ele>
						<time>2026-05-18T16:07:37Z</time>
					</trkpt>
					<trkpt lat="44.133320" lon="1.382690">
						<ele>199</ele>
						<time>2026-05-18T16:07:54Z</time>
					</trkpt>
					<trkpt lat="44.133450" lon="1.379060">
						<ele>197</ele>
						<time>2026-05-18T16:08:40Z</time>
					</trkpt>
					<trkpt lat="44.133470" lon="1.378790">
						<ele>197</ele>
						<time>2026-05-18T16:08:44Z</time>
					</trkpt>
					<trkpt lat="44.133530" lon="1.377550">
						<ele>199</ele>
						<time>2026-05-18T16:09:00Z</time>
					</trkpt>
					<trkpt lat="44.133590" lon="1.376190">
						<ele>201</ele>
						<time>2026-05-18T16:09:17Z</time>
					</trkpt>
					<trkpt lat="44.133570" lon="1.375790">
						<ele>201</ele>
						<time>2026-05-18T16:09:22Z</time>
					</trkpt>
					<trkpt lat="44.133520" lon="1.375490">
						<ele>201</ele>
						<time>2026-05-18T16:09:26Z</time>
					</trkpt>
					<trkpt lat="44.133460" lon="1.375190">
						<ele>202</ele>
						<time>2026-05-18T16:09:30Z</time>
					</trkpt>
					<trkpt lat="44.132510" lon="1.371280">
						<ele>196</ele>
						<time>2026-05-18T16:10:23Z</time>
					</trkpt>
					<trkpt lat="44.132390" lon="1.370920">
						<ele>195</ele>
						<time>2026-05-18T16:10:28Z</time>
					</trkpt>
					<trkpt lat="44.132180" lon="1.370510">
						<ele>195</ele>
						<time>2026-05-18T16:10:34Z</time>
					</trkpt>
					<trkpt lat="44.131630" lon="1.369530">
						<ele>196</ele>
						<time>2026-05-18T16:10:50Z</time>
					</trkpt>
					<trkpt lat="44.129980" lon="1.366640">
						<ele>198</ele>
						<time>2026-05-18T16:11:37Z</time>
					</trkpt>
					<trkpt lat="44.129860" lon="1.366430">
						<ele>198</ele>
						<time>2026-05-18T16:11:41Z</time>
					</trkpt>
					<trkpt lat="44.128870" lon="1.364780">
						<ele>201</ele>
						<time>2026-05-18T16:12:08Z</time>
					</trkpt>
					<trkpt lat="44.127910" lon="1.363240">
						<ele>198</ele>
						<time>2026-05-18T16:12:34Z</time>
					</trkpt>
					<trkpt lat="44.127430" lon="1.362490">
						<ele>193</ele>
						<time>2026-05-18T16:12:47Z</time>
					</trkpt>
					<trkpt lat="44.127420" lon="1.362430">
						<ele>193</ele>
						<time>2026-05-18T16:12:48Z</time>
					</trkpt>
					<trkpt lat="44.127420" lon="1.362320">
						<ele>192</ele>
						<time>2026-05-18T16:12:49Z</time>
					</trkpt>
					<trkpt lat="44.127270" lon="1.362290">
						<ele>193</ele>
						<time>2026-05-18T16:12:52Z</time>
					</trkpt>
					<trkpt lat="44.127330" lon="1.362360">
						<ele>193</ele>
						<time>2026-05-18T16:12:53Z</time>
					</trkpt>
					<trkpt lat="44.127430" lon="1.362490">
						<ele>193</ele>
						<time>2026-05-18T16:12:56Z</time>
					</trkpt>
					<trkpt lat="44.127420" lon="1.362430">
						<ele>193</ele>
						<time>2026-05-18T16:12:56Z</time>
					</trkpt>
					<trkpt lat="44.127420" lon="1.362320">
						<ele>192</ele>
						<time>2026-05-18T16:12:58Z</time>
					</trkpt>
					<trkpt lat="44.127270" lon="1.362290">
						<ele>193</ele>
						<time>2026-05-18T16:13:01Z</time>
					</trkpt>
					<trkpt lat="44.127200" lon="1.362260">
						<ele>193</ele>
						<time>2026-05-18T16:13:02Z</time>
					</trkpt>
					<trkpt lat="44.127100" lon="1.362180">
						<ele>193</ele>
						<time>2026-05-18T16:13:04Z</time>
					</trkpt>
					<trkpt lat="44.127010" lon="1.362080">
						<ele>193</ele>
						<time>2026-05-18T16:13:06Z</time>
					</trkpt>
					<trkpt lat="44.126770" lon="1.361740">
						<ele>193</ele>
						<time>2026-05-18T16:13:12Z</time>
					</trkpt>
					<trkpt lat="44.126380" lon="1.361230">
						<ele>192</ele>
						<time>2026-05-18T16:13:22Z</time>
					</trkpt>
					<trkpt lat="44.126260" lon="1.361080">
						<ele>192</ele>
						<time>2026-05-18T16:13:24Z</time>
					</trkpt>
					<trkpt lat="44.126140" lon="1.360830">
						<ele>192</ele>
						<time>2026-05-18T16:13:28Z</time>
					</trkpt>
					<trkpt lat="44.126060" lon="1.360520">
						<ele>192</ele>
						<time>2026-05-18T16:13:33Z</time>
					</trkpt>
					<trkpt lat="44.125870" lon="1.359680">
						<ele>190</ele>
						<time>2026-05-18T16:13:44Z</time>
					</trkpt>
					<trkpt lat="44.125800" lon="1.359400">
						<ele>189</ele>
						<time>2026-05-18T16:13:48Z</time>
					</trkpt>
					<trkpt lat="44.125570" lon="1.358910">
						<ele>187</ele>
						<time>2026-05-18T16:13:55Z</time>
					</trkpt>
					<trkpt lat="44.125150" lon="1.358140">
						<ele>187</ele>
						<time>2026-05-18T16:14:07Z</time>
					</trkpt>
					<trkpt lat="44.125000" lon="1.357790">
						<ele>188</ele>
						<time>2026-05-18T16:14:13Z</time>
					</trkpt>
					<trkpt lat="44.124880" lon="1.357440">
						<ele>189</ele>
						<time>2026-05-18T16:14:18Z</time>
					</trkpt>
					<trkpt lat="44.124870" lon="1.357360">
						<ele>189</ele>
						<time>2026-05-18T16:14:19Z</time>
					</trkpt>
					<trkpt lat="44.124640" lon="1.356470">
						<ele>190</ele>
						<time>2026-05-18T16:14:31Z</time>
					</trkpt>
					<trkpt lat="44.124500" lon="1.355840">
						<ele>188</ele>
						<time>2026-05-18T16:14:39Z</time>
					</trkpt>
					<trkpt lat="44.124430" lon="1.355500">
						<ele>187</ele>
						<time>2026-05-18T16:14:44Z</time>
					</trkpt>
					<trkpt lat="44.124450" lon="1.355470">
						<ele>187</ele>
						<time>2026-05-18T16:14:44Z</time>
					</trkpt>
					<trkpt lat="44.124480" lon="1.355420">
						<ele>188</ele>
						<time>2026-05-18T16:14:45Z</time>
					</trkpt>
					<trkpt lat="44.124510" lon="1.355320">
						<ele>188</ele>
						<time>2026-05-18T16:14:46Z</time>
					</trkpt>
					<trkpt lat="44.124530" lon="1.355230">
						<ele>188</ele>
						<time>2026-05-18T16:14:48Z</time>
					</trkpt>
					<trkpt lat="44.124520" lon="1.355180">
						<ele>187</ele>
						<time>2026-05-18T16:14:48Z</time>
					</trkpt>
					<trkpt lat="44.124500" lon="1.355140">
						<ele>187</ele>
						<time>2026-05-18T16:14:49Z</time>
					</trkpt>
					<trkpt lat="44.124500" lon="1.354960">
						<ele>187</ele>
						<time>2026-05-18T16:14:51Z</time>
					</trkpt>
					<trkpt lat="44.124510" lon="1.354500">
						<ele>189</ele>
						<time>2026-05-18T16:14:57Z</time>
					</trkpt>
					<trkpt lat="44.124530" lon="1.353950">
						<ele>190</ele>
						<time>2026-05-18T16:15:04Z</time>
					</trkpt>
					<trkpt lat="44.124540" lon="1.353910">
						<ele>190</ele>
						<time>2026-05-18T16:15:05Z</time>
					</trkpt>
					<trkpt lat="44.124550" lon="1.353670">
						<ele>190</ele>
						<time>2026-05-18T16:15:08Z</time>
					</trkpt>
					<trkpt lat="44.124570" lon="1.353180">
						<ele>191</ele>
						<time>2026-05-18T16:15:14Z</time>
					</trkpt>
					<trkpt lat="44.124570" lon="1.352850">
						<ele>192</ele>
						<time>2026-05-18T16:15:18Z</time>
					</trkpt>
					<trkpt lat="44.124540" lon="1.352640">
						<ele>193</ele>
						<time>2026-05-18T16:15:21Z</time>
					</trkpt>
					<trkpt lat="44.124520" lon="1.352540">
						<ele>193</ele>
						<time>2026-05-18T16:15:22Z</time>
					</trkpt>
					<trkpt lat="44.124460" lon="1.352340">
						<ele>194</ele>
						<time>2026-05-18T16:15:25Z</time>
					</trkpt>
					<trkpt lat="44.124420" lon="1.352240">
						<ele>194</ele>
						<time>2026-05-18T16:15:26Z</time>
					</trkpt>
					<trkpt lat="44.123780" lon="1.350940">
						<ele>194</ele>
						<time>2026-05-18T16:15:47Z</time>
					</trkpt>
					<trkpt lat="44.123540" lon="1.350440">
						<ele>193</ele>
						<time>2026-05-18T16:15:54Z</time>
					</trkpt>
					<trkpt lat="44.123040" lon="1.349410">
						<ele>193</ele>
						<time>2026-05-18T16:16:10Z</time>
					</trkpt>
					<trkpt lat="44.122990" lon="1.349240">
						<ele>193</ele>
						<time>2026-05-18T16:16:12Z</time>
					</trkpt>
					<trkpt lat="44.122960" lon="1.349170">
						<ele>194</ele>
						<time>2026-05-18T16:16:14Z</time>
					</trkpt>
					<trkpt lat="44.122910" lon="1.349110">
						<ele>193</ele>
						<time>2026-05-18T16:16:15Z</time>
					</trkpt>
					<trkpt lat="44.122830" lon="1.349020">
						<ele>193</ele>
						<time>2026-05-18T16:16:17Z</time>
					</trkpt>
					<trkpt lat="44.122790" lon="1.348970">
						<ele>193</ele>
						<time>2026-05-18T16:16:17Z</time>
					</trkpt>
					<trkpt lat="44.122780" lon="1.348950">
						<ele>193</ele>
						<time>2026-05-18T16:16:18Z</time>
					</trkpt>
					<trkpt lat="44.122680" lon="1.348840">
						<ele>193</ele>
						<time>2026-05-18T16:16:20Z</time>
					</trkpt>
					<trkpt lat="44.122590" lon="1.348770">
						<ele>193</ele>
						<time>2026-05-18T16:16:22Z</time>
					</trkpt>
					<trkpt lat="44.122480" lon="1.348710">
						<ele>193</ele>
						<time>2026-05-18T16:16:24Z</time>
					</trkpt>
					<trkpt lat="44.122350" lon="1.348650">
						<ele>193</ele>
						<time>2026-05-18T16:16:26Z</time>
					</trkpt>
					<trkpt lat="44.122190" lon="1.348610">
						<ele>193</ele>
						<time>2026-05-18T16:16:29Z</time>
					</trkpt>
					<trkpt lat="44.121860" lon="1.348540">
						<ele>192</ele>
						<time>2026-05-18T16:16:35Z</time>
					</trkpt>
					<trkpt lat="44.121830" lon="1.348520">
						<ele>192</ele>
						<time>2026-05-18T16:16:36Z</time>
					</trkpt>
					<trkpt lat="44.121810" lon="1.348490">
						<ele>192</ele>
						<time>2026-05-18T16:16:36Z</time>
					</trkpt>
					<trkpt lat="44.121800" lon="1.348420">
						<ele>192</ele>
						<time>2026-05-18T16:16:37Z</time>
					</trkpt>
					<trkpt lat="44.121810" lon="1.348370">
						<ele>192</ele>
						<time>2026-05-18T16:16:38Z</time>
					</trkpt>
					<trkpt lat="44.121830" lon="1.348310">
						<ele>192</ele>
						<time>2026-05-18T16:16:39Z</time>
					</trkpt>
					<trkpt lat="44.122140" lon="1.347680">
						<ele>191</ele>
						<time>2026-05-18T16:16:49Z</time>
					</trkpt>
					<trkpt lat="44.122240" lon="1.347420">
						<ele>191</ele>
						<time>2026-05-18T16:16:52Z</time>
					</trkpt>
					<trkpt lat="44.122300" lon="1.347230">
						<ele>191</ele>
						<time>2026-05-18T16:16:55Z</time>
					</trkpt>
					<trkpt lat="44.122340" lon="1.347010">
						<ele>191</ele>
						<time>2026-05-18T16:16:58Z</time>
					</trkpt>
					<trkpt lat="44.122380" lon="1.346780">
						<ele>191</ele>
						<time>2026-05-18T16:17:01Z</time>
					</trkpt>
					<trkpt lat="44.122600" lon="1.345230">
						<ele>194</ele>
						<time>2026-05-18T16:17:21Z</time>
					</trkpt>
					<trkpt lat="44.122640" lon="1.344980">
						<ele>194</ele>
						<time>2026-05-18T16:17:24Z</time>
					</trkpt>
					<trkpt lat="44.122700" lon="1.344720">
						<ele>193</ele>
						<time>2026-05-18T16:17:28Z</time>
					</trkpt>
					<trkpt lat="44.122760" lon="1.344560">
						<ele>193</ele>
						<time>2026-05-18T16:17:30Z</time>
					</trkpt>
					<trkpt lat="44.122850" lon="1.344340">
						<ele>192</ele>
						<time>2026-05-18T16:17:33Z</time>
					</trkpt>
					<trkpt lat="44.123200" lon="1.343590">
						<ele>193</ele>
						<time>2026-05-18T16:17:45Z</time>
					</trkpt>
					<trkpt lat="44.123360" lon="1.343250">
						<ele>194</ele>
						<time>2026-05-18T16:17:50Z</time>
					</trkpt>
					<trkpt lat="44.123870" lon="1.342130">
						<ele>196</ele>
						<time>2026-05-18T16:18:07Z</time>
					</trkpt>
					<trkpt lat="44.123930" lon="1.341930">
						<ele>196</ele>
						<time>2026-05-18T16:18:10Z</time>
					</trkpt>
					<trkpt lat="44.123950" lon="1.341760">
						<ele>196</ele>
						<time>2026-05-18T16:18:12Z</time>
					</trkpt>
					<trkpt lat="44.124010" lon="1.341760">
						<ele>197</ele>
						<time>2026-05-18T16:18:13Z</time>
					</trkpt>
					<trkpt lat="44.124060" lon="1.341740">
						<ele>197</ele>
						<time>2026-05-18T16:18:14Z</time>
					</trkpt>
					<trkpt lat="44.124090" lon="1.341700">
						<ele>197</ele>
						<time>2026-05-18T16:18:15Z</time>
					</trkpt>
					<trkpt lat="44.124110" lon="1.341640">
						<ele>197</ele>
						<time>2026-05-18T16:18:15Z</time>
					</trkpt>
					<trkpt lat="44.124300" lon="1.341310">
						<ele>196</ele>
						<time>2026-05-18T16:18:21Z</time>
					</trkpt>
					<trkpt lat="44.124430" lon="1.341140">
						<ele>196</ele>
						<time>2026-05-18T16:18:24Z</time>
					</trkpt>
					<trkpt lat="44.124570" lon="1.340980">
						<ele>195</ele>
						<time>2026-05-18T16:18:27Z</time>
					</trkpt>
					<trkpt lat="44.124680" lon="1.340880">
						<ele>194</ele>
						<time>2026-05-18T16:18:30Z</time>
					</trkpt>
					<trkpt lat="44.128220" lon="1.337830">
						<ele>188</ele>
						<time>2026-05-18T16:19:44Z</time>
					</trkpt>
					<trkpt lat="44.128880" lon="1.337410">
						<ele>191</ele>
						<time>2026-05-18T16:19:57Z</time>
					</trkpt>
					<trkpt lat="44.129100" lon="1.337290">
						<ele>191</ele>
						<time>2026-05-18T16:20:01Z</time>
					</trkpt>
					<trkpt lat="44.130760" lon="1.336530">
						<ele>190</ele>
						<time>2026-05-18T16:20:32Z</time>
					</trkpt>
					<trkpt lat="44.130940" lon="1.336430">
						<ele>189</ele>
						<time>2026-05-18T16:20:35Z</time>
					</trkpt>
					<trkpt lat="44.131030" lon="1.336380">
						<ele>189</ele>
						<time>2026-05-18T16:20:37Z</time>
					</trkpt>
					<trkpt lat="44.131610" lon="1.335940">
						<ele>188</ele>
						<time>2026-05-18T16:20:49Z</time>
					</trkpt>
					<trkpt lat="44.131940" lon="1.335680">
						<ele>188</ele>
						<time>2026-05-18T16:20:56Z</time>
					</trkpt>
					<trkpt lat="44.132340" lon="1.335290">
						<ele>188</ele>
						<time>2026-05-18T16:21:04Z</time>
					</trkpt>
					<trkpt lat="44.133420" lon="1.333640">
						<ele>187</ele>
						<time>2026-05-18T16:21:33Z</time>
					</trkpt>
					<trkpt lat="44.133600" lon="1.333420">
						<ele>187</ele>
						<time>2026-05-18T16:21:37Z</time>
					</trkpt>
					<trkpt lat="44.134720" lon="1.332140">
						<ele>188</ele>
						<time>2026-05-18T16:22:03Z</time>
					</trkpt>
					<trkpt lat="44.134890" lon="1.331920">
						<ele>189</ele>
						<time>2026-05-18T16:22:07Z</time>
					</trkpt>
					<trkpt lat="44.135040" lon="1.331660">
						<ele>190</ele>
						<time>2026-05-18T16:22:11Z</time>
					</trkpt>
					<trkpt lat="44.135780" lon="1.329790">
						<ele>190</ele>
						<time>2026-05-18T16:22:38Z</time>
					</trkpt>
					<trkpt lat="44.135980" lon="1.329420">
						<ele>190</ele>
						<time>2026-05-18T16:22:44Z</time>
					</trkpt>
					<trkpt lat="44.137230" lon="1.327480">
						<ele>186</ele>
						<time>2026-05-18T16:23:18Z</time>
					</trkpt>
					<trkpt lat="44.137420" lon="1.327190">
						<ele>188</ele>
						<time>2026-05-18T16:23:23Z</time>
					</trkpt>
					<trkpt lat="44.137570" lon="1.327030">
						<ele>189</ele>
						<time>2026-05-18T16:23:26Z</time>
					</trkpt>
					<trkpt lat="44.137760" lon="1.326890">
						<ele>189</ele>
						<time>2026-05-18T16:23:30Z</time>
					</trkpt>
					<trkpt lat="44.139340" lon="1.326250">
						<ele>189</ele>
						<time>2026-05-18T16:23:59Z</time>
					</trkpt>
					<trkpt lat="44.139740" lon="1.326020">
						<ele>190</ele>
						<time>2026-05-18T16:24:07Z</time>
					</trkpt>
					<trkpt lat="44.140120" lon="1.325720">
						<ele>191</ele>
						<time>2026-05-18T16:24:15Z</time>
					</trkpt>
					<trkpt lat="44.140530" lon="1.325240">
						<ele>190</ele>
						<time>2026-05-18T16:24:24Z</time>
					</trkpt>
					<trkpt lat="44.140640" lon="1.324980">
						<ele>190</ele>
						<time>2026-05-18T16:24:28Z</time>
					</trkpt>
					<trkpt lat="44.140890" lon="1.324320">
						<ele>189</ele>
						<time>2026-05-18T16:24:37Z</time>
					</trkpt>
					<trkpt lat="44.141200" lon="1.323540">
						<ele>189</ele>
						<time>2026-05-18T16:24:49Z</time>
					</trkpt>
					<trkpt lat="44.141310" lon="1.323190">
						<ele>189</ele>
						<time>2026-05-18T16:24:54Z</time>
					</trkpt>
					<trkpt lat="44.141360" lon="1.322120">
						<ele>187</ele>
						<time>2026-05-18T16:25:07Z</time>
					</trkpt>
					<trkpt lat="44.141290" lon="1.320800">
						<ele>185</ele>
						<time>2026-05-18T16:25:24Z</time>
					</trkpt>
					<trkpt lat="44.141400" lon="1.319320">
						<ele>188</ele>
						<time>2026-05-18T16:25:43Z</time>
					</trkpt>
					<trkpt lat="44.141480" lon="1.318910">
						<ele>188</ele>
						<time>2026-05-18T16:25:49Z</time>
					</trkpt>
					<trkpt lat="44.142250" lon="1.317050">
						<ele>189</ele>
						<time>2026-05-18T16:26:16Z</time>
					</trkpt>
					<trkpt lat="44.142390" lon="1.316710">
						<ele>191</ele>
						<time>2026-05-18T16:26:21Z</time>
					</trkpt>
					<trkpt lat="44.142550" lon="1.316360">
						<ele>192</ele>
						<time>2026-05-18T16:26:26Z</time>
					</trkpt>
					<trkpt lat="44.142720" lon="1.316030">
						<ele>191</ele>
						<time>2026-05-18T16:26:32Z</time>
					</trkpt>
					<trkpt lat="44.143040" lon="1.315480">
						<ele>189</ele>
						<time>2026-05-18T16:26:41Z</time>
					</trkpt>
					<trkpt lat="44.143630" lon="1.314580">
						<ele>186</ele>
						<time>2026-05-18T16:26:56Z</time>
					</trkpt>
					<trkpt lat="44.143670" lon="1.314610">
						<ele>187</ele>
						<time>2026-05-18T16:26:57Z</time>
					</trkpt>
					<trkpt lat="44.144110" lon="1.314810">
						<ele>188</ele>
						<time>2026-05-18T16:27:05Z</time>
					</trkpt>
					<trkpt lat="44.144310" lon="1.314870">
						<ele>188</ele>
						<time>2026-05-18T16:27:09Z</time>
					</trkpt>
					<trkpt lat="44.144630" lon="1.314840">
						<ele>189</ele>
						<time>2026-05-18T16:27:15Z</time>
					</trkpt>
					<trkpt lat="44.146280" lon="1.314780">
						<ele>185</ele>
						<time>2026-05-18T16:27:44Z</time>
					</trkpt>
					<trkpt lat="44.146770" lon="1.314690">
						<ele>183</ele>
						<time>2026-05-18T16:27:53Z</time>
					</trkpt>
					<trkpt lat="44.149190" lon="1.313850">
						<ele>179</ele>
						<time>2026-05-18T16:28:37Z</time>
					</trkpt>
					<trkpt lat="44.150490" lon="1.313150">
						<ele>174</ele>
						<time>2026-05-18T16:29:02Z</time>
					</trkpt>
					<trkpt lat="44.150740" lon="1.313120">
						<ele>175</ele>
						<time>2026-05-18T16:29:06Z</time>
					</trkpt>
					<trkpt lat="44.151140" lon="1.313050">
						<ele>176</ele>
						<time>2026-05-18T16:29:14Z</time>
					</trkpt>
					<trkpt lat="44.151330" lon="1.313080">
						<ele>177</ele>
						<time>2026-05-18T16:29:17Z</time>
					</trkpt>
					<trkpt lat="44.151510" lon="1.313220">
						<ele>177</ele>
						<time>2026-05-18T16:29:21Z</time>
					</trkpt>
					<trkpt lat="44.151880" lon="1.313820">
						<ele>178</ele>
						<time>2026-05-18T16:29:31Z</time>
					</trkpt>
					<trkpt lat="44.153060" lon="1.315780">
						<ele>184</ele>
						<time>2026-05-18T16:30:03Z</time>
					</trkpt>
					<trkpt lat="44.153230" lon="1.316150">
						<ele>183</ele>
						<time>2026-05-18T16:30:09Z</time>
					</trkpt>
					<trkpt lat="44.153730" lon="1.317180">
						<ele>180</ele>
						<time>2026-05-18T16:30:25Z</time>
					</trkpt>
					<trkpt lat="44.153730" lon="1.317200">
						<ele>180</ele>
						<time>2026-05-18T16:30:25Z</time>
					</trkpt>
					<trkpt lat="44.154120" lon="1.318010">
						<ele>183</ele>
						<time>2026-05-18T16:30:38Z</time>
					</trkpt>
					<trkpt lat="44.154240" lon="1.318240">
						<ele>184</ele>
						<time>2026-05-18T16:30:41Z</time>
					</trkpt>
					<trkpt lat="44.154580" lon="1.317870">
						<ele>182</ele>
						<time>2026-05-18T16:30:49Z</time>
					</trkpt>
					<trkpt lat="44.154660" lon="1.317790">
						<ele>181</ele>
						<time>2026-05-18T16:30:51Z</time>
					</trkpt>
					<trkpt lat="44.154580" lon="1.317870">
						<ele>182</ele>
						<time>2026-05-18T16:30:52Z</time>
					</trkpt>
					<trkpt lat="44.154240" lon="1.318240">
						<ele>184</ele>
						<time>2026-05-18T16:31:00Z</time>
					</trkpt>
					<trkpt lat="44.154360" lon="1.318490">
						<ele>183</ele>
						<time>2026-05-18T16:31:04Z</time>
					</trkpt>
					<trkpt lat="44.154540" lon="1.318850">
						<ele>181</ele>
						<time>2026-05-18T16:31:10Z</time>
					</trkpt>
					<trkpt lat="44.154630" lon="1.319050">
						<ele>180</ele>
						<time>2026-05-18T16:31:13Z</time>
					</trkpt>
					<trkpt lat="44.154770" lon="1.319410">
						<ele>179</ele>
						<time>2026-05-18T16:31:18Z</time>
					</trkpt>
					<trkpt lat="44.154800" lon="1.319500">
						<ele>180</ele>
						<time>2026-05-18T16:31:19Z</time>
					</trkpt>
					<trkpt lat="44.154880" lon="1.319780">
						<ele>180</ele>
						<time>2026-05-18T16:31:23Z</time>
					</trkpt>
					<trkpt lat="44.154930" lon="1.320010">
						<ele>181</ele>
						<time>2026-05-18T16:31:26Z</time>
					</trkpt>
					<trkpt lat="44.154950" lon="1.320100">
						<ele>181</ele>
						<time>2026-05-18T16:31:27Z</time>
					</trkpt>
					<trkpt lat="44.154970" lon="1.320200">
						<ele>181</ele>
						<time>2026-05-18T16:31:29Z</time>
					</trkpt>
					<trkpt lat="44.155080" lon="1.320760">
						<ele>180</ele>
						<time>2026-05-18T16:31:36Z</time>
					</trkpt>
					<trkpt lat="44.155190" lon="1.321270">
						<ele>181</ele>
						<time>2026-05-18T16:31:43Z</time>
					</trkpt>
					<trkpt lat="44.155200" lon="1.321320">
						<ele>181</ele>
						<time>2026-05-18T16:31:43Z</time>
					</trkpt>
					<trkpt lat="44.155220" lon="1.321410">
						<ele>181</ele>
						<time>2026-05-18T16:31:45Z</time>
					</trkpt>
					<trkpt lat="44.155250" lon="1.321550">
						<ele>181</ele>
						<time>2026-05-18T16:31:46Z</time>
					</trkpt>
					<trkpt lat="44.155310" lon="1.321890">
						<ele>182</ele>
						<time>2026-05-18T16:31:51Z</time>
					</trkpt>
					<trkpt lat="44.155350" lon="1.322300">
						<ele>182</ele>
						<time>2026-05-18T16:31:56Z</time>
					</trkpt>
					<trkpt lat="44.155370" lon="1.322540">
						<ele>182</ele>
						<time>2026-05-18T16:31:59Z</time>
					</trkpt>
					<trkpt lat="44.155390" lon="1.322870">
						<ele>182</ele>
						<time>2026-05-18T16:32:04Z</time>
					</trkpt>
					<trkpt lat="44.155390" lon="1.322910">
						<ele>182</ele>
						<time>2026-05-18T16:32:04Z</time>
					</trkpt>
					<trkpt lat="44.155410" lon="1.323300">
						<ele>182</ele>
						<time>2026-05-18T16:32:09Z</time>
					</trkpt>
					<trkpt lat="44.155430" lon="1.323490">
						<ele>182</ele>
						<time>2026-05-18T16:32:12Z</time>
					</trkpt>
					<trkpt lat="44.155470" lon="1.323690">
						<ele>182</ele>
						<time>2026-05-18T16:32:14Z</time>
					</trkpt>
					<trkpt lat="44.155540" lon="1.323900">
						<ele>182</ele>
						<time>2026-05-18T16:32:17Z</time>
					</trkpt>
					<trkpt lat="44.155710" lon="1.324280">
						<ele>182</ele>
						<time>2026-05-18T16:32:23Z</time>
					</trkpt>
					<trkpt lat="44.155830" lon="1.324500">
						<ele>182</ele>
						<time>2026-05-18T16:32:26Z</time>
					</trkpt>
					<trkpt lat="44.155910" lon="1.324630">
						<ele>181</ele>
						<time>2026-05-18T16:32:29Z</time>
					</trkpt>
					<trkpt lat="44.156140" lon="1.324880">
						<ele>179</ele>
						<time>2026-05-18T16:32:34Z</time>
					</trkpt>
					<trkpt lat="44.156430" lon="1.325150">
						<ele>176</ele>
						<time>2026-05-18T16:32:40Z</time>
					</trkpt>
					<trkpt lat="44.156720" lon="1.325300">
						<ele>174</ele>
						<time>2026-05-18T16:32:45Z</time>
					</trkpt>
					<trkpt lat="44.157040" lon="1.325420">
						<ele>172</ele>
						<time>2026-05-18T16:32:51Z</time>
					</trkpt>
					<trkpt lat="44.157710" lon="1.325650">
						<ele>172</ele>
						<time>2026-05-18T16:33:04Z</time>
					</trkpt>
					<trkpt lat="44.157990" lon="1.325790">
						<ele>173</ele>
						<time>2026-05-18T16:33:09Z</time>
					</trkpt>
					<trkpt lat="44.158440" lon="1.326020">
						<ele>172</ele>
						<time>2026-05-18T16:33:17Z</time>
					</trkpt>
					<trkpt lat="44.158960" lon="1.326320">
						<ele>169</ele>
						<time>2026-05-18T16:33:27Z</time>
					</trkpt>
					<trkpt lat="44.159090" lon="1.326470">
						<ele>168</ele>
						<time>2026-05-18T16:33:30Z</time>
					</trkpt>
					<trkpt lat="44.159130" lon="1.326640">
						<ele>167</ele>
						<time>2026-05-18T16:33:33Z</time>
					</trkpt>
					<trkpt lat="44.159150" lon="1.326830">
						<ele>166</ele>
						<time>2026-05-18T16:33:35Z</time>
					</trkpt>
					<trkpt lat="44.159030" lon="1.327160">
						<ele>166</ele>
						<time>2026-05-18T16:33:40Z</time>
					</trkpt>
					<trkpt lat="44.158970" lon="1.327360">
						<ele>165</ele>
						<time>2026-05-18T16:33:43Z</time>
					</trkpt>
					<trkpt lat="44.158990" lon="1.327520">
						<ele>164</ele>
						<time>2026-05-18T16:33:45Z</time>
					</trkpt>
					<trkpt lat="44.159080" lon="1.327700">
						<ele>163</ele>
						<time>2026-05-18T16:33:48Z</time>
					</trkpt>
					<trkpt lat="44.159640" lon="1.328200">
						<ele>161</ele>
						<time>2026-05-18T16:33:59Z</time>
					</trkpt>
					<trkpt lat="44.160170" lon="1.329100">
						<ele>152</ele>
						<time>2026-05-18T16:34:14Z</time>
					</trkpt>
					<trkpt lat="44.160330" lon="1.329260">
						<ele>150</ele>
						<time>2026-05-18T16:34:18Z</time>
					</trkpt>
					<trkpt lat="44.160520" lon="1.329330">
						<ele>149</ele>
						<time>2026-05-18T16:34:21Z</time>
					</trkpt>
					<trkpt lat="44.160730" lon="1.329290">
						<ele>148</ele>
						<time>2026-05-18T16:34:25Z</time>
					</trkpt>
					<trkpt lat="44.161080" lon="1.329170">
						<ele>147</ele>
						<time>2026-05-18T16:34:31Z</time>
					</trkpt>
					<trkpt lat="44.161340" lon="1.329160">
						<ele>146</ele>
						<time>2026-05-18T16:34:36Z</time>
					</trkpt>
					<trkpt lat="44.163120" lon="1.329600">
						<ele>130</ele>
						<time>2026-05-18T16:35:08Z</time>
					</trkpt>
					<trkpt lat="44.163270" lon="1.329700">
						<ele>129</ele>
						<time>2026-05-18T16:35:11Z</time>
					</trkpt>
					<trkpt lat="44.163360" lon="1.329830">
						<ele>128</ele>
						<time>2026-05-18T16:35:13Z</time>
					</trkpt>
					<trkpt lat="44.163420" lon="1.329930">
						<ele>128</ele>
						<time>2026-05-18T16:35:15Z</time>
					</trkpt>
					<trkpt lat="44.163470" lon="1.330140">
						<ele>128</ele>
						<time>2026-05-18T16:35:18Z</time>
					</trkpt>
					<trkpt lat="44.163470" lon="1.330380">
						<ele>127</ele>
						<time>2026-05-18T16:35:21Z</time>
					</trkpt>
					<trkpt lat="44.163410" lon="1.331200">
						<ele>124</ele>
						<time>2026-05-18T16:35:32Z</time>
					</trkpt>
					<trkpt lat="44.163380" lon="1.331550">
						<ele>123</ele>
						<time>2026-05-18T16:35:36Z</time>
					</trkpt>
					<trkpt lat="44.163310" lon="1.332820">
						<ele>116</ele>
						<time>2026-05-18T16:35:52Z</time>
					</trkpt>
					<trkpt lat="44.163330" lon="1.333060">
						<ele>114</ele>
						<time>2026-05-18T16:35:55Z</time>
					</trkpt>
					<trkpt lat="44.163400" lon="1.333260">
						<ele>112</ele>
						<time>2026-05-18T16:35:58Z</time>
					</trkpt>
					<trkpt lat="44.163930" lon="1.333600">
						<ele>109</ele>
						<time>2026-05-18T16:36:09Z</time>
					</trkpt>
					<trkpt lat="44.164430" lon="1.333350">
						<ele>108</ele>
						<time>2026-05-18T16:36:18Z</time>
					</trkpt>
					<trkpt lat="44.164650" lon="1.333290">
						<ele>108</ele>
						<time>2026-05-18T16:36:22Z</time>
					</trkpt>
					<trkpt lat="44.167210" lon="1.332590">
						<ele>109</ele>
						<time>2026-05-18T16:37:08Z</time>
					</trkpt>
					<trkpt lat="44.169000" lon="1.332100">
						<ele>102</ele>
						<time>2026-05-18T16:37:41Z</time>
					</trkpt>
					<trkpt lat="44.169210" lon="1.331960">
						<ele>101</ele>
						<time>2026-05-18T16:37:45Z</time>
					</trkpt>
					<trkpt lat="44.169710" lon="1.331620">
						<ele>100</ele>
						<time>2026-05-18T16:37:55Z</time>
					</trkpt>
					<trkpt lat="44.171290" lon="1.330570">
						<ele>101</ele>
						<time>2026-05-18T16:38:26Z</time>
					</trkpt>
					<trkpt lat="44.171370" lon="1.330660">
						<ele>101</ele>
						<time>2026-05-18T16:38:28Z</time>
					</trkpt>
					<trkpt lat="44.171560" lon="1.330900">
						<ele>102</ele>
						<time>2026-05-18T16:38:33Z</time>
					</trkpt>
					<trkpt lat="44.172030" lon="1.331490">
						<ele>101</ele>
						<time>2026-05-18T16:38:44Z</time>
					</trkpt>
					<trkpt lat="44.172220" lon="1.331130">
						<ele>100</ele>
						<time>2026-05-18T16:38:49Z</time>
					</trkpt>
					<trkpt lat="44.172320" lon="1.330910">
						<ele>100</ele>
						<time>2026-05-18T16:38:53Z</time>
					</trkpt>
					<trkpt lat="44.173440" lon="1.328660">
						<ele>102</ele>
						<time>2026-05-18T16:39:28Z</time>
					</trkpt>
					<trkpt lat="44.174140" lon="1.327250">
						<ele>106</ele>
						<time>2026-05-18T16:39:50Z</time>
					</trkpt>
					<trkpt lat="44.175500" lon="1.324500">
						<ele>111</ele>
						<time>2026-05-18T16:40:32Z</time>
					</trkpt>
					<trkpt lat="44.175860" lon="1.323760">
						<ele>111</ele>
						<time>2026-05-18T16:40:44Z</time>
					</trkpt>
					<trkpt lat="44.176550" lon="1.322360">
						<ele>111</ele>
						<time>2026-05-18T16:41:05Z</time>
					</trkpt>
					<trkpt lat="44.176580" lon="1.322310">
						<ele>111</ele>
						<time>2026-05-18T16:41:06Z</time>
					</trkpt>
					<trkpt lat="44.177000" lon="1.321460">
						<ele>111</ele>
						<time>2026-05-18T16:41:19Z</time>
					</trkpt>
					<trkpt lat="44.177260" lon="1.320940">
						<ele>111</ele>
						<time>2026-05-18T16:41:27Z</time>
					</trkpt>
					<trkpt lat="44.177280" lon="1.320900">
						<ele>111</ele>
						<time>2026-05-18T16:41:28Z</time>
					</trkpt>
					<trkpt lat="44.177850" lon="1.319730">
						<ele>113</ele>
						<time>2026-05-18T16:41:46Z</time>
					</trkpt>
					<trkpt lat="44.179800" lon="1.315810">
						<ele>122</ele>
						<time>2026-05-18T16:42:47Z</time>
					</trkpt>
					<trkpt lat="44.179940" lon="1.315510">
						<ele>123</ele>
						<time>2026-05-18T16:42:52Z</time>
					</trkpt>
					<trkpt lat="44.180010" lon="1.315320">
						<ele>124</ele>
						<time>2026-05-18T16:42:54Z</time>
					</trkpt>
					<trkpt lat="44.180080" lon="1.315030">
						<ele>124</ele>
						<time>2026-05-18T16:42:58Z</time>
					</trkpt>
					<trkpt lat="44.180220" lon="1.314290">
						<ele>123</ele>
						<time>2026-05-18T16:43:08Z</time>
					</trkpt>
					<trkpt lat="44.180240" lon="1.314190">
						<ele>123</ele>
						<time>2026-05-18T16:43:09Z</time>
					</trkpt>
					<trkpt lat="44.180560" lon="1.312540">
						<ele>127</ele>
						<time>2026-05-18T16:43:31Z</time>
					</trkpt>
					<trkpt lat="44.180610" lon="1.312150">
						<ele>130</ele>
						<time>2026-05-18T16:43:36Z</time>
					</trkpt>
					<trkpt lat="44.180620" lon="1.311930">
						<ele>132</ele>
						<time>2026-05-18T16:43:39Z</time>
					</trkpt>
					<trkpt lat="44.180620" lon="1.311740">
						<ele>133</ele>
						<time>2026-05-18T16:43:41Z</time>
					</trkpt>
					<trkpt lat="44.180580" lon="1.311560">
						<ele>135</ele>
						<time>2026-05-18T16:43:44Z</time>
					</trkpt>
					<trkpt lat="44.180670" lon="1.311540">
						<ele>135</ele>
						<time>2026-05-18T16:43:45Z</time>
					</trkpt>
					<trkpt lat="44.180780" lon="1.311550">
						<ele>135</ele>
						<time>2026-05-18T16:43:47Z</time>
					</trkpt>
					<trkpt lat="44.180980" lon="1.311570">
						<ele>135</ele>
						<time>2026-05-18T16:43:51Z</time>
					</trkpt>
					<trkpt lat="44.181750" lon="1.311650">
						<ele>135</ele>
						<time>2026-05-18T16:44:05Z</time>
					</trkpt>
					<trkpt lat="44.181870" lon="1.311680">
						<ele>135</ele>
						<time>2026-05-18T16:44:07Z</time>
					</trkpt>
					<trkpt lat="44.181970" lon="1.311720">
						<ele>135</ele>
						<time>2026-05-18T16:44:09Z</time>
					</trkpt>
					<trkpt lat="44.182090" lon="1.311780">
						<ele>135</ele>
						<time>2026-05-18T16:44:11Z</time>
					</trkpt>
					<trkpt lat="44.182190" lon="1.311850">
						<ele>134</ele>
						<time>2026-05-18T16:44:13Z</time>
					</trkpt>
					<trkpt lat="44.182380" lon="1.311990">
						<ele>134</ele>
						<time>2026-05-18T16:44:17Z</time>
					</trkpt>
					<trkpt lat="44.182610" lon="1.312180">
						<ele>133</ele>
						<time>2026-05-18T16:44:22Z</time>
					</trkpt>
					<trkpt lat="44.182670" lon="1.312220">
						<ele>133</ele>
						<time>2026-05-18T16:44:23Z</time>
					</trkpt>
					<trkpt lat="44.182770" lon="1.312270">
						<ele>133</ele>
						<time>2026-05-18T16:44:25Z</time>
					</trkpt>
					<trkpt lat="44.182940" lon="1.312310">
						<ele>133</ele>
						<time>2026-05-18T16:44:28Z</time>
					</trkpt>
					<trkpt lat="44.183550" lon="1.312300">
						<ele>133</ele>
						<time>2026-05-18T16:44:39Z</time>
					</trkpt>
					<trkpt lat="44.183640" lon="1.312310">
						<ele>133</ele>
						<time>2026-05-18T16:44:40Z</time>
					</trkpt>
					<trkpt lat="44.183810" lon="1.312350">
						<ele>133</ele>
						<time>2026-05-18T16:44:43Z</time>
					</trkpt>
					<trkpt lat="44.183980" lon="1.312420">
						<ele>134</ele>
						<time>2026-05-18T16:44:46Z</time>
					</trkpt>
					<trkpt lat="44.185350" lon="1.313080">
						<ele>142</ele>
						<time>2026-05-18T16:45:12Z</time>
					</trkpt>
					<trkpt lat="44.185660" lon="1.313230">
						<ele>144</ele>
						<time>2026-05-18T16:45:18Z</time>
					</trkpt>
					<trkpt lat="44.185890" lon="1.313360">
						<ele>145</ele>
						<time>2026-05-18T16:45:22Z</time>
					</trkpt>
					<trkpt lat="44.186510" lon="1.313700">
						<ele>148</ele>
						<time>2026-05-18T16:45:34Z</time>
					</trkpt>
					<trkpt lat="44.186630" lon="1.313750">
						<ele>148</ele>
						<time>2026-05-18T16:45:36Z</time>
					</trkpt>
					<trkpt lat="44.186760" lon="1.313770">
						<ele>149</ele>
						<time>2026-05-18T16:45:39Z</time>
					</trkpt>
					<trkpt lat="44.186930" lon="1.313770">
						<ele>150</ele>
						<time>2026-05-18T16:45:42Z</time>
					</trkpt>
					<trkpt lat="44.187810" lon="1.313660">
						<ele>154</ele>
						<time>2026-05-18T16:45:58Z</time>
					</trkpt>
					<trkpt lat="44.187920" lon="1.313620">
						<ele>155</ele>
						<time>2026-05-18T16:46:00Z</time>
					</trkpt>
					<trkpt lat="44.188010" lon="1.313570">
						<ele>155</ele>
						<time>2026-05-18T16:46:01Z</time>
					</trkpt>
					<trkpt lat="44.188090" lon="1.313510">
						<ele>156</ele>
						<time>2026-05-18T16:46:03Z</time>
					</trkpt>
					<trkpt lat="44.188310" lon="1.313300">
						<ele>158</ele>
						<time>2026-05-18T16:46:08Z</time>
					</trkpt>
					<trkpt lat="44.188560" lon="1.312970">
						<ele>157</ele>
						<time>2026-05-18T16:46:14Z</time>
					</trkpt>
					<trkpt lat="44.188680" lon="1.312860">
						<ele>156</ele>
						<time>2026-05-18T16:46:16Z</time>
					</trkpt>
					<trkpt lat="44.189230" lon="1.312510">
						<ele>153</ele>
						<time>2026-05-18T16:46:27Z</time>
					</trkpt>
					<trkpt lat="44.189420" lon="1.312370">
						<ele>152</ele>
						<time>2026-05-18T16:46:31Z</time>
					</trkpt>
					<trkpt lat="44.189680" lon="1.312100">
						<ele>152</ele>
						<time>2026-05-18T16:46:37Z</time>
					</trkpt>
					<trkpt lat="44.189870" lon="1.311950">
						<ele>151</ele>
						<time>2026-05-18T16:46:41Z</time>
					</trkpt>
					<trkpt lat="44.190060" lon="1.311830">
						<ele>151</ele>
						<time>2026-05-18T16:46:44Z</time>
					</trkpt>
					<trkpt lat="44.190280" lon="1.311710">
						<ele>150</ele>
						<time>2026-05-18T16:46:48Z</time>
					</trkpt>
					<trkpt lat="44.190340" lon="1.311640">
						<ele>150</ele>
						<time>2026-05-18T16:46:50Z</time>
					</trkpt>
					<trkpt lat="44.190450" lon="1.311680">
						<ele>150</ele>
						<time>2026-05-18T16:46:52Z</time>
					</trkpt>
					<trkpt lat="44.190610" lon="1.311660">
						<ele>150</ele>
						<time>2026-05-18T16:46:55Z</time>
					</trkpt>
					<trkpt lat="44.190830" lon="1.311570">
						<ele>149</ele>
						<time>2026-05-18T16:46:59Z</time>
					</trkpt>
					<trkpt lat="44.191370" lon="1.311320">
						<ele>150</ele>
						<time>2026-05-18T16:47:09Z</time>
					</trkpt>
					<trkpt lat="44.191650" lon="1.311200">
						<ele>150</ele>
						<time>2026-05-18T16:47:14Z</time>
					</trkpt>
					<trkpt lat="44.191830" lon="1.311130">
						<ele>151</ele>
						<time>2026-05-18T16:47:17Z</time>
					</trkpt>
					<trkpt lat="44.192140" lon="1.311070">
						<ele>152</ele>
						<time>2026-05-18T16:47:23Z</time>
					</trkpt>
					<trkpt lat="44.192400" lon="1.311030">
						<ele>154</ele>
						<time>2026-05-18T16:47:28Z</time>
					</trkpt>
					<trkpt lat="44.192570" lon="1.311030">
						<ele>155</ele>
						<time>2026-05-18T16:47:31Z</time>
					</trkpt>
					<trkpt lat="44.192580" lon="1.310980">
						<ele>155</ele>
						<time>2026-05-18T16:47:31Z</time>
					</trkpt>
					<trkpt lat="44.192730" lon="1.310490">
						<ele>155</ele>
						<time>2026-05-18T16:47:38Z</time>
					</trkpt>
					<trkpt lat="44.192790" lon="1.310230">
						<ele>155</ele>
						<time>2026-05-18T16:47:42Z</time>
					</trkpt>
					<trkpt lat="44.192840" lon="1.309940">
						<ele>155</ele>
						<time>2026-05-18T16:47:45Z</time>
					</trkpt>
					<trkpt lat="44.192890" lon="1.309820">
						<ele>154</ele>
						<time>2026-05-18T16:47:47Z</time>
					</trkpt>
					<trkpt lat="44.192980" lon="1.309720">
						<ele>154</ele>
						<time>2026-05-18T16:47:49Z</time>
					</trkpt>
					<trkpt lat="44.193650" lon="1.309290">
						<ele>150</ele>
						<time>2026-05-18T16:48:02Z</time>
					</trkpt>
					<trkpt lat="44.193770" lon="1.309220">
						<ele>149</ele>
						<time>2026-05-18T16:48:05Z</time>
					</trkpt>
					<trkpt lat="44.193850" lon="1.309130">
						<ele>147</ele>
						<time>2026-05-18T16:48:07Z</time>
					</trkpt>
					<trkpt lat="44.193900" lon="1.309000">
						<ele>145</ele>
						<time>2026-05-18T16:48:08Z</time>
					</trkpt>
					<trkpt lat="44.193940" lon="1.308840">
						<ele>143</ele>
						<time>2026-05-18T16:48:11Z</time>
					</trkpt>
					<trkpt lat="44.193960" lon="1.308660">
						<ele>141</ele>
						<time>2026-05-18T16:48:13Z</time>
					</trkpt>
					<trkpt lat="44.194010" lon="1.308550">
						<ele>139</ele>
						<time>2026-05-18T16:48:15Z</time>
					</trkpt>
					<trkpt lat="44.194100" lon="1.308450">
						<ele>138</ele>
						<time>2026-05-18T16:48:17Z</time>
					</trkpt>
					<trkpt lat="44.194400" lon="1.308290">
						<ele>136</ele>
						<time>2026-05-18T16:48:22Z</time>
					</trkpt>
					<trkpt lat="44.194520" lon="1.308190">
						<ele>136</ele>
						<time>2026-05-18T16:48:25Z</time>
					</trkpt>
					<trkpt lat="44.194680" lon="1.308010">
						<ele>135</ele>
						<time>2026-05-18T16:48:29Z</time>
					</trkpt>
					<trkpt lat="44.194770" lon="1.307830">
						<ele>135</ele>
						<time>2026-05-18T16:48:31Z</time>
					</trkpt>
					<trkpt lat="44.194870" lon="1.307610">
						<ele>134</ele>
						<time>2026-05-18T16:48:35Z</time>
					</trkpt>
					<trkpt lat="44.195040" lon="1.306920">
						<ele>133</ele>
						<time>2026-05-18T16:48:44Z</time>
					</trkpt>
					<trkpt lat="44.195110" lon="1.306740">
						<ele>133</ele>
						<time>2026-05-18T16:48:47Z</time>
					</trkpt>
					<trkpt lat="44.195360" lon="1.306340">
						<ele>133</ele>
						<time>2026-05-18T16:48:53Z</time>
					</trkpt>
					<trkpt lat="44.195430" lon="1.306190">
						<ele>132</ele>
						<time>2026-05-18T16:48:56Z</time>
					</trkpt>
					<trkpt lat="44.195730" lon="1.305330">
						<ele>127</ele>
						<time>2026-05-18T16:49:08Z</time>
					</trkpt>
					<trkpt lat="44.195820" lon="1.305110">
						<ele>125</ele>
						<time>2026-05-18T16:49:11Z</time>
					</trkpt>
					<trkpt lat="44.196260" lon="1.304320">
						<ele>122</ele>
						<time>2026-05-18T16:49:24Z</time>
					</trkpt>
					<trkpt lat="44.196400" lon="1.304050">
						<ele>121</ele>
						<time>2026-05-18T16:49:28Z</time>
					</trkpt>
					<trkpt lat="44.196470" lon="1.303890">
						<ele>120</ele>
						<time>2026-05-18T16:49:30Z</time>
					</trkpt>
					<trkpt lat="44.196510" lon="1.303730">
						<ele>120</ele>
						<time>2026-05-18T16:49:33Z</time>
					</trkpt>
					<trkpt lat="44.196550" lon="1.303530">
						<ele>119</ele>
						<time>2026-05-18T16:49:35Z</time>
					</trkpt>
					<trkpt lat="44.196590" lon="1.303380">
						<ele>119</ele>
						<time>2026-05-18T16:49:37Z</time>
					</trkpt>
					<trkpt lat="44.196980" lon="1.302680">
						<ele>112</ele>
						<time>2026-05-18T16:49:49Z</time>
					</trkpt>
					<trkpt lat="44.197330" lon="1.301870">
						<ele>107</ele>
						<time>2026-05-18T16:50:01Z</time>
					</trkpt>
					<trkpt lat="44.197380" lon="1.301730">
						<ele>107</ele>
						<time>2026-05-18T16:50:03Z</time>
					</trkpt>
					<trkpt lat="44.197970" lon="1.301880">
						<ele>106</ele>
						<time>2026-05-18T16:50:13Z</time>
					</trkpt>
					<trkpt lat="44.198140" lon="1.301940">
						<ele>106</ele>
						<time>2026-05-18T16:50:16Z</time>
					</trkpt>
					<trkpt lat="44.198240" lon="1.302010">
						<ele>106</ele>
						<time>2026-05-18T16:50:18Z</time>
					</trkpt>
					<trkpt lat="44.198440" lon="1.302180">
						<ele>106</ele>
						<time>2026-05-18T16:50:23Z</time>
					</trkpt>
					<trkpt lat="44.198500" lon="1.302130">
						<ele>106</ele>
						<time>2026-05-18T16:50:24Z</time>
					</trkpt>
					<trkpt lat="44.199020" lon="1.301110">
						<ele>106</ele>
						<time>2026-05-18T16:50:40Z</time>
					</trkpt>
					<trkpt lat="44.199090" lon="1.300970">
						<ele>106</ele>
						<time>2026-05-18T16:50:42Z</time>
					</trkpt>
					<trkpt lat="44.199410" lon="1.300330">
						<ele>106</ele>
						<time>2026-05-18T16:50:52Z</time>
					</trkpt>
					<trkpt lat="44.199490" lon="1.300130">
						<ele>106</ele>
						<time>2026-05-18T16:50:55Z</time>
					</trkpt>
					<trkpt lat="44.199930" lon="1.300420">
						<ele>106</ele>
						<time>2026-05-18T16:51:04Z</time>
					</trkpt>
					<trkpt lat="44.200250" lon="1.300660">
						<ele>107</ele>
						<time>2026-05-18T16:51:10Z</time>
					</trkpt>
					<trkpt lat="44.200410" lon="1.300800">
						<ele>108</ele>
						<time>2026-05-18T16:51:13Z</time>
					</trkpt>
					<trkpt lat="44.200560" lon="1.300940">
						<ele>108</ele>
						<time>2026-05-18T16:51:17Z</time>
					</trkpt>
					<trkpt lat="44.201070" lon="1.301470">
						<ele>109</ele>
						<time>2026-05-18T16:51:28Z</time>
					</trkpt>
					<trkpt lat="44.202150" lon="1.302610">
						<ele>110</ele>
						<time>2026-05-18T16:51:52Z</time>
					</trkpt>
					<trkpt lat="44.202390" lon="1.302860">
						<ele>110</ele>
						<time>2026-05-18T16:51:57Z</time>
					</trkpt>
					<trkpt lat="44.202970" lon="1.303460">
						<ele>109</ele>
						<time>2026-05-18T16:52:10Z</time>
					</trkpt>
					<trkpt lat="44.203150" lon="1.303710">
						<ele>109</ele>
						<time>2026-05-18T16:52:15Z</time>
					</trkpt>
					<trkpt lat="44.203190" lon="1.303760">
						<ele>109</ele>
						<time>2026-05-18T16:52:16Z</time>
					</trkpt>
					<trkpt lat="44.203410" lon="1.304430">
						<ele>109</ele>
						<time>2026-05-18T16:52:25Z</time>
					</trkpt>
					<trkpt lat="44.203490" lon="1.304630">
						<ele>109</ele>
						<time>2026-05-18T16:52:28Z</time>
					</trkpt>
					<trkpt lat="44.203800" lon="1.305090">
						<ele>110</ele>
						<time>2026-05-18T16:52:36Z</time>
					</trkpt>
					<trkpt lat="44.203900" lon="1.304890">
						<ele>110</ele>
						<time>2026-05-18T16:52:39Z</time>
					</trkpt>
					<trkpt lat="44.204360" lon="1.303980">
						<ele>113</ele>
						<time>2026-05-18T16:52:53Z</time>
					</trkpt>
					<trkpt lat="44.204940" lon="1.303020">
						<ele>118</ele>
						<time>2026-05-18T16:53:09Z</time>
					</trkpt>
					<trkpt lat="44.205670" lon="1.301900">
						<ele>126</ele>
						<time>2026-05-18T16:53:29Z</time>
					</trkpt>
					<trkpt lat="44.205820" lon="1.301730">
						<ele>128</ele>
						<time>2026-05-18T16:53:32Z</time>
					</trkpt>
					<trkpt lat="44.205990" lon="1.301580">
						<ele>128</ele>
						<time>2026-05-18T16:53:36Z</time>
					</trkpt>
					<trkpt lat="44.206500" lon="1.301220">
						<ele>130</ele>
						<time>2026-05-18T16:53:46Z</time>
					</trkpt>
					<trkpt lat="44.206630" lon="1.301110">
						<ele>131</ele>
						<time>2026-05-18T16:53:49Z</time>
					</trkpt>
					<trkpt lat="44.206660" lon="1.301100">
						<ele>131</ele>
						<time>2026-05-18T16:53:49Z</time>
					</trkpt>
					<trkpt lat="44.206850" lon="1.300970">
						<ele>132</ele>
						<time>2026-05-18T16:53:53Z</time>
					</trkpt>
					<trkpt lat="44.207180" lon="1.300730">
						<ele>134</ele>
						<time>2026-05-18T16:53:59Z</time>
					</trkpt>
					<trkpt lat="44.207310" lon="1.300580">
						<ele>134</ele>
						<time>2026-05-18T16:54:02Z</time>
					</trkpt>
					<trkpt lat="44.207340" lon="1.300540">
						<ele>135</ele>
						<time>2026-05-18T16:54:03Z</time>
					</trkpt>
					<trkpt lat="44.207410" lon="1.300400">
						<ele>135</ele>
						<time>2026-05-18T16:54:05Z</time>
					</trkpt>
					<trkpt lat="44.207740" lon="1.299700">
						<ele>138</ele>
						<time>2026-05-18T16:54:16Z</time>
					</trkpt>
					<trkpt lat="44.208650" lon="1.297840">
						<ele>146</ele>
						<time>2026-05-18T16:54:45Z</time>
					</trkpt>
					<trkpt lat="44.208790" lon="1.297590">
						<ele>147</ele>
						<time>2026-05-18T16:54:49Z</time>
					</trkpt>
					<trkpt lat="44.209290" lon="1.296940">
						<ele>148</ele>
						<time>2026-05-18T16:55:01Z</time>
					</trkpt>
					<trkpt lat="44.209470" lon="1.296790">
						<ele>148</ele>
						<time>2026-05-18T16:55:05Z</time>
					</trkpt>
					<trkpt lat="44.209920" lon="1.296520">
						<ele>147</ele>
						<time>2026-05-18T16:55:13Z</time>
					</trkpt>
					<trkpt lat="44.210100" lon="1.296350">
						<ele>147</ele>
						<time>2026-05-18T16:55:17Z</time>
					</trkpt>
					<trkpt lat="44.211050" lon="1.295300">
						<ele>152</ele>
						<time>2026-05-18T16:55:39Z</time>
					</trkpt>
					<trkpt lat="44.211150" lon="1.295090">
						<ele>153</ele>
						<time>2026-05-18T16:55:42Z</time>
					</trkpt>
					<trkpt lat="44.211230" lon="1.294890">
						<ele>154</ele>
						<time>2026-05-18T16:55:45Z</time>
					</trkpt>
					<trkpt lat="44.211340" lon="1.294670">
						<ele>154</ele>
						<time>2026-05-18T16:55:48Z</time>
					</trkpt>
					<trkpt lat="44.212020" lon="1.293090">
						<ele>165</ele>
						<time>2026-05-18T16:56:12Z</time>
					</trkpt>
					<trkpt lat="44.212220" lon="1.292460">
						<ele>169</ele>
						<time>2026-05-18T16:56:21Z</time>
					</trkpt>
					<trkpt lat="44.212380" lon="1.292070">
						<ele>171</ele>
						<time>2026-05-18T16:56:26Z</time>
					</trkpt>
					<trkpt lat="44.212500" lon="1.291880">
						<ele>174</ele>
						<time>2026-05-18T16:56:30Z</time>
					</trkpt>
					<trkpt lat="44.212730" lon="1.291630">
						<ele>176</ele>
						<time>2026-05-18T16:56:35Z</time>
					</trkpt>
					<trkpt lat="44.213720" lon="1.290900">
						<ele>183</ele>
						<time>2026-05-18T16:56:55Z</time>
					</trkpt>
					<trkpt lat="44.214930" lon="1.289770">
						<ele>182</ele>
						<time>2026-05-18T16:57:21Z</time>
					</trkpt>
					<trkpt lat="44.215080" lon="1.289510">
						<ele>182</ele>
						<time>2026-05-18T16:57:25Z</time>
					</trkpt>
					<trkpt lat="44.215290" lon="1.289090">
						<ele>182</ele>
						<time>2026-05-18T16:57:31Z</time>
					</trkpt>
					<trkpt lat="44.215760" lon="1.288040">
						<ele>183</ele>
						<time>2026-05-18T16:57:47Z</time>
					</trkpt>
					<trkpt lat="44.215860" lon="1.287870">
						<ele>184</ele>
						<time>2026-05-18T16:57:50Z</time>
					</trkpt>
					<trkpt lat="44.216870" lon="1.286770">
						<ele>192</ele>
						<time>2026-05-18T16:58:13Z</time>
					</trkpt>
					<trkpt lat="44.217220" lon="1.286240">
						<ele>194</ele>
						<time>2026-05-18T16:58:22Z</time>
					</trkpt>
					<trkpt lat="44.217550" lon="1.285680">
						<ele>199</ele>
						<time>2026-05-18T16:58:31Z</time>
					</trkpt>
					<trkpt lat="44.217660" lon="1.285420">
						<ele>199</ele>
						<time>2026-05-18T16:58:35Z</time>
					</trkpt>
					<trkpt lat="44.218660" lon="1.283420">
						<ele>206</ele>
						<time>2026-05-18T16:59:06Z</time>
					</trkpt>
					<trkpt lat="44.218750" lon="1.283220">
						<ele>206</ele>
						<time>2026-05-18T16:59:09Z</time>
					</trkpt>
					<trkpt lat="44.218910" lon="1.282970">
						<ele>205</ele>
						<time>2026-05-18T16:59:14Z</time>
					</trkpt>
					<trkpt lat="44.219070" lon="1.282800">
						<ele>204</ele>
						<time>2026-05-18T16:59:17Z</time>
					</trkpt>
					<trkpt lat="44.219670" lon="1.282240">
						<ele>200</ele>
						<time>2026-05-18T16:59:30Z</time>
					</trkpt>
					<trkpt lat="44.219810" lon="1.282060">
						<ele>198</ele>
						<time>2026-05-18T16:59:33Z</time>
					</trkpt>
					<trkpt lat="44.219930" lon="1.281860">
						<ele>197</ele>
						<time>2026-05-18T16:59:37Z</time>
					</trkpt>
					<trkpt lat="44.220270" lon="1.281270">
						<ele>195</ele>
						<time>2026-05-18T16:59:46Z</time>
					</trkpt>
					<trkpt lat="44.220410" lon="1.280950">
						<ele>195</ele>
						<time>2026-05-18T16:59:51Z</time>
					</trkpt>
					<trkpt lat="44.220460" lon="1.280760">
						<ele>196</ele>
						<time>2026-05-18T16:59:54Z</time>
					</trkpt>
					<trkpt lat="44.220470" lon="1.280620">
						<ele>196</ele>
						<time>2026-05-18T16:59:55Z</time>
					</trkpt>
					<trkpt lat="44.220480" lon="1.280510">
						<ele>196</ele>
						<time>2026-05-18T16:59:57Z</time>
					</trkpt>
					<trkpt lat="44.220520" lon="1.280330">
						<ele>197</ele>
						<time>2026-05-18T16:59:59Z</time>
					</trkpt>
					<trkpt lat="44.220570" lon="1.280200">
						<ele>198</ele>
						<time>2026-05-18T17:00:01Z</time>
					</trkpt>
					<trkpt lat="44.220660" lon="1.280100">
						<ele>199</ele>
						<time>2026-05-18T17:00:03Z</time>
					</trkpt>
					<trkpt lat="44.221000" lon="1.279850">
						<ele>202</ele>
						<time>2026-05-18T17:00:10Z</time>
					</trkpt>
					<trkpt lat="44.221160" lon="1.279670">
						<ele>202</ele>
						<time>2026-05-18T17:00:14Z</time>
					</trkpt>
					<trkpt lat="44.221310" lon="1.279440">
						<ele>203</ele>
						<time>2026-05-18T17:00:18Z</time>
					</trkpt>
					<trkpt lat="44.221350" lon="1.279360">
						<ele>204</ele>
						<time>2026-05-18T17:00:19Z</time>
					</trkpt>
					<trkpt lat="44.221570" lon="1.278890">
						<ele>207</ele>
						<time>2026-05-18T17:00:26Z</time>
					</trkpt>
					<trkpt lat="44.221990" lon="1.278080">
						<ele>207</ele>
						<time>2026-05-18T17:00:39Z</time>
					</trkpt>
					<trkpt lat="44.222170" lon="1.277650">
						<ele>206</ele>
						<time>2026-05-18T17:00:45Z</time>
					</trkpt>
					<trkpt lat="44.222320" lon="1.277160">
						<ele>206</ele>
						<time>2026-05-18T17:00:52Z</time>
					</trkpt>
					<trkpt lat="44.222370" lon="1.276890">
						<ele>206</ele>
						<time>2026-05-18T17:00:56Z</time>
					</trkpt>
					<trkpt lat="44.222410" lon="1.276330">
						<ele>205</ele>
						<time>2026-05-18T17:01:03Z</time>
					</trkpt>
					<trkpt lat="44.222450" lon="1.275990">
						<ele>206</ele>
						<time>2026-05-18T17:01:07Z</time>
					</trkpt>
					<trkpt lat="44.222550" lon="1.275480">
						<ele>208</ele>
						<time>2026-05-18T17:01:14Z</time>
					</trkpt>
					<trkpt lat="44.223490" lon="1.271980">
						<ele>216</ele>
						<time>2026-05-18T17:02:02Z</time>
					</trkpt>
					<trkpt lat="44.223530" lon="1.271860">
						<ele>216</ele>
						<time>2026-05-18T17:02:03Z</time>
					</trkpt>
					<trkpt lat="44.223830" lon="1.271890">
						<ele>217</ele>
						<time>2026-05-18T17:02:09Z</time>
					</trkpt>
					<trkpt lat="44.224080" lon="1.271880">
						<ele>218</ele>
						<time>2026-05-18T17:02:13Z</time>
					</trkpt>
					<trkpt lat="44.224210" lon="1.271860">
						<ele>219</ele>
						<time>2026-05-18T17:02:15Z</time>
					</trkpt>
					<trkpt lat="44.224490" lon="1.271780">
						<ele>219</ele>
						<time>2026-05-18T17:02:20Z</time>
					</trkpt>
					<trkpt lat="44.224710" lon="1.271720">
						<ele>218</ele>
						<time>2026-05-18T17:02:24Z</time>
					</trkpt>
					<trkpt lat="44.225010" lon="1.271730">
						<ele>218</ele>
						<time>2026-05-18T17:02:30Z</time>
					</trkpt>
					<trkpt lat="44.225320" lon="1.271800">
						<ele>218</ele>
						<time>2026-05-18T17:02:35Z</time>
					</trkpt>
					<trkpt lat="44.225590" lon="1.271880">
						<ele>218</ele>
						<time>2026-05-18T17:02:40Z</time>
					</trkpt>
					<trkpt lat="44.225770" lon="1.272060">
						<ele>217</ele>
						<time>2026-05-18T17:02:44Z</time>
					</trkpt>
					<trkpt lat="44.225970" lon="1.272330">
						<ele>216</ele>
						<time>2026-05-18T17:02:49Z</time>
					</trkpt>
					<trkpt lat="44.226360" lon="1.272850">
						<ele>216</ele>
						<time>2026-05-18T17:02:59Z</time>
					</trkpt>
					<trkpt lat="44.226960" lon="1.273710">
						<ele>219</ele>
						<time>2026-05-18T17:03:14Z</time>
					</trkpt>
					<trkpt lat="44.227890" lon="1.275100">
						<ele>222</ele>
						<time>2026-05-18T17:03:38Z</time>
					</trkpt>
					<trkpt lat="44.228280" lon="1.275670">
						<ele>222</ele>
						<time>2026-05-18T17:03:48Z</time>
					</trkpt>
					<trkpt lat="44.228520" lon="1.276020">
						<ele>222</ele>
						<time>2026-05-18T17:03:55Z</time>
					</trkpt>
					<trkpt lat="44.228640" lon="1.276170">
						<ele>222</ele>
						<time>2026-05-18T17:03:57Z</time>
					</trkpt>
					<trkpt lat="44.228880" lon="1.276410">
						<ele>222</ele>
						<time>2026-05-18T17:04:03Z</time>
					</trkpt>
					<trkpt lat="44.229420" lon="1.276890">
						<ele>224</ele>
						<time>2026-05-18T17:04:14Z</time>
					</trkpt>
					<trkpt lat="44.229540" lon="1.277030">
						<ele>225</ele>
						<time>2026-05-18T17:04:17Z</time>
					</trkpt>
					<trkpt lat="44.229890" lon="1.277570">
						<ele>227</ele>
						<time>2026-05-18T17:04:26Z</time>
					</trkpt>
					<trkpt lat="44.230120" lon="1.277810">
						<ele>229</ele>
						<time>2026-05-18T17:04:31Z</time>
					</trkpt>
					<trkpt lat="44.230390" lon="1.278060">
						<ele>231</ele>
						<time>2026-05-18T17:04:37Z</time>
					</trkpt>
					<trkpt lat="44.230930" lon="1.278310">
						<ele>235</ele>
						<time>2026-05-18T17:04:47Z</time>
					</trkpt>
					<trkpt lat="44.231170" lon="1.278400">
						<ele>235</ele>
						<time>2026-05-18T17:04:52Z</time>
					</trkpt>
					<trkpt lat="44.231410" lon="1.278560">
						<ele>234</ele>
						<time>2026-05-18T17:04:56Z</time>
					</trkpt>
					<trkpt lat="44.231580" lon="1.278760">
						<ele>234</ele>
						<time>2026-05-18T17:05:00Z</time>
					</trkpt>
					<trkpt lat="44.231800" lon="1.278980">
						<ele>233</ele>
						<time>2026-05-18T17:05:05Z</time>
					</trkpt>
					<trkpt lat="44.231920" lon="1.279080">
						<ele>232</ele>
						<time>2026-05-18T17:05:08Z</time>
					</trkpt>
					<trkpt lat="44.232000" lon="1.279120">
						<ele>232</ele>
						<time>2026-05-18T17:05:09Z</time>
					</trkpt>
					<trkpt lat="44.232510" lon="1.279290">
						<ele>228</ele>
						<time>2026-05-18T17:05:18Z</time>
					</trkpt>
					<trkpt lat="44.232930" lon="1.279450">
						<ele>226</ele>
						<time>2026-05-18T17:05:26Z</time>
					</trkpt>
					<trkpt lat="44.233110" lon="1.279530">
						<ele>226</ele>
						<time>2026-05-18T17:05:29Z</time>
					</trkpt>
					<trkpt lat="44.233300" lon="1.279630">
						<ele>226</ele>
						<time>2026-05-18T17:05:33Z</time>
					</trkpt>
					<trkpt lat="44.233500" lon="1.279770">
						<ele>226</ele>
						<time>2026-05-18T17:05:37Z</time>
					</trkpt>
					<trkpt lat="44.233780" lon="1.279990">
						<ele>226</ele>
						<time>2026-05-18T17:05:43Z</time>
					</trkpt>
					<trkpt lat="44.234140" lon="1.280310">
						<ele>226</ele>
						<time>2026-05-18T17:05:50Z</time>
					</trkpt>
					<trkpt lat="44.234500" lon="1.280670">
						<ele>229</ele>
						<time>2026-05-18T17:05:58Z</time>
					</trkpt>
					<trkpt lat="44.235080" lon="1.281260">
						<ele>231</ele>
						<time>2026-05-18T17:06:11Z</time>
					</trkpt>
					<trkpt lat="44.235280" lon="1.281400">
						<ele>231</ele>
						<time>2026-05-18T17:06:15Z</time>
					</trkpt>
					<trkpt lat="44.235420" lon="1.281450">
						<ele>231</ele>
						<time>2026-05-18T17:06:18Z</time>
					</trkpt>
					<trkpt lat="44.235490" lon="1.281470">
						<ele>231</ele>
						<time>2026-05-18T17:06:19Z</time>
					</trkpt>
					<trkpt lat="44.235560" lon="1.281460">
						<ele>231</ele>
						<time>2026-05-18T17:06:20Z</time>
					</trkpt>
					<trkpt lat="44.235660" lon="1.281440">
						<ele>232</ele>
						<time>2026-05-18T17:06:22Z</time>
					</trkpt>
					<trkpt lat="44.235770" lon="1.281420">
						<ele>232</ele>
						<time>2026-05-18T17:06:24Z</time>
					</trkpt>
					<trkpt lat="44.235860" lon="1.281440">
						<ele>232</ele>
						<time>2026-05-18T17:06:25Z</time>
					</trkpt>
					<trkpt lat="44.235950" lon="1.281500">
						<ele>231</ele>
						<time>2026-05-18T17:06:27Z</time>
					</trkpt>
					<trkpt lat="44.236040" lon="1.281600">
						<ele>229</ele>
						<time>2026-05-18T17:06:29Z</time>
					</trkpt>
					<trkpt lat="44.236160" lon="1.281790">
						<ele>228</ele>
						<time>2026-05-18T17:06:33Z</time>
					</trkpt>
					<trkpt lat="44.236400" lon="1.282070">
						<ele>226</ele>
						<time>2026-05-18T17:06:38Z</time>
					</trkpt>
					<trkpt lat="44.237470" lon="1.283130">
						<ele>220</ele>
						<time>2026-05-18T17:07:01Z</time>
					</trkpt>
					<trkpt lat="44.237970" lon="1.283410">
						<ele>221</ele>
						<time>2026-05-18T17:07:11Z</time>
					</trkpt>
					<trkpt lat="44.238290" lon="1.283660">
						<ele>221</ele>
						<time>2026-05-18T17:07:18Z</time>
					</trkpt>
					<trkpt lat="44.238430" lon="1.283780">
						<ele>222</ele>
						<time>2026-05-18T17:07:20Z</time>
					</trkpt>
					<trkpt lat="44.239880" lon="1.284990">
						<ele>232</ele>
						<time>2026-05-18T17:07:51Z</time>
					</trkpt>
					<trkpt lat="44.240040" lon="1.285150">
						<ele>233</ele>
						<time>2026-05-18T17:07:54Z</time>
					</trkpt>
					<trkpt lat="44.240650" lon="1.285840">
						<ele>235</ele>
						<time>2026-05-18T17:08:08Z</time>
					</trkpt>
					<trkpt lat="44.241220" lon="1.286320">
						<ele>236</ele>
						<time>2026-05-18T17:08:20Z</time>
					</trkpt>
					<trkpt lat="44.241290" lon="1.286360">
						<ele>236</ele>
						<time>2026-05-18T17:08:21Z</time>
					</trkpt>
					<trkpt lat="44.241420" lon="1.286420">
						<ele>237</ele>
						<time>2026-05-18T17:08:24Z</time>
					</trkpt>
					<trkpt lat="44.241490" lon="1.286440">
						<ele>237</ele>
						<time>2026-05-18T17:08:25Z</time>
					</trkpt>
					<trkpt lat="44.241630" lon="1.286440">
						<ele>237</ele>
						<time>2026-05-18T17:08:27Z</time>
					</trkpt>
					<trkpt lat="44.241810" lon="1.286430">
						<ele>237</ele>
						<time>2026-05-18T17:08:31Z</time>
					</trkpt>
					<trkpt lat="44.242560" lon="1.286370">
						<ele>239</ele>
						<time>2026-05-18T17:08:44Z</time>
					</trkpt>
					<trkpt lat="44.242840" lon="1.286330">
						<ele>238</ele>
						<time>2026-05-18T17:08:49Z</time>
					</trkpt>
					<trkpt lat="44.243030" lon="1.286270">
						<ele>238</ele>
						<time>2026-05-18T17:08:52Z</time>
					</trkpt>
					<trkpt lat="44.243730" lon="1.285960">
						<ele>236</ele>
						<time>2026-05-18T17:09:06Z</time>
					</trkpt>
					<trkpt lat="44.244050" lon="1.285850">
						<ele>235</ele>
						<time>2026-05-18T17:09:11Z</time>
					</trkpt>
					<trkpt lat="44.244340" lon="1.285780">
						<ele>234</ele>
						<time>2026-05-18T17:09:17Z</time>
					</trkpt>
					<trkpt lat="44.244950" lon="1.285710">
						<ele>234</ele>
						<time>2026-05-18T17:09:27Z</time>
					</trkpt>
					<trkpt lat="44.245950" lon="1.285490">
						<ele>240</ele>
						<time>2026-05-18T17:09:46Z</time>
					</trkpt>
					<trkpt lat="44.246380" lon="1.285610">
						<ele>241</ele>
						<time>2026-05-18T17:09:53Z</time>
					</trkpt>
					<trkpt lat="44.246450" lon="1.285630">
						<ele>241</ele>
						<time>2026-05-18T17:09:55Z</time>
					</trkpt>
					<trkpt lat="44.246510" lon="1.285620">
						<ele>241</ele>
						<time>2026-05-18T17:09:56Z</time>
					</trkpt>
					<trkpt lat="44.246580" lon="1.285600">
						<ele>241</ele>
						<time>2026-05-18T17:09:57Z</time>
					</trkpt>
					<trkpt lat="44.246640" lon="1.285570">
						<ele>241</ele>
						<time>2026-05-18T17:09:58Z</time>
					</trkpt>
					<trkpt lat="44.246700" lon="1.285530">
						<ele>241</ele>
						<time>2026-05-18T17:09:59Z</time>
					</trkpt>
					<trkpt lat="44.247230" lon="1.284920">
						<ele>238</ele>
						<time>2026-05-18T17:10:11Z</time>
					</trkpt>
					<trkpt lat="44.247400" lon="1.284800">
						<ele>238</ele>
						<time>2026-05-18T17:10:15Z</time>
					</trkpt>
					<trkpt lat="44.247550" lon="1.284720">
						<ele>237</ele>
						<time>2026-05-18T17:10:18Z</time>
					</trkpt>
					<trkpt lat="44.247710" lon="1.284670">
						<ele>237</ele>
						<time>2026-05-18T17:10:21Z</time>
					</trkpt>
					<trkpt lat="44.247950" lon="1.284660">
						<ele>236</ele>
						<time>2026-05-18T17:10:25Z</time>
					</trkpt>
					<trkpt lat="44.248150" lon="1.284690">
						<ele>235</ele>
						<time>2026-05-18T17:10:28Z</time>
					</trkpt>
					<trkpt lat="44.248350" lon="1.284750">
						<ele>234</ele>
						<time>2026-05-18T17:10:32Z</time>
					</trkpt>
					<trkpt lat="44.248870" lon="1.284970">
						<ele>236</ele>
						<time>2026-05-18T17:10:42Z</time>
					</trkpt>
					<trkpt lat="44.249080" lon="1.285090">
						<ele>238</ele>
						<time>2026-05-18T17:10:46Z</time>
					</trkpt>
					<trkpt lat="44.249400" lon="1.285350">
						<ele>239</ele>
						<time>2026-05-18T17:10:52Z</time>
					</trkpt>
					<trkpt lat="44.249560" lon="1.285430">
						<ele>239</ele>
						<time>2026-05-18T17:10:55Z</time>
					</trkpt>
					<trkpt lat="44.249630" lon="1.285450">
						<ele>239</ele>
						<time>2026-05-18T17:10:57Z</time>
					</trkpt>
					<trkpt lat="44.249730" lon="1.285470">
						<ele>239</ele>
						<time>2026-05-18T17:10:59Z</time>
					</trkpt>
					<trkpt lat="44.249920" lon="1.285450">
						<ele>239</ele>
						<time>2026-05-18T17:11:02Z</time>
					</trkpt>
					<trkpt lat="44.250450" lon="1.285330">
						<ele>239</ele>
						<time>2026-05-18T17:11:11Z</time>
					</trkpt>
					<trkpt lat="44.250570" lon="1.285290">
						<ele>240</ele>
						<time>2026-05-18T17:11:14Z</time>
					</trkpt>
					<trkpt lat="44.250710" lon="1.285210">
						<ele>240</ele>
						<time>2026-05-18T17:11:16Z</time>
					</trkpt>
					<trkpt lat="44.250830" lon="1.285120">
						<ele>241</ele>
						<time>2026-05-18T17:11:19Z</time>
					</trkpt>
					<trkpt lat="44.251130" lon="1.284820">
						<ele>243</ele>
						<time>2026-05-18T17:11:25Z</time>
					</trkpt>
					<trkpt lat="44.251290" lon="1.284690">
						<ele>244</ele>
						<time>2026-05-18T17:11:29Z</time>
					</trkpt>
					<trkpt lat="44.251380" lon="1.284630">
						<ele>244</ele>
						<time>2026-05-18T17:11:30Z</time>
					</trkpt>
					<trkpt lat="44.251540" lon="1.284560">
						<ele>245</ele>
						<time>2026-05-18T17:11:33Z</time>
					</trkpt>
					<trkpt lat="44.251730" lon="1.284540">
						<ele>246</ele>
						<time>2026-05-18T17:11:37Z</time>
					</trkpt>
					<trkpt lat="44.252480" lon="1.284530">
						<ele>251</ele>
						<time>2026-05-18T17:11:50Z</time>
					</trkpt>
					<trkpt lat="44.252570" lon="1.284550">
						<ele>251</ele>
						<time>2026-05-18T17:11:52Z</time>
					</trkpt>
					<trkpt lat="44.252620" lon="1.284590">
						<ele>251</ele>
						<time>2026-05-18T17:11:53Z</time>
					</trkpt>
					<trkpt lat="44.252530" lon="1.284790">
						<ele>251</ele>
						<time>2026-05-18T17:11:56Z</time>
					</trkpt>
					<trkpt lat="44.252470" lon="1.285010">
						<ele>251</ele>
						<time>2026-05-18T17:11:59Z</time>
					</trkpt>
					<trkpt lat="44.252460" lon="1.285120">
						<ele>250</ele>
						<time>2026-05-18T17:12:00Z</time>
					</trkpt>
					<trkpt lat="44.252440" lon="1.285450">
						<ele>249</ele>
						<time>2026-05-18T17:12:04Z</time>
					</trkpt>
					<trkpt lat="44.252430" lon="1.286340">
						<ele>247</ele>
						<time>2026-05-18T17:12:16Z</time>
					</trkpt>
					<trkpt lat="44.252440" lon="1.286570">
						<ele>247</ele>
						<time>2026-05-18T17:12:19Z</time>
					</trkpt>
					<trkpt lat="44.252450" lon="1.286680">
						<ele>247</ele>
						<time>2026-05-18T17:12:20Z</time>
					</trkpt>
					<trkpt lat="44.252470" lon="1.286860">
						<ele>247</ele>
						<time>2026-05-18T17:12:22Z</time>
					</trkpt>
					<trkpt lat="44.252530" lon="1.287090">
						<ele>247</ele>
						<time>2026-05-18T17:12:26Z</time>
					</trkpt>
					<trkpt lat="44.252570" lon="1.287230">
						<ele>247</ele>
						<time>2026-05-18T17:12:27Z</time>
					</trkpt>
					<trkpt lat="44.252660" lon="1.287450">
						<ele>247</ele>
						<time>2026-05-18T17:12:31Z</time>
					</trkpt>
					<trkpt lat="44.252750" lon="1.287630">
						<ele>246</ele>
						<time>2026-05-18T17:12:33Z</time>
					</trkpt>
					<trkpt lat="44.252850" lon="1.287780">
						<ele>245</ele>
						<time>2026-05-18T17:12:36Z</time>
					</trkpt>
					<trkpt lat="44.253050" lon="1.288010">
						<ele>243</ele>
						<time>2026-05-18T17:12:41Z</time>
					</trkpt>
					<trkpt lat="44.253310" lon="1.288270">
						<ele>242</ele>
						<time>2026-05-18T17:12:46Z</time>
					</trkpt>
					<trkpt lat="44.253670" lon="1.288610">
						<ele>240</ele>
						<time>2026-05-18T17:12:54Z</time>
					</trkpt>
					<trkpt lat="44.254180" lon="1.289100">
						<ele>243</ele>
						<time>2026-05-18T17:13:05Z</time>
					</trkpt>
					<trkpt lat="44.254770" lon="1.289630">
						<ele>244</ele>
						<time>2026-05-18T17:13:18Z</time>
					</trkpt>
					<trkpt lat="44.255030" lon="1.289840">
						<ele>245</ele>
						<time>2026-05-18T17:13:23Z</time>
					</trkpt>
					<trkpt lat="44.257130" lon="1.291100">
						<ele>245</ele>
						<time>2026-05-18T17:14:04Z</time>
					</trkpt>
					<trkpt lat="44.257340" lon="1.291260">
						<ele>244</ele>
						<time>2026-05-18T17:14:08Z</time>
					</trkpt>
					<trkpt lat="44.257540" lon="1.291480">
						<ele>243</ele>
						<time>2026-05-18T17:14:12Z</time>
					</trkpt>
					<trkpt lat="44.257740" lon="1.291760">
						<ele>242</ele>
						<time>2026-05-18T17:14:17Z</time>
					</trkpt>
					<trkpt lat="44.257970" lon="1.292200">
						<ele>240</ele>
						<time>2026-05-18T17:14:24Z</time>
					</trkpt>
					<trkpt lat="44.258710" lon="1.293760">
						<ele>238</ele>
						<time>2026-05-18T17:14:48Z</time>
					</trkpt>
					<trkpt lat="44.259350" lon="1.295120">
						<ele>237</ele>
						<time>2026-05-18T17:15:09Z</time>
					</trkpt>
					<trkpt lat="44.259610" lon="1.295710">
						<ele>240</ele>
						<time>2026-05-18T17:15:18Z</time>
					</trkpt>
					<trkpt lat="44.259660" lon="1.295850">
						<ele>241</ele>
						<time>2026-05-18T17:15:20Z</time>
					</trkpt>
					<trkpt lat="44.259730" lon="1.296010">
						<ele>241</ele>
						<time>2026-05-18T17:15:22Z</time>
					</trkpt>
					<trkpt lat="44.259860" lon="1.296510">
						<ele>244</ele>
						<time>2026-05-18T17:15:29Z</time>
					</trkpt>
					<trkpt lat="44.259990" lon="1.297020">
						<ele>245</ele>
						<time>2026-05-18T17:15:36Z</time>
					</trkpt>
					<trkpt lat="44.260080" lon="1.297440">
						<ele>245</ele>
						<time>2026-05-18T17:15:41Z</time>
					</trkpt>
					<trkpt lat="44.260160" lon="1.297840">
						<ele>244</ele>
						<time>2026-05-18T17:15:47Z</time>
					</trkpt>
					<trkpt lat="44.260300" lon="1.298700">
						<ele>242</ele>
						<time>2026-05-18T17:15:58Z</time>
					</trkpt>
					<trkpt lat="44.260350" lon="1.299150">
						<ele>241</ele>
						<time>2026-05-18T17:16:04Z</time>
					</trkpt>
					<trkpt lat="44.260350" lon="1.299470">
						<ele>240</ele>
						<time>2026-05-18T17:16:08Z</time>
					</trkpt>
					<trkpt lat="44.260310" lon="1.299870">
						<ele>240</ele>
						<time>2026-05-18T17:16:13Z</time>
					</trkpt>
					<trkpt lat="44.260000" lon="1.301630">
						<ele>241</ele>
						<time>2026-05-18T17:16:36Z</time>
					</trkpt>
					<trkpt lat="44.259370" lon="1.305250">
						<ele>240</ele>
						<time>2026-05-18T17:17:24Z</time>
					</trkpt>
					<trkpt lat="44.259270" lon="1.305840">
						<ele>241</ele>
						<time>2026-05-18T17:17:31Z</time>
					</trkpt>
					<trkpt lat="44.259370" lon="1.305880">
						<ele>242</ele>
						<time>2026-05-18T17:17:33Z</time>
					</trkpt>
					<trkpt lat="44.259270" lon="1.305840">
						<ele>241</ele>
						<time>2026-05-18T17:17:35Z</time>
					</trkpt>
					<trkpt lat="44.258950" lon="1.307670">
						<ele>241</ele>
						<time>2026-05-18T17:17:59Z</time>
					</trkpt>
					<trkpt lat="44.258930" lon="1.307880">
						<ele>240</ele>
						<time>2026-05-18T17:18:02Z</time>
					</trkpt>
					<trkpt lat="44.258920" lon="1.308080">
						<ele>240</ele>
						<time>2026-05-18T17:18:04Z</time>
					</trkpt>
					<trkpt lat="44.258930" lon="1.308250">
						<ele>239</ele>
						<time>2026-05-18T17:18:06Z</time>
					</trkpt>
					<trkpt lat="44.258960" lon="1.308660">
						<ele>239</ele>
						<time>2026-05-18T17:18:12Z</time>
					</trkpt>
					<trkpt lat="44.259360" lon="1.311380">
						<ele>235</ele>
						<time>2026-05-18T17:18:47Z</time>
					</trkpt>
					<trkpt lat="44.259490" lon="1.312300">
						<ele>237</ele>
						<time>2026-05-18T17:18:59Z</time>
					</trkpt>
					<trkpt lat="44.260260" lon="1.317540">
						<ele>239</ele>
						<time>2026-05-18T17:20:07Z</time>
					</trkpt>
					<trkpt lat="44.259150" lon="1.317730">
						<ele>236</ele>
						<time>2026-05-18T17:20:27Z</time>
					</trkpt>
					<trkpt lat="44.258520" lon="1.317850">
						<ele>234</ele>
						<time>2026-05-18T17:20:38Z</time>
					</trkpt>
					<trkpt lat="44.257220" lon="1.318200">
						<ele>234</ele>
						<time>2026-05-18T17:21:02Z</time>
					</trkpt>
					<trkpt lat="44.256850" lon="1.318220">
						<ele>233</ele>
						<time>2026-05-18T17:21:09Z</time>
					</trkpt>
					<trkpt lat="44.256700" lon="1.318190">
						<ele>233</ele>
						<time>2026-05-18T17:21:11Z</time>
					</trkpt>
					<trkpt lat="44.256220" lon="1.318080">
						<ele>233</ele>
						<time>2026-05-18T17:21:20Z</time>
					</trkpt>
					<trkpt lat="44.255590" lon="1.317870">
						<ele>233</ele>
						<time>2026-05-18T17:21:31Z</time>
					</trkpt>
					<trkpt lat="44.255320" lon="1.317860">
						<ele>233</ele>
						<time>2026-05-18T17:21:36Z</time>
					</trkpt>
					<trkpt lat="44.254760" lon="1.318010">
						<ele>234</ele>
						<time>2026-05-18T17:21:46Z</time>
					</trkpt>
					<trkpt lat="44.254400" lon="1.318110">
						<ele>235</ele>
						<time>2026-05-18T17:21:53Z</time>
					</trkpt>
					<trkpt lat="44.253610" lon="1.318240">
						<ele>235</ele>
						<time>2026-05-18T17:22:07Z</time>
					</trkpt>
					<trkpt lat="44.253280" lon="1.318280">
						<ele>234</ele>
						<time>2026-05-18T17:22:13Z</time>
					</trkpt>
					<trkpt lat="44.252810" lon="1.318260">
						<ele>231</ele>
						<time>2026-05-18T17:22:21Z</time>
					</trkpt>
					<trkpt lat="44.252670" lon="1.318280">
						<ele>231</ele>
						<time>2026-05-18T17:22:24Z</time>
					</trkpt>
					<trkpt lat="44.251800" lon="1.318390">
						<ele>230</ele>
						<time>2026-05-18T17:22:39Z</time>
					</trkpt>
					<trkpt lat="44.248290" lon="1.319380">
						<ele>226</ele>
						<time>2026-05-18T17:23:43Z</time>
					</trkpt>
					<trkpt lat="44.248210" lon="1.319450">
						<ele>226</ele>
						<time>2026-05-18T17:23:45Z</time>
					</trkpt>
					<trkpt lat="44.248050" lon="1.319600">
						<ele>226</ele>
						<time>2026-05-18T17:23:48Z</time>
					</trkpt>
					<trkpt lat="44.248210" lon="1.319450">
						<ele>226</ele>
						<time>2026-05-18T17:23:52Z</time>
					</trkpt>
					<trkpt lat="44.248290" lon="1.319380">
						<ele>226</ele>
						<time>2026-05-18T17:23:53Z</time>
					</trkpt>
					<trkpt lat="44.247520" lon="1.319440">
						<ele>226</ele>
						<time>2026-05-18T17:24:07Z</time>
					</trkpt>
					<trkpt lat="44.246850" lon="1.319360">
						<ele>229</ele>
						<time>2026-05-18T17:24:19Z</time>
					</trkpt>
					<trkpt lat="44.245940" lon="1.319160">
						<ele>229</ele>
						<time>2026-05-18T17:24:35Z</time>
					</trkpt>
					<trkpt lat="44.245790" lon="1.319160">
						<ele>229</ele>
						<time>2026-05-18T17:24:38Z</time>
					</trkpt>
					<trkpt lat="44.245700" lon="1.319150">
						<ele>229</ele>
						<time>2026-05-18T17:24:40Z</time>
					</trkpt>
					<trkpt lat="44.245530" lon="1.319140">
						<ele>228</ele>
						<time>2026-05-18T17:24:43Z</time>
					</trkpt>
					<trkpt lat="44.245030" lon="1.319480">
						<ele>225</ele>
						<time>2026-05-18T17:24:53Z</time>
					</trkpt>
					<trkpt lat="44.244840" lon="1.320000">
						<ele>223</ele>
						<time>2026-05-18T17:25:00Z</time>
					</trkpt>
					<trkpt lat="44.244700" lon="1.320260">
						<ele>220</ele>
						<time>2026-05-18T17:25:04Z</time>
					</trkpt>
					<trkpt lat="44.244510" lon="1.320470">
						<ele>217</ele>
						<time>2026-05-18T17:25:08Z</time>
					</trkpt>
					<trkpt lat="44.244270" lon="1.320600">
						<ele>216</ele>
						<time>2026-05-18T17:25:13Z</time>
					</trkpt>
					<trkpt lat="44.244050" lon="1.320610">
						<ele>217</ele>
						<time>2026-05-18T17:25:17Z</time>
					</trkpt>
					<trkpt lat="44.243870" lon="1.320570">
						<ele>219</ele>
						<time>2026-05-18T17:25:20Z</time>
					</trkpt>
					<trkpt lat="44.243640" lon="1.320640">
						<ele>219</ele>
						<time>2026-05-18T17:25:24Z</time>
					</trkpt>
					<trkpt lat="44.243460" lon="1.320770">
						<ele>219</ele>
						<time>2026-05-18T17:25:28Z</time>
					</trkpt>
					<trkpt lat="44.243170" lon="1.321240">
						<ele>213</ele>
						<time>2026-05-18T17:25:36Z</time>
					</trkpt>
					<trkpt lat="44.242650" lon="1.321870">
						<ele>207</ele>
						<time>2026-05-18T17:25:48Z</time>
					</trkpt>
					<trkpt lat="44.242470" lon="1.322000">
						<ele>206</ele>
						<time>2026-05-18T17:25:52Z</time>
					</trkpt>
					<trkpt lat="44.241890" lon="1.322150">
						<ele>208</ele>
						<time>2026-05-18T17:26:02Z</time>
					</trkpt>
					<trkpt lat="44.241180" lon="1.322720">
						<ele>197</ele>
						<time>2026-05-18T17:26:17Z</time>
					</trkpt>
					<trkpt lat="44.241110" lon="1.322880">
						<ele>195</ele>
						<time>2026-05-18T17:26:19Z</time>
					</trkpt>
					<trkpt lat="44.241070" lon="1.322960">
						<ele>194</ele>
						<time>2026-05-18T17:26:20Z</time>
					</trkpt>
					<trkpt lat="44.240780" lon="1.323530">
						<ele>191</ele>
						<time>2026-05-18T17:26:29Z</time>
					</trkpt>
					<trkpt lat="44.240650" lon="1.323760">
						<ele>188</ele>
						<time>2026-05-18T17:26:33Z</time>
					</trkpt>
					<trkpt lat="44.240210" lon="1.324170">
						<ele>184</ele>
						<time>2026-05-18T17:26:43Z</time>
					</trkpt>
					<trkpt lat="44.240090" lon="1.324340">
						<ele>182</ele>
						<time>2026-05-18T17:26:46Z</time>
					</trkpt>
					<trkpt lat="44.239910" lon="1.324850">
						<ele>179</ele>
						<time>2026-05-18T17:26:53Z</time>
					</trkpt>
					<trkpt lat="44.239820" lon="1.325050">
						<ele>177</ele>
						<time>2026-05-18T17:26:56Z</time>
					</trkpt>
					<trkpt lat="44.239680" lon="1.325190">
						<ele>176</ele>
						<time>2026-05-18T17:26:59Z</time>
					</trkpt>
					<trkpt lat="44.239320" lon="1.325390">
						<ele>173</ele>
						<time>2026-05-18T17:27:06Z</time>
					</trkpt>
					<trkpt lat="44.238720" lon="1.326180">
						<ele>167</ele>
						<time>2026-05-18T17:27:20Z</time>
					</trkpt>
					<trkpt lat="44.238640" lon="1.326220">
						<ele>166</ele>
						<time>2026-05-18T17:27:22Z</time>
					</trkpt>
					<trkpt lat="44.237560" lon="1.326690">
						<ele>161</ele>
						<time>2026-05-18T17:27:42Z</time>
					</trkpt>
					<trkpt lat="44.237400" lon="1.326850">
						<ele>159</ele>
						<time>2026-05-18T17:27:46Z</time>
					</trkpt>
					<trkpt lat="44.237290" lon="1.327060">
						<ele>158</ele>
						<time>2026-05-18T17:27:49Z</time>
					</trkpt>
					<trkpt lat="44.237030" lon="1.327650">
						<ele>156</ele>
						<time>2026-05-18T17:27:58Z</time>
					</trkpt>
					<trkpt lat="44.236790" lon="1.328150">
						<ele>153</ele>
						<time>2026-05-18T17:28:05Z</time>
					</trkpt>
					<trkpt lat="44.235800" lon="1.329340">
						<ele>145</ele>
						<time>2026-05-18T17:28:29Z</time>
					</trkpt>
					<trkpt lat="44.235610" lon="1.329670">
						<ele>145</ele>
						<time>2026-05-18T17:28:34Z</time>
					</trkpt>
					<trkpt lat="44.235070" lon="1.331810">
						<ele>138</ele>
						<time>2026-05-18T17:29:03Z</time>
					</trkpt>
					<trkpt lat="44.234970" lon="1.331930">
						<ele>137</ele>
						<time>2026-05-18T17:29:05Z</time>
					</trkpt>
					<trkpt lat="44.234950" lon="1.331940">
						<ele>137</ele>
						<time>2026-05-18T17:29:06Z</time>
					</trkpt>
					<trkpt lat="44.234570" lon="1.332120">
						<ele>135</ele>
						<time>2026-05-18T17:29:13Z</time>
					</trkpt>
					<trkpt lat="44.234980" lon="1.333160">
						<ele>134</ele>
						<time>2026-05-18T17:29:28Z</time>
					</trkpt>
					<trkpt lat="44.235140" lon="1.333450">
						<ele>133</ele>
						<time>2026-05-18T17:29:33Z</time>
					</trkpt>
					<trkpt lat="44.235390" lon="1.333770">
						<ele>131</ele>
						<time>2026-05-18T17:29:39Z</time>
					</trkpt>
					<trkpt lat="44.236500" lon="1.335860">
						<ele>124</ele>
						<time>2026-05-18T17:30:12Z</time>
					</trkpt>
					<trkpt lat="44.238050" lon="1.338440">
						<ele>125</ele>
						<time>2026-05-18T17:30:55Z</time>
					</trkpt>
					<trkpt lat="44.238500" lon="1.338950">
						<ele>125</ele>
						<time>2026-05-18T17:31:05Z</time>
					</trkpt>
					<trkpt lat="44.239560" lon="1.339980">
						<ele>128</ele>
						<time>2026-05-18T17:31:28Z</time>
					</trkpt>
					<trkpt lat="44.239730" lon="1.340150">
						<ele>128</ele>
						<time>2026-05-18T17:31:32Z</time>
					</trkpt>
					<trkpt lat="44.239800" lon="1.340330">
						<ele>128</ele>
						<time>2026-05-18T17:31:34Z</time>
					</trkpt>
					<trkpt lat="44.239820" lon="1.340390">
						<ele>127</ele>
						<time>2026-05-18T17:31:35Z</time>
					</trkpt>
					<trkpt lat="44.239950" lon="1.340420">
						<ele>127</ele>
						<time>2026-05-18T17:31:38Z</time>
					</trkpt>
					<trkpt lat="44.240030" lon="1.340480">
						<ele>127</ele>
						<time>2026-05-18T17:31:39Z</time>
					</trkpt>
					<trkpt lat="44.241380" lon="1.342040">
						<ele>129</ele>
						<time>2026-05-18T17:32:10Z</time>
					</trkpt>
					<trkpt lat="44.241610" lon="1.342370">
						<ele>128</ele>
						<time>2026-05-18T17:32:16Z</time>
					</trkpt>
					<trkpt lat="44.243030" lon="1.344380">
						<ele>130</ele>
						<time>2026-05-18T17:32:52Z</time>
					</trkpt>
					<trkpt lat="44.243060" lon="1.344410">
						<ele>130</ele>
						<time>2026-05-18T17:32:53Z</time>
					</trkpt>
					<trkpt lat="44.243330" lon="1.344640">
						<ele>131</ele>
						<time>2026-05-18T17:32:59Z</time>
					</trkpt>
					<trkpt lat="44.244020" lon="1.345030">
						<ele>132</ele>
						<time>2026-05-18T17:33:12Z</time>
					</trkpt>
					<trkpt lat="44.244420" lon="1.345300">
						<ele>135</ele>
						<time>2026-05-18T17:33:20Z</time>
					</trkpt>
					<trkpt lat="44.246990" lon="1.347130">
						<ele>136</ele>
						<time>2026-05-18T17:34:11Z</time>
					</trkpt>
					<trkpt lat="44.247050" lon="1.347180">
						<ele>136</ele>
						<time>2026-05-18T17:34:12Z</time>
					</trkpt>
					<trkpt lat="44.250650" lon="1.350330">
						<ele>136</ele>
						<time>2026-05-18T17:35:28Z</time>
					</trkpt>
					<trkpt lat="44.251060" lon="1.351050">
						<ele>136</ele>
						<time>2026-05-18T17:35:40Z</time>
					</trkpt>
					<trkpt lat="44.252600" lon="1.353850">
						<ele>136</ele>
						<time>2026-05-18T17:36:25Z</time>
					</trkpt>
					<trkpt lat="44.252740" lon="1.354040">
						<ele>136</ele>
						<time>2026-05-18T17:36:28Z</time>
					</trkpt>
					<trkpt lat="44.254610" lon="1.356040">
						<ele>140</ele>
						<time>2026-05-18T17:37:10Z</time>
					</trkpt>
					<trkpt lat="44.254750" lon="1.356190">
						<ele>140</ele>
						<time>2026-05-18T17:37:13Z</time>
					</trkpt>
					<trkpt lat="44.255400" lon="1.356920">
						<ele>141</ele>
						<time>2026-05-18T17:37:28Z</time>
					</trkpt>
					<trkpt lat="44.255840" lon="1.357500">
						<ele>141</ele>
						<time>2026-05-18T17:37:39Z</time>
					</trkpt>
					<trkpt lat="44.256230" lon="1.358090">
						<ele>144</ele>
						<time>2026-05-18T17:37:49Z</time>
					</trkpt>
					<trkpt lat="44.256660" lon="1.358620">
						<ele>146</ele>
						<time>2026-05-18T17:37:59Z</time>
					</trkpt>
					<trkpt lat="44.256800" lon="1.358760">
						<ele>146</ele>
						<time>2026-05-18T17:38:02Z</time>
					</trkpt>
					<trkpt lat="44.257180" lon="1.359140">
						<ele>147</ele>
						<time>2026-05-18T17:38:11Z</time>
					</trkpt>
					<trkpt lat="44.257180" lon="1.359190">
						<ele>147</ele>
						<time>2026-05-18T17:38:11Z</time>
					</trkpt>
					<trkpt lat="44.257200" lon="1.359270">
						<ele>147</ele>
						<time>2026-05-18T17:38:12Z</time>
					</trkpt>
					<trkpt lat="44.258680" lon="1.361640">
						<ele>140</ele>
						<time>2026-05-18T17:38:52Z</time>
					</trkpt>
					<trkpt lat="44.258880" lon="1.361930">
						<ele>140</ele>
						<time>2026-05-18T17:38:57Z</time>
					</trkpt>
					<trkpt lat="44.259170" lon="1.362180">
						<ele>141</ele>
						<time>2026-05-18T17:39:04Z</time>
					</trkpt>
					<trkpt lat="44.259630" lon="1.362410">
						<ele>142</ele>
						<time>2026-05-18T17:39:12Z</time>
					</trkpt>
					<trkpt lat="44.260070" lon="1.362590">
						<ele>143</ele>
						<time>2026-05-18T17:39:20Z</time>
					</trkpt>
					<trkpt lat="44.260670" lon="1.362930">
						<ele>143</ele>
						<time>2026-05-18T17:39:32Z</time>
					</trkpt>
					<trkpt lat="44.262740" lon="1.364050">
						<ele>149</ele>
						<time>2026-05-18T17:40:11Z</time>
					</trkpt>
					<trkpt lat="44.262880" lon="1.364170">
						<ele>149</ele>
						<time>2026-05-18T17:40:14Z</time>
					</trkpt>
					<trkpt lat="44.263010" lon="1.364370">
						<ele>149</ele>
						<time>2026-05-18T17:40:18Z</time>
					</trkpt>
					<trkpt lat="44.263100" lon="1.364600">
						<ele>149</ele>
						<time>2026-05-18T17:40:21Z</time>
					</trkpt>
					<trkpt lat="44.263800" lon="1.367070">
						<ele>149</ele>
						<time>2026-05-18T17:40:55Z</time>
					</trkpt>
					<trkpt lat="44.264280" lon="1.368780">
						<ele>149</ele>
						<time>2026-05-18T17:41:18Z</time>
					</trkpt>
					<trkpt lat="44.264400" lon="1.369400">
						<ele>150</ele>
						<time>2026-05-18T17:41:27Z</time>
					</trkpt>
					<trkpt lat="44.264370" lon="1.370340">
						<ele>148</ele>
						<time>2026-05-18T17:41:39Z</time>
					</trkpt>
					<trkpt lat="44.264320" lon="1.371090">
						<ele>147</ele>
						<time>2026-05-18T17:41:48Z</time>
					</trkpt>
					<trkpt lat="44.264240" lon="1.371300">
						<ele>147</ele>
						<time>2026-05-18T17:41:51Z</time>
					</trkpt>
					<trkpt lat="44.264160" lon="1.371440">
						<ele>146</ele>
						<time>2026-05-18T17:41:53Z</time>
					</trkpt>
					<trkpt lat="44.264170" lon="1.371560">
						<ele>146</ele>
						<time>2026-05-18T17:41:55Z</time>
					</trkpt>
					<trkpt lat="44.264220" lon="1.371610">
						<ele>146</ele>
						<time>2026-05-18T17:41:56Z</time>
					</trkpt>
					<trkpt lat="44.263950" lon="1.372010">
						<ele>146</ele>
						<time>2026-05-18T17:42:03Z</time>
					</trkpt>
					<trkpt lat="44.263690" lon="1.372200">
						<ele>147</ele>
						<time>2026-05-18T17:42:08Z</time>
					</trkpt>
					<trkpt lat="44.263550" lon="1.372280">
						<ele>147</ele>
						<time>2026-05-18T17:42:11Z</time>
					</trkpt>
					<trkpt lat="44.263480" lon="1.372330">
						<ele>147</ele>
						<time>2026-05-18T17:42:12Z</time>
					</trkpt>
					<trkpt lat="44.263390" lon="1.372440">
						<ele>148</ele>
						<time>2026-05-18T17:42:15Z</time>
					</trkpt>
					<trkpt lat="44.263360" lon="1.372690">
						<ele>148</ele>
						<time>2026-05-18T17:42:18Z</time>
					</trkpt>
					<trkpt lat="44.263150" lon="1.376470">
						<ele>161</ele>
						<time>2026-05-18T17:43:06Z</time>
					</trkpt>
					<trkpt lat="44.263140" lon="1.376620">
						<ele>162</ele>
						<time>2026-05-18T17:43:08Z</time>
					</trkpt>
					<trkpt lat="44.263120" lon="1.376770">
						<ele>163</ele>
						<time>2026-05-18T17:43:10Z</time>
					</trkpt>
					<trkpt lat="44.263090" lon="1.377000">
						<ele>164</ele>
						<time>2026-05-18T17:43:13Z</time>
					</trkpt>
					<trkpt lat="44.262780" lon="1.378380">
						<ele>170</ele>
						<time>2026-05-18T17:43:31Z</time>
					</trkpt>
					<trkpt lat="44.262730" lon="1.378960">
						<ele>173</ele>
						<time>2026-05-18T17:43:39Z</time>
					</trkpt>
					<trkpt lat="44.262730" lon="1.379140">
						<ele>174</ele>
						<time>2026-05-18T17:43:41Z</time>
					</trkpt>
					<trkpt lat="44.262790" lon="1.379370">
						<ele>175</ele>
						<time>2026-05-18T17:43:44Z</time>
					</trkpt>
					<trkpt lat="44.262970" lon="1.379610">
						<ele>175</ele>
						<time>2026-05-18T17:43:49Z</time>
					</trkpt>
					<trkpt lat="44.263270" lon="1.379870">
						<ele>175</ele>
						<time>2026-05-18T17:43:55Z</time>
					</trkpt>
					<trkpt lat="44.263370" lon="1.380070">
						<ele>175</ele>
						<time>2026-05-18T17:43:58Z</time>
					</trkpt>
					<trkpt lat="44.263400" lon="1.380310">
						<ele>177</ele>
						<time>2026-05-18T17:44:01Z</time>
					</trkpt>
					<trkpt lat="44.263320" lon="1.381030">
						<ele>183</ele>
						<time>2026-05-18T17:44:10Z</time>
					</trkpt>
					<trkpt lat="44.263280" lon="1.381560">
						<ele>188</ele>
						<time>2026-05-18T17:44:17Z</time>
					</trkpt>
					<trkpt lat="44.263330" lon="1.381860">
						<ele>190</ele>
						<time>2026-05-18T17:44:21Z</time>
					</trkpt>
					<trkpt lat="44.263380" lon="1.381990">
						<ele>191</ele>
						<time>2026-05-18T17:44:23Z</time>
					</trkpt>
					<trkpt lat="44.263410" lon="1.382060">
						<ele>191</ele>
						<time>2026-05-18T17:44:24Z</time>
					</trkpt>
					<trkpt lat="44.263570" lon="1.382210">
						<ele>191</ele>
						<time>2026-05-18T17:44:27Z</time>
					</trkpt>
					<trkpt lat="44.263810" lon="1.382330">
						<ele>190</ele>
						<time>2026-05-18T17:44:32Z</time>
					</trkpt>
					<trkpt lat="44.263940" lon="1.382430">
						<ele>190</ele>
						<time>2026-05-18T17:44:35Z</time>
					</trkpt>
					<trkpt lat="44.264010" lon="1.382630">
						<ele>189</ele>
						<time>2026-05-18T17:44:37Z</time>
					</trkpt>
					<trkpt lat="44.264010" lon="1.382700">
						<ele>189</ele>
						<time>2026-05-18T17:44:38Z</time>
					</trkpt>
					<trkpt lat="44.264000" lon="1.382860">
						<ele>189</ele>
						<time>2026-05-18T17:44:40Z</time>
					</trkpt>
					<trkpt lat="44.263960" lon="1.383050">
						<ele>190</ele>
						<time>2026-05-18T17:44:43Z</time>
					</trkpt>
					<trkpt lat="44.263730" lon="1.383340">
						<ele>194</ele>
						<time>2026-05-18T17:44:48Z</time>
					</trkpt>
					<trkpt lat="44.263200" lon="1.383560">
						<ele>201</ele>
						<time>2026-05-18T17:44:58Z</time>
					</trkpt>
					<trkpt lat="44.263140" lon="1.383620">
						<ele>202</ele>
						<time>2026-05-18T17:45:00Z</time>
					</trkpt>
					<trkpt lat="44.262770" lon="1.383980">
						<ele>205</ele>
						<time>2026-05-18T17:45:08Z</time>
					</trkpt>
					<trkpt lat="44.262610" lon="1.384350">
						<ele>206</ele>
						<time>2026-05-18T17:45:13Z</time>
					</trkpt>
					<trkpt lat="44.262440" lon="1.384750">
						<ele>207</ele>
						<time>2026-05-18T17:45:19Z</time>
					</trkpt>
					<trkpt lat="44.262240" lon="1.385230">
						<ele>211</ele>
						<time>2026-05-18T17:45:26Z</time>
					</trkpt>
					<trkpt lat="44.262160" lon="1.385520">
						<ele>213</ele>
						<time>2026-05-18T17:45:30Z</time>
					</trkpt>
					<trkpt lat="44.262110" lon="1.386780">
						<ele>221</ele>
						<time>2026-05-18T17:45:46Z</time>
					</trkpt>
					<trkpt lat="44.262120" lon="1.387000">
						<ele>223</ele>
						<time>2026-05-18T17:45:49Z</time>
					</trkpt>
					<trkpt lat="44.262180" lon="1.387200">
						<ele>224</ele>
						<time>2026-05-18T17:45:52Z</time>
					</trkpt>
					<trkpt lat="44.262560" lon="1.387670">
						<ele>224</ele>
						<time>2026-05-18T17:46:01Z</time>
					</trkpt>
					<trkpt lat="44.262770" lon="1.387800">
						<ele>225</ele>
						<time>2026-05-18T17:46:05Z</time>
					</trkpt>
					<trkpt lat="44.263260" lon="1.388100">
						<ele>228</ele>
						<time>2026-05-18T17:46:14Z</time>
					</trkpt>
					<trkpt lat="44.263180" lon="1.388230">
						<ele>232</ele>
						<time>2026-05-18T17:46:17Z</time>
					</trkpt>
					<trkpt lat="44.262260" lon="1.388440">
						<ele>241</ele>
						<time>2026-05-18T17:46:33Z</time>
					</trkpt>
					<trkpt lat="44.262000" lon="1.388350">
						<ele>243</ele>
						<time>2026-05-18T17:46:38Z</time>
					</trkpt>
					<trkpt lat="44.261690" lon="1.388100">
						<ele>243</ele>
						<time>2026-05-18T17:46:44Z</time>
					</trkpt>
					<trkpt lat="44.261260" lon="1.387780">
						<ele>244</ele>
						<time>2026-05-18T17:46:53Z</time>
					</trkpt>
					<trkpt lat="44.261180" lon="1.387740">
						<ele>245</ele>
						<time>2026-05-18T17:46:54Z</time>
					</trkpt>
					<trkpt lat="44.261000" lon="1.387660">
						<ele>246</ele>
						<time>2026-05-18T17:46:58Z</time>
					</trkpt>
					<trkpt lat="44.259690" lon="1.387870">
						<ele>250</ele>
						<time>2026-05-18T17:47:21Z</time>
					</trkpt>
					<trkpt lat="44.259490" lon="1.387810">
						<ele>250</ele>
						<time>2026-05-18T17:47:25Z</time>
					</trkpt>
					<trkpt lat="44.258450" lon="1.387190">
						<ele>247</ele>
						<time>2026-05-18T17:47:45Z</time>
					</trkpt>
					<trkpt lat="44.258150" lon="1.387100">
						<ele>246</ele>
						<time>2026-05-18T17:47:51Z</time>
					</trkpt>
					<trkpt lat="44.257900" lon="1.387130">
						<ele>246</ele>
						<time>2026-05-18T17:47:55Z</time>
					</trkpt>
					<trkpt lat="44.257850" lon="1.387150">
						<ele>246</ele>
						<time>2026-05-18T17:47:56Z</time>
					</trkpt>
					<trkpt lat="44.257120" lon="1.387390">
						<ele>246</ele>
						<time>2026-05-18T17:48:09Z</time>
					</trkpt>
					<trkpt lat="44.255620" lon="1.388000">
						<ele>247</ele>
						<time>2026-05-18T17:48:37Z</time>
					</trkpt>
					<trkpt lat="44.254830" lon="1.388330">
						<ele>246</ele>
						<time>2026-05-18T17:48:52Z</time>
					</trkpt>
					<trkpt lat="44.254610" lon="1.388420">
						<ele>245</ele>
						<time>2026-05-18T17:48:56Z</time>
					</trkpt>
					<trkpt lat="44.254470" lon="1.388510">
						<ele>245</ele>
						<time>2026-05-18T17:48:59Z</time>
					</trkpt>
					<trkpt lat="44.254400" lon="1.388580">
						<ele>245</ele>
						<time>2026-05-18T17:49:00Z</time>
					</trkpt>
					<trkpt lat="44.254310" lon="1.388660">
						<ele>245</ele>
						<time>2026-05-18T17:49:02Z</time>
					</trkpt>
					<trkpt lat="44.254000" lon="1.389230">
						<ele>242</ele>
						<time>2026-05-18T17:49:11Z</time>
					</trkpt>
					<trkpt lat="44.253880" lon="1.389370">
						<ele>241</ele>
						<time>2026-05-18T17:49:14Z</time>
					</trkpt>
					<trkpt lat="44.253060" lon="1.389950">
						<ele>236</ele>
						<time>2026-05-18T17:49:30Z</time>
					</trkpt>
					<trkpt lat="44.252960" lon="1.389970">
						<ele>235</ele>
						<time>2026-05-18T17:49:32Z</time>
					</trkpt>
					<trkpt lat="44.252860" lon="1.389950">
						<ele>235</ele>
						<time>2026-05-18T17:49:34Z</time>
					</trkpt>
					<trkpt lat="44.252660" lon="1.389890">
						<ele>235</ele>
						<time>2026-05-18T17:49:37Z</time>
					</trkpt>
					<trkpt lat="44.251510" lon="1.390160">
						<ele>229</ele>
						<time>2026-05-18T17:49:58Z</time>
					</trkpt>
					<trkpt lat="44.251050" lon="1.390460">
						<ele>223</ele>
						<time>2026-05-18T17:50:07Z</time>
					</trkpt>
					<trkpt lat="44.250690" lon="1.390690">
						<ele>219</ele>
						<time>2026-05-18T17:50:14Z</time>
					</trkpt>
					<trkpt lat="44.250350" lon="1.390970">
						<ele>215</ele>
						<time>2026-05-18T17:50:21Z</time>
					</trkpt>
					<trkpt lat="44.250150" lon="1.391290">
						<ele>210</ele>
						<time>2026-05-18T17:50:27Z</time>
					</trkpt>
					<trkpt lat="44.250140" lon="1.391260">
						<ele>211</ele>
						<time>2026-05-18T17:50:27Z</time>
					</trkpt>
					<trkpt lat="44.250150" lon="1.391290">
						<ele>210</ele>
						<time>2026-05-18T17:50:28Z</time>
					</trkpt>
					<trkpt lat="44.250070" lon="1.391410">
						<ele>209</ele>
						<time>2026-05-18T17:50:30Z</time>
					</trkpt>
					<trkpt lat="44.249850" lon="1.391700">
						<ele>205</ele>
						<time>2026-05-18T17:50:35Z</time>
					</trkpt>
					<trkpt lat="44.249710" lon="1.391790">
						<ele>203</ele>
						<time>2026-05-18T17:50:38Z</time>
					</trkpt>
					<trkpt lat="44.249580" lon="1.391850">
						<ele>202</ele>
						<time>2026-05-18T17:50:40Z</time>
					</trkpt>
					<trkpt lat="44.249450" lon="1.391860">
						<ele>202</ele>
						<time>2026-05-18T17:50:43Z</time>
					</trkpt>
					<trkpt lat="44.249200" lon="1.391810">
						<ele>203</ele>
						<time>2026-05-18T17:50:47Z</time>
					</trkpt>
					<trkpt lat="44.249060" lon="1.391790">
						<ele>202</ele>
						<time>2026-05-18T17:50:50Z</time>
					</trkpt>
					<trkpt lat="44.248990" lon="1.391910">
						<ele>200</ele>
						<time>2026-05-18T17:50:52Z</time>
					</trkpt>
					<trkpt lat="44.248990" lon="1.391970">
						<ele>199</ele>
						<time>2026-05-18T17:50:52Z</time>
					</trkpt>
					<trkpt lat="44.248980" lon="1.392030">
						<ele>198</ele>
						<time>2026-05-18T17:50:53Z</time>
					</trkpt>
					<trkpt lat="44.249340" lon="1.392800">
						<ele>192</ele>
						<time>2026-05-18T17:51:05Z</time>
					</trkpt>
					<trkpt lat="44.249390" lon="1.392970">
						<ele>190</ele>
						<time>2026-05-18T17:51:07Z</time>
					</trkpt>
					<trkpt lat="44.249360" lon="1.393140">
						<ele>189</ele>
						<time>2026-05-18T17:51:09Z</time>
					</trkpt>
					<trkpt lat="44.249210" lon="1.393290">
						<ele>188</ele>
						<time>2026-05-18T17:51:13Z</time>
					</trkpt>
					<trkpt lat="44.248580" lon="1.393750">
						<ele>184</ele>
						<time>2026-05-18T17:51:25Z</time>
					</trkpt>
					<trkpt lat="44.248470" lon="1.393800">
						<ele>184</ele>
						<time>2026-05-18T17:51:27Z</time>
					</trkpt>
					<trkpt lat="44.248390" lon="1.393770">
						<ele>184</ele>
						<time>2026-05-18T17:51:29Z</time>
					</trkpt>
					<trkpt lat="44.248280" lon="1.393680">
						<ele>183</ele>
						<time>2026-05-18T17:51:31Z</time>
					</trkpt>
					<trkpt lat="44.248190" lon="1.393550">
						<ele>183</ele>
						<time>2026-05-18T17:51:33Z</time>
					</trkpt>
					<trkpt lat="44.247770" lon="1.392990">
						<ele>182</ele>
						<time>2026-05-18T17:51:44Z</time>
					</trkpt>
					<trkpt lat="44.247370" lon="1.392640">
						<ele>179</ele>
						<time>2026-05-18T17:51:52Z</time>
					</trkpt>
					<trkpt lat="44.247150" lon="1.392320">
						<ele>178</ele>
						<time>2026-05-18T17:51:58Z</time>
					</trkpt>
					<trkpt lat="44.246990" lon="1.392100">
						<ele>177</ele>
						<time>2026-05-18T17:52:02Z</time>
					</trkpt>
					<trkpt lat="44.246720" lon="1.392040">
						<ele>174</ele>
						<time>2026-05-18T17:52:07Z</time>
					</trkpt>
					<trkpt lat="44.246370" lon="1.392080">
						<ele>171</ele>
						<time>2026-05-18T17:52:13Z</time>
					</trkpt>
					<trkpt lat="44.246350" lon="1.392080">
						<ele>170</ele>
						<time>2026-05-18T17:52:13Z</time>
					</trkpt>
					<trkpt lat="44.245480" lon="1.392180">
						<ele>164</ele>
						<time>2026-05-18T17:52:29Z</time>
					</trkpt>
					<trkpt lat="44.244530" lon="1.392440">
						<ele>159</ele>
						<time>2026-05-18T17:52:46Z</time>
					</trkpt>
					<trkpt lat="44.244090" lon="1.392650">
						<ele>158</ele>
						<time>2026-05-18T17:52:54Z</time>
					</trkpt>
					<trkpt lat="44.243390" lon="1.393320">
						<ele>154</ele>
						<time>2026-05-18T17:53:09Z</time>
					</trkpt>
					<trkpt lat="44.242840" lon="1.393730">
						<ele>153</ele>
						<time>2026-05-18T17:53:20Z</time>
					</trkpt>
					<trkpt lat="44.241530" lon="1.394270">
						<ele>151</ele>
						<time>2026-05-18T17:53:45Z</time>
					</trkpt>
					<trkpt lat="44.241310" lon="1.394320">
						<ele>151</ele>
						<time>2026-05-18T17:53:49Z</time>
					</trkpt>
					<trkpt lat="44.240540" lon="1.394220">
						<ele>150</ele>
						<time>2026-05-18T17:54:02Z</time>
					</trkpt>
					<trkpt lat="44.240090" lon="1.394240">
						<ele>147</ele>
						<time>2026-05-18T17:54:11Z</time>
					</trkpt>
					<trkpt lat="44.239820" lon="1.394300">
						<ele>148</ele>
						<time>2026-05-18T17:54:15Z</time>
					</trkpt>
					<trkpt lat="44.239620" lon="1.394340">
						<ele>148</ele>
						<time>2026-05-18T17:54:19Z</time>
					</trkpt>
					<trkpt lat="44.239270" lon="1.394480">
						<ele>148</ele>
						<time>2026-05-18T17:54:25Z</time>
					</trkpt>
					<trkpt lat="44.238980" lon="1.394480">
						<ele>148</ele>
						<time>2026-05-18T17:54:31Z</time>
					</trkpt>
					<trkpt lat="44.238510" lon="1.394440">
						<ele>146</ele>
						<time>2026-05-18T17:54:39Z</time>
					</trkpt>
					<trkpt lat="44.237880" lon="1.394550">
						<ele>142</ele>
						<time>2026-05-18T17:54:50Z</time>
					</trkpt>
					<trkpt lat="44.237140" lon="1.394760">
						<ele>139</ele>
						<time>2026-05-18T17:55:04Z</time>
					</trkpt>
					<trkpt lat="44.235850" lon="1.395280">
						<ele>133</ele>
						<time>2026-05-18T17:55:28Z</time>
					</trkpt>
					<trkpt lat="44.235230" lon="1.395480">
						<ele>131</ele>
						<time>2026-05-18T17:55:39Z</time>
					</trkpt>
					<trkpt lat="44.235030" lon="1.395460">
						<ele>131</ele>
						<time>2026-05-18T17:55:42Z</time>
					</trkpt>
					<trkpt lat="44.234520" lon="1.395240">
						<ele>129</ele>
						<time>2026-05-18T17:55:52Z</time>
					</trkpt>
					<trkpt lat="44.234270" lon="1.395200">
						<ele>128</ele>
						<time>2026-05-18T17:55:56Z</time>
					</trkpt>
					<trkpt lat="44.234160" lon="1.395250">
						<ele>127</ele>
						<time>2026-05-18T17:55:59Z</time>
					</trkpt>
					<trkpt lat="44.233990" lon="1.395330">
						<ele>127</ele>
						<time>2026-05-18T17:56:02Z</time>
					</trkpt>
					<trkpt lat="44.233830" lon="1.395460">
						<ele>126</ele>
						<time>2026-05-18T17:56:05Z</time>
					</trkpt>
					<trkpt lat="44.233030" lon="1.396150">
						<ele>125</ele>
						<time>2026-05-18T17:56:22Z</time>
					</trkpt>
					<trkpt lat="44.232890" lon="1.396280">
						<ele>125</ele>
						<time>2026-05-18T17:56:25Z</time>
					</trkpt>
					<trkpt lat="44.232020" lon="1.397080">
						<ele>126</ele>
						<time>2026-05-18T17:56:43Z</time>
					</trkpt>
					<trkpt lat="44.232410" lon="1.398350">
						<ele>127</ele>
						<time>2026-05-18T17:57:01Z</time>
					</trkpt>
					<trkpt lat="44.229900" lon="1.400950">
						<ele>132</ele>
						<time>2026-05-18T17:57:57Z</time>
					</trkpt>
					<trkpt lat="44.229690" lon="1.401120">
						<ele>133</ele>
						<time>2026-05-18T17:58:01Z</time>
					</trkpt>
					<trkpt lat="44.229190" lon="1.401270">
						<ele>133</ele>
						<time>2026-05-18T17:58:10Z</time>
					</trkpt>
					<trkpt lat="44.228890" lon="1.401410">
						<ele>135</ele>
						<time>2026-05-18T17:58:16Z</time>
					</trkpt>
					<trkpt lat="44.228610" lon="1.401600">
						<ele>136</ele>
						<time>2026-05-18T17:58:21Z</time>
					</trkpt>
					<trkpt lat="44.228020" lon="1.402050">
						<ele>139</ele>
						<time>2026-05-18T17:58:33Z</time>
					</trkpt>
					<trkpt lat="44.227860" lon="1.402240">
						<ele>140</ele>
						<time>2026-05-18T17:58:37Z</time>
					</trkpt>
					<trkpt lat="44.227600" lon="1.402740">
						<ele>141</ele>
						<time>2026-05-18T17:58:45Z</time>
					</trkpt>
					<trkpt lat="44.227320" lon="1.403310">
						<ele>144</ele>
						<time>2026-05-18T17:58:53Z</time>
					</trkpt>
					<trkpt lat="44.227000" lon="1.403740">
						<ele>145</ele>
						<time>2026-05-18T17:59:01Z</time>
					</trkpt>
					<trkpt lat="44.226760" lon="1.403980">
						<ele>146</ele>
						<time>2026-05-18T17:59:07Z</time>
					</trkpt>
					<trkpt lat="44.225400" lon="1.404720">
						<ele>157</ele>
						<time>2026-05-18T17:59:33Z</time>
					</trkpt>
					<trkpt lat="44.225200" lon="1.404870">
						<ele>158</ele>
						<time>2026-05-18T17:59:37Z</time>
					</trkpt>
					<trkpt lat="44.224830" lon="1.405310">
						<ele>160</ele>
						<time>2026-05-18T17:59:45Z</time>
					</trkpt>
					<trkpt lat="44.224540" lon="1.405490">
						<ele>161</ele>
						<time>2026-05-18T17:59:51Z</time>
					</trkpt>
					<trkpt lat="44.224020" lon="1.405620">
						<ele>163</ele>
						<time>2026-05-18T18:00:00Z</time>
					</trkpt>
					<trkpt lat="44.223800" lon="1.405700">
						<ele>164</ele>
						<time>2026-05-18T18:00:04Z</time>
					</trkpt>
					<trkpt lat="44.223690" lon="1.405870">
						<ele>164</ele>
						<time>2026-05-18T18:00:07Z</time>
					</trkpt>
					<trkpt lat="44.223570" lon="1.406330">
						<ele>165</ele>
						<time>2026-05-18T18:00:14Z</time>
					</trkpt>
					<trkpt lat="44.223330" lon="1.407110">
						<ele>167</ele>
						<time>2026-05-18T18:00:24Z</time>
					</trkpt>
					<trkpt lat="44.223180" lon="1.407490">
						<ele>167</ele>
						<time>2026-05-18T18:00:30Z</time>
					</trkpt>
					<trkpt lat="44.223020" lon="1.408500">
						<ele>166</ele>
						<time>2026-05-18T18:00:43Z</time>
					</trkpt>
					<trkpt lat="44.222790" lon="1.409790">
						<ele>169</ele>
						<time>2026-05-18T18:01:00Z</time>
					</trkpt>
					<trkpt lat="44.222660" lon="1.410830">
						<ele>173</ele>
						<time>2026-05-18T18:01:14Z</time>
					</trkpt>
					<trkpt lat="44.222560" lon="1.411180">
						<ele>174</ele>
						<time>2026-05-18T18:01:18Z</time>
					</trkpt>
					<trkpt lat="44.222450" lon="1.411540">
						<ele>174</ele>
						<time>2026-05-18T18:01:23Z</time>
					</trkpt>
					<trkpt lat="44.222300" lon="1.411950">
						<ele>173</ele>
						<time>2026-05-18T18:01:29Z</time>
					</trkpt>
					<trkpt lat="44.222110" lon="1.412630">
						<ele>174</ele>
						<time>2026-05-18T18:01:38Z</time>
					</trkpt>
					<trkpt lat="44.221920" lon="1.413500">
						<ele>179</ele>
						<time>2026-05-18T18:01:50Z</time>
					</trkpt>
					<trkpt lat="44.221830" lon="1.414000">
						<ele>182</ele>
						<time>2026-05-18T18:01:57Z</time>
					</trkpt>
					<trkpt lat="44.221810" lon="1.414370">
						<ele>184</ele>
						<time>2026-05-18T18:02:01Z</time>
					</trkpt>
					<trkpt lat="44.221780" lon="1.415010">
						<ele>189</ele>
						<time>2026-05-18T18:02:10Z</time>
					</trkpt>
					<trkpt lat="44.221710" lon="1.415340">
						<ele>189</ele>
						<time>2026-05-18T18:02:14Z</time>
					</trkpt>
					<trkpt lat="44.221680" lon="1.415520">
						<ele>190</ele>
						<time>2026-05-18T18:02:16Z</time>
					</trkpt>
					<trkpt lat="44.221390" lon="1.416190">
						<ele>190</ele>
						<time>2026-05-18T18:02:26Z</time>
					</trkpt>
					<trkpt lat="44.220380" lon="1.417630">
						<ele>199</ele>
						<time>2026-05-18T18:02:52Z</time>
					</trkpt>
					<trkpt lat="44.219920" lon="1.418190">
						<ele>201</ele>
						<time>2026-05-18T18:03:03Z</time>
					</trkpt>
					<trkpt lat="44.219770" lon="1.418370">
						<ele>202</ele>
						<time>2026-05-18T18:03:06Z</time>
					</trkpt>
					<trkpt lat="44.219170" lon="1.418960">
						<ele>204</ele>
						<time>2026-05-18T18:03:19Z</time>
					</trkpt>
					<trkpt lat="44.218940" lon="1.419120">
						<ele>204</ele>
						<time>2026-05-18T18:03:24Z</time>
					</trkpt>
					<trkpt lat="44.218730" lon="1.419320">
						<ele>203</ele>
						<time>2026-05-18T18:03:29Z</time>
					</trkpt>
					<trkpt lat="44.218550" lon="1.419600">
						<ele>202</ele>
						<time>2026-05-18T18:03:33Z</time>
					</trkpt>
					<trkpt lat="44.218370" lon="1.419970">
						<ele>203</ele>
						<time>2026-05-18T18:03:39Z</time>
					</trkpt>
					<trkpt lat="44.218330" lon="1.420080">
						<ele>202</ele>
						<time>2026-05-18T18:03:41Z</time>
					</trkpt>
					<trkpt lat="44.217990" lon="1.419940">
						<ele>205</ele>
						<time>2026-05-18T18:03:47Z</time>
					</trkpt>
					<trkpt lat="44.217370" lon="1.419720">
						<ele>207</ele>
						<time>2026-05-18T18:03:58Z</time>
					</trkpt>
					<trkpt lat="44.217160" lon="1.419630">
						<ele>208</ele>
						<time>2026-05-18T18:04:02Z</time>
					</trkpt>
					<trkpt lat="44.217020" lon="1.419480">
						<ele>209</ele>
						<time>2026-05-18T18:04:05Z</time>
					</trkpt>
					<trkpt lat="44.216900" lon="1.419280">
						<ele>209</ele>
						<time>2026-05-18T18:04:09Z</time>
					</trkpt>
					<trkpt lat="44.216690" lon="1.418740">
						<ele>214</ele>
						<time>2026-05-18T18:04:16Z</time>
					</trkpt>
					<trkpt lat="44.216330" lon="1.417690">
						<ele>215</ele>
						<time>2026-05-18T18:04:31Z</time>
					</trkpt>
					<trkpt lat="44.216120" lon="1.417030">
						<ele>215</ele>
						<time>2026-05-18T18:04:41Z</time>
					</trkpt>
					<trkpt lat="44.216020" lon="1.416730">
						<ele>216</ele>
						<time>2026-05-18T18:04:45Z</time>
					</trkpt>
					<trkpt lat="44.215850" lon="1.415970">
						<ele>218</ele>
						<time>2026-05-18T18:04:55Z</time>
					</trkpt>
					<trkpt lat="44.215880" lon="1.415280">
						<ele>216</ele>
						<time>2026-05-18T18:05:04Z</time>
					</trkpt>
					<trkpt lat="44.216060" lon="1.413260">
						<ele>207</ele>
						<time>2026-05-18T18:05:30Z</time>
					</trkpt>
					<trkpt lat="44.216030" lon="1.412980">
						<ele>205</ele>
						<time>2026-05-18T18:05:33Z</time>
					</trkpt>
					<trkpt lat="44.215920" lon="1.412850">
						<ele>204</ele>
						<time>2026-05-18T18:05:36Z</time>
					</trkpt>
					<trkpt lat="44.215710" lon="1.412770">
						<ele>203</ele>
						<time>2026-05-18T18:05:40Z</time>
					</trkpt>
					<trkpt lat="44.215350" lon="1.412800">
						<ele>201</ele>
						<time>2026-05-18T18:05:46Z</time>
					</trkpt>
					<trkpt lat="44.214920" lon="1.412940">
						<ele>200</ele>
						<time>2026-05-18T18:05:54Z</time>
					</trkpt>
					<trkpt lat="44.214600" lon="1.413060">
						<ele>198</ele>
						<time>2026-05-18T18:06:00Z</time>
					</trkpt>
					<trkpt lat="44.214390" lon="1.413070">
						<ele>195</ele>
						<time>2026-05-18T18:06:04Z</time>
					</trkpt>
					<trkpt lat="44.213990" lon="1.412980">
						<ele>192</ele>
						<time>2026-05-18T18:06:11Z</time>
					</trkpt>
					<trkpt lat="44.213560" lon="1.412800">
						<ele>192</ele>
						<time>2026-05-18T18:06:19Z</time>
					</trkpt>
					<trkpt lat="44.213390" lon="1.412630">
						<ele>193</ele>
						<time>2026-05-18T18:06:23Z</time>
					</trkpt>
					<trkpt lat="44.213270" lon="1.412370">
						<ele>194</ele>
						<time>2026-05-18T18:06:27Z</time>
					</trkpt>
					<trkpt lat="44.213080" lon="1.411650">
						<ele>198</ele>
						<time>2026-05-18T18:06:36Z</time>
					</trkpt>
					<trkpt lat="44.213000" lon="1.411090">
						<ele>200</ele>
						<time>2026-05-18T18:06:44Z</time>
					</trkpt>
					<trkpt lat="44.213020" lon="1.410620">
						<ele>200</ele>
						<time>2026-05-18T18:06:50Z</time>
					</trkpt>
					<trkpt lat="44.213320" lon="1.409490">
						<ele>202</ele>
						<time>2026-05-18T18:07:05Z</time>
					</trkpt>
					<trkpt lat="44.213340" lon="1.409150">
						<ele>204</ele>
						<time>2026-05-18T18:07:09Z</time>
					</trkpt>
					<trkpt lat="44.213270" lon="1.408780">
						<ele>203</ele>
						<time>2026-05-18T18:07:14Z</time>
					</trkpt>
					<trkpt lat="44.213150" lon="1.408500">
						<ele>202</ele>
						<time>2026-05-18T18:07:18Z</time>
					</trkpt>
					<trkpt lat="44.212990" lon="1.408290">
						<ele>200</ele>
						<time>2026-05-18T18:07:22Z</time>
					</trkpt>
					<trkpt lat="44.212920" lon="1.408200">
						<ele>199</ele>
						<time>2026-05-18T18:07:24Z</time>
					</trkpt>
					<trkpt lat="44.212820" lon="1.408100">
						<ele>197</ele>
						<time>2026-05-18T18:07:26Z</time>
					</trkpt>
					<trkpt lat="44.212390" lon="1.407680">
						<ele>194</ele>
						<time>2026-05-18T18:07:35Z</time>
					</trkpt>
					<trkpt lat="44.211530" lon="1.406940">
						<ele>198</ele>
						<time>2026-05-18T18:07:53Z</time>
					</trkpt>
					<trkpt lat="44.211090" lon="1.406620">
						<ele>203</ele>
						<time>2026-05-18T18:08:02Z</time>
					</trkpt>
					<trkpt lat="44.210470" lon="1.406280">
						<ele>210</ele>
						<time>2026-05-18T18:08:14Z</time>
					</trkpt>
					<trkpt lat="44.210070" lon="1.406260">
						<ele>212</ele>
						<time>2026-05-18T18:08:21Z</time>
					</trkpt>
					<trkpt lat="44.209520" lon="1.406660">
						<ele>211</ele>
						<time>2026-05-18T18:08:32Z</time>
					</trkpt>
					<trkpt lat="44.209310" lon="1.406790">
						<ele>210</ele>
						<time>2026-05-18T18:08:36Z</time>
					</trkpt>
					<trkpt lat="44.209160" lon="1.406800">
						<ele>210</ele>
						<time>2026-05-18T18:08:39Z</time>
					</trkpt>
					<trkpt lat="44.209030" lon="1.406750">
						<ele>210</ele>
						<time>2026-05-18T18:08:41Z</time>
					</trkpt>
					<trkpt lat="44.208980" lon="1.406690">
						<ele>210</ele>
						<time>2026-05-18T18:08:43Z</time>
					</trkpt>
					<trkpt lat="44.208910" lon="1.406610">
						<ele>209</ele>
						<time>2026-05-18T18:08:44Z</time>
					</trkpt>
					<trkpt lat="44.208680" lon="1.405990">
						<ele>209</ele>
						<time>2026-05-18T18:08:53Z</time>
					</trkpt>
					<trkpt lat="44.208460" lon="1.405510">
						<ele>206</ele>
						<time>2026-05-18T18:09:00Z</time>
					</trkpt>
					<trkpt lat="44.208410" lon="1.405450">
						<ele>206</ele>
						<time>2026-05-18T18:09:02Z</time>
					</trkpt>
					<trkpt lat="44.208290" lon="1.405280">
						<ele>205</ele>
						<time>2026-05-18T18:09:05Z</time>
					</trkpt>
					<trkpt lat="44.208100" lon="1.405110">
						<ele>204</ele>
						<time>2026-05-18T18:09:09Z</time>
					</trkpt>
					<trkpt lat="44.207710" lon="1.404890">
						<ele>203</ele>
						<time>2026-05-18T18:09:16Z</time>
					</trkpt>
					<trkpt lat="44.206100" lon="1.403560">
						<ele>202</ele>
						<time>2026-05-18T18:09:49Z</time>
					</trkpt>
					<trkpt lat="44.205930" lon="1.403460">
						<ele>202</ele>
						<time>2026-05-18T18:09:53Z</time>
					</trkpt>
					<trkpt lat="44.204710" lon="1.403110">
						<ele>206</ele>
						<time>2026-05-18T18:10:15Z</time>
					</trkpt>
					<trkpt lat="44.204440" lon="1.402990">
						<ele>209</ele>
						<time>2026-05-18T18:10:20Z</time>
					</trkpt>
					<trkpt lat="44.204230" lon="1.402820">
						<ele>211</ele>
						<time>2026-05-18T18:10:24Z</time>
					</trkpt>
					<trkpt lat="44.204070" lon="1.402560">
						<ele>212</ele>
						<time>2026-05-18T18:10:29Z</time>
					</trkpt>
					<trkpt lat="44.203690" lon="1.401850">
						<ele>215</ele>
						<time>2026-05-18T18:10:40Z</time>
					</trkpt>
					<trkpt lat="44.203650" lon="1.401720">
						<ele>215</ele>
						<time>2026-05-18T18:10:42Z</time>
					</trkpt>
					<trkpt lat="44.203610" lon="1.401580">
						<ele>215</ele>
						<time>2026-05-18T18:10:44Z</time>
					</trkpt>
					<trkpt lat="44.203600" lon="1.401470">
						<ele>215</ele>
						<time>2026-05-18T18:10:45Z</time>
					</trkpt>
					<trkpt lat="44.203610" lon="1.401370">
						<ele>215</ele>
						<time>2026-05-18T18:10:46Z</time>
					</trkpt>
					<trkpt lat="44.203650" lon="1.401190">
						<ele>214</ele>
						<time>2026-05-18T18:10:49Z</time>
					</trkpt>
					<trkpt lat="44.204150" lon="1.399140">
						<ele>205</ele>
						<time>2026-05-18T18:11:16Z</time>
					</trkpt>
					<trkpt lat="44.204170" lon="1.398970">
						<ele>204</ele>
						<time>2026-05-18T18:11:19Z</time>
					</trkpt>
					<trkpt lat="44.204170" lon="1.398870">
						<ele>203</ele>
						<time>2026-05-18T18:11:20Z</time>
					</trkpt>
					<trkpt lat="44.204160" lon="1.398760">
						<ele>203</ele>
						<time>2026-05-18T18:11:21Z</time>
					</trkpt>
					<trkpt lat="44.204140" lon="1.398650">
						<ele>202</ele>
						<time>2026-05-18T18:11:23Z</time>
					</trkpt>
					<trkpt lat="44.204100" lon="1.398550">
						<ele>202</ele>
						<time>2026-05-18T18:11:24Z</time>
					</trkpt>
					<trkpt lat="44.204050" lon="1.398450">
						<ele>201</ele>
						<time>2026-05-18T18:11:26Z</time>
					</trkpt>
					<trkpt lat="44.203940" lon="1.398270">
						<ele>200</ele>
						<time>2026-05-18T18:11:29Z</time>
					</trkpt>
					<trkpt lat="44.203870" lon="1.398190">
						<ele>199</ele>
						<time>2026-05-18T18:11:30Z</time>
					</trkpt>
					<trkpt lat="44.203800" lon="1.398120">
						<ele>199</ele>
						<time>2026-05-18T18:11:32Z</time>
					</trkpt>
					<trkpt lat="44.203280" lon="1.397710">
						<ele>197</ele>
						<time>2026-05-18T18:11:42Z</time>
					</trkpt>
					<trkpt lat="44.203190" lon="1.397630">
						<ele>196</ele>
						<time>2026-05-18T18:11:44Z</time>
					</trkpt>
					<trkpt lat="44.203120" lon="1.397550">
						<ele>195</ele>
						<time>2026-05-18T18:11:46Z</time>
					</trkpt>
					<trkpt lat="44.203050" lon="1.397470">
						<ele>195</ele>
						<time>2026-05-18T18:11:48Z</time>
					</trkpt>
					<trkpt lat="44.203010" lon="1.397400">
						<ele>194</ele>
						<time>2026-05-18T18:11:49Z</time>
					</trkpt>
					<trkpt lat="44.202950" lon="1.397280">
						<ele>194</ele>
						<time>2026-05-18T18:11:51Z</time>
					</trkpt>
					<trkpt lat="44.202880" lon="1.397090">
						<ele>194</ele>
						<time>2026-05-18T18:11:53Z</time>
					</trkpt>
					<trkpt lat="44.202740" lon="1.396520">
						<ele>195</ele>
						<time>2026-05-18T18:12:01Z</time>
					</trkpt>
					<trkpt lat="44.202620" lon="1.396170">
						<ele>197</ele>
						<time>2026-05-18T18:12:06Z</time>
					</trkpt>
					<trkpt lat="44.202490" lon="1.395860">
						<ele>200</ele>
						<time>2026-05-18T18:12:11Z</time>
					</trkpt>
					<trkpt lat="44.202400" lon="1.395670">
						<ele>200</ele>
						<time>2026-05-18T18:12:13Z</time>
					</trkpt>
					<trkpt lat="44.202250" lon="1.395370">
						<ele>201</ele>
						<time>2026-05-18T18:12:18Z</time>
					</trkpt>
					<trkpt lat="44.202040" lon="1.395030">
						<ele>203</ele>
						<time>2026-05-18T18:12:24Z</time>
					</trkpt>
					<trkpt lat="44.202010" lon="1.394980">
						<ele>203</ele>
						<time>2026-05-18T18:12:25Z</time>
					</trkpt>
					<trkpt lat="44.201660" lon="1.394510">
						<ele>204</ele>
						<time>2026-05-18T18:12:33Z</time>
					</trkpt>
					<trkpt lat="44.201450" lon="1.394240">
						<ele>203</ele>
						<time>2026-05-18T18:12:38Z</time>
					</trkpt>
					<trkpt lat="44.201200" lon="1.393930">
						<ele>201</ele>
						<time>2026-05-18T18:12:44Z</time>
					</trkpt>
					<trkpt lat="44.201070" lon="1.393760">
						<ele>201</ele>
						<time>2026-05-18T18:12:48Z</time>
					</trkpt>
					<trkpt lat="44.200870" lon="1.393480">
						<ele>201</ele>
						<time>2026-05-18T18:12:53Z</time>
					</trkpt>
					<trkpt lat="44.200630" lon="1.393060">
						<ele>197</ele>
						<time>2026-05-18T18:12:59Z</time>
					</trkpt>
					<trkpt lat="44.200460" lon="1.392750">
						<ele>195</ele>
						<time>2026-05-18T18:13:04Z</time>
					</trkpt>
					<trkpt lat="44.200360" lon="1.392540">
						<ele>194</ele>
						<time>2026-05-18T18:13:08Z</time>
					</trkpt>
					<trkpt lat="44.200210" lon="1.392190">
						<ele>195</ele>
						<time>2026-05-18T18:13:13Z</time>
					</trkpt>
					<trkpt lat="44.200130" lon="1.391980">
						<ele>196</ele>
						<time>2026-05-18T18:13:16Z</time>
					</trkpt>
					<trkpt lat="44.199990" lon="1.391510">
						<ele>199</ele>
						<time>2026-05-18T18:13:22Z</time>
					</trkpt>
					<trkpt lat="44.199420" lon="1.389410">
						<ele>198</ele>
						<time>2026-05-18T18:13:51Z</time>
					</trkpt>
					<trkpt lat="44.199370" lon="1.389080">
						<ele>198</ele>
						<time>2026-05-18T18:13:55Z</time>
					</trkpt>
					<trkpt lat="44.199380" lon="1.388720">
						<ele>199</ele>
						<time>2026-05-18T18:14:00Z</time>
					</trkpt>
					<trkpt lat="44.199430" lon="1.388530">
						<ele>199</ele>
						<time>2026-05-18T18:14:02Z</time>
					</trkpt>
					<trkpt lat="44.199480" lon="1.388330">
						<ele>199</ele>
						<time>2026-05-18T18:14:05Z</time>
					</trkpt>
					<trkpt lat="44.199630" lon="1.387870">
						<ele>201</ele>
						<time>2026-05-18T18:14:12Z</time>
					</trkpt>
					<trkpt lat="44.199960" lon="1.386890">
						<ele>203</ele>
						<time>2026-05-18T18:14:25Z</time>
					</trkpt>
					<trkpt lat="44.200260" lon="1.385690">
						<ele>199</ele>
						<time>2026-05-18T18:14:42Z</time>
					</trkpt>
					<trkpt lat="44.200480" lon="1.385220">
						<ele>197</ele>
						<time>2026-05-18T18:14:49Z</time>
					</trkpt>
					<trkpt lat="44.200700" lon="1.384850">
						<ele>197</ele>
						<time>2026-05-18T18:14:55Z</time>
					</trkpt>
					<trkpt lat="44.201560" lon="1.383740">
						<ele>195</ele>
						<time>2026-05-18T18:15:16Z</time>
					</trkpt>
					<trkpt lat="44.201710" lon="1.383450">
						<ele>193</ele>
						<time>2026-05-18T18:15:20Z</time>
					</trkpt>
					<trkpt lat="44.202690" lon="1.380600">
						<ele>180</ele>
						<time>2026-05-18T18:16:01Z</time>
					</trkpt>
					<trkpt lat="44.202740" lon="1.380350">
						<ele>179</ele>
						<time>2026-05-18T18:16:04Z</time>
					</trkpt>
					<trkpt lat="44.202760" lon="1.380010">
						<ele>178</ele>
						<time>2026-05-18T18:16:08Z</time>
					</trkpt>
					<trkpt lat="44.201910" lon="1.376130">
						<ele>164</ele>
						<time>2026-05-18T18:17:00Z</time>
					</trkpt>
					<trkpt lat="44.201760" lon="1.375680">
						<ele>162</ele>
						<time>2026-05-18T18:17:06Z</time>
					</trkpt>
					<trkpt lat="44.201190" lon="1.374820">
						<ele>157</ele>
						<time>2026-05-18T18:17:21Z</time>
					</trkpt>
					<trkpt lat="44.200910" lon="1.374430">
						<ele>156</ele>
						<time>2026-05-18T18:17:28Z</time>
					</trkpt>
					<trkpt lat="44.199580" lon="1.373060">
						<ele>153</ele>
						<time>2026-05-18T18:17:58Z</time>
					</trkpt>
					<trkpt lat="44.199140" lon="1.372710">
						<ele>154</ele>
						<time>2026-05-18T18:18:07Z</time>
					</trkpt>
					<trkpt lat="44.198890" lon="1.372570">
						<ele>155</ele>
						<time>2026-05-18T18:18:12Z</time>
					</trkpt>
					<trkpt lat="44.197920" lon="1.371970">
						<ele>153</ele>
						<time>2026-05-18T18:18:30Z</time>
					</trkpt>
					<trkpt lat="44.197280" lon="1.371570">
						<ele>155</ele>
						<time>2026-05-18T18:18:43Z</time>
					</trkpt>
					<trkpt lat="44.196180" lon="1.370870">
						<ele>161</ele>
						<time>2026-05-18T18:19:04Z</time>
					</trkpt>
					<trkpt lat="44.196100" lon="1.370820">
						<ele>162</ele>
						<time>2026-05-18T18:19:06Z</time>
					</trkpt>
					<trkpt lat="44.195910" lon="1.370700">
						<ele>163</ele>
						<time>2026-05-18T18:19:10Z</time>
					</trkpt>
					<trkpt lat="44.194950" lon="1.369850">
						<ele>159</ele>
						<time>2026-05-18T18:19:30Z</time>
					</trkpt>
					<trkpt lat="44.194790" lon="1.369710">
						<ele>157</ele>
						<time>2026-05-18T18:19:33Z</time>
					</trkpt>
					<trkpt lat="44.194590" lon="1.369500">
						<ele>156</ele>
						<time>2026-05-18T18:19:38Z</time>
					</trkpt>
					<trkpt lat="44.194450" lon="1.369270">
						<ele>156</ele>
						<time>2026-05-18T18:19:42Z</time>
					</trkpt>
					<trkpt lat="44.194480" lon="1.369210">
						<ele>157</ele>
						<time>2026-05-18T18:19:43Z</time>
					</trkpt>
					<trkpt lat="44.194480" lon="1.369180">
						<ele>157</ele>
						<time>2026-05-18T18:19:43Z</time>
					</trkpt>
					<trkpt lat="44.194470" lon="1.369120">
						<ele>157</ele>
						<time>2026-05-18T18:19:44Z</time>
					</trkpt>
					<trkpt lat="44.194430" lon="1.369080">
						<ele>157</ele>
						<time>2026-05-18T18:19:45Z</time>
					</trkpt>
					<trkpt lat="44.194410" lon="1.369070">
						<ele>157</ele>
						<time>2026-05-18T18:19:45Z</time>
					</trkpt>
					<trkpt lat="44.194360" lon="1.369090">
						<ele>157</ele>
						<time>2026-05-18T18:19:46Z</time>
					</trkpt>
					<trkpt lat="44.194320" lon="1.368960">
						<ele>158</ele>
						<time>2026-05-18T18:19:48Z</time>
					</trkpt>
					<trkpt lat="44.194240" lon="1.368660">
						<ele>159</ele>
						<time>2026-05-18T18:19:52Z</time>
					</trkpt>
					<trkpt lat="44.194240" lon="1.368650">
						<ele>159</ele>
						<time>2026-05-18T18:19:52Z</time>
					</trkpt>
					<trkpt lat="44.194240" lon="1.368650">
						<ele>159</ele>
						<time>2026-05-18T18:19:52Z</time>
					</trkpt>
					<trkpt lat="44.194240" lon="1.368650">
						<ele>159</ele>
						<time>2026-05-18T18:19:52Z</time>
					</trkpt>
					<trkpt lat="44.194240" lon="1.368660">
						<ele>159</ele>
						<time>2026-05-18T18:19:52Z</time>
					</trkpt>
					</trkseg>
				</trk>
			</gpx>
