<?xml version="1.0" encoding="UTF-8" ?>
<gpx version="1.1" xmlns:xsi="http://www.w3.org/2001/XMLSchema-instance"
    xmlns="http://www.topografix.com/GPX/1/1"
    xsi:schemaLocation="http://www.topografix.com/GPX/1/1 http://www.topografix.com/GPX/1/1/gpx.xsd"
    creator="Openrunner - https://www.openrunner.com" >	<trk>
	                   <name>RBQ 85 KM 13 septembre 2026-24112270</name>
						<trkseg>
					<trkpt lat="44.194210" lon="1.368550">
						<ele>160</ele>
						<time>2026-05-18T15:29:21Z</time>
					</trkpt>
					<trkpt lat="44.194040" lon="1.367890">
						<ele>162</ele>
						<time>2026-05-18T15:29:30Z</time>
					</trkpt>
					<trkpt lat="44.193850" lon="1.367210">
						<ele>164</ele>
						<time>2026-05-18T15:29:39Z</time>
					</trkpt>
					<trkpt lat="44.193610" lon="1.366130">
						<ele>170</ele>
						<time>2026-05-18T15:29:54Z</time>
					</trkpt>
					<trkpt lat="44.193510" lon="1.365760">
						<ele>172</ele>
						<time>2026-05-18T15:29:59Z</time>
					</trkpt>
					<trkpt lat="44.193450" lon="1.365460">
						<ele>172</ele>
						<time>2026-05-18T15:30:03Z</time>
					</trkpt>
					<trkpt lat="44.193410" lon="1.365120">
						<ele>173</ele>
						<time>2026-05-18T15:30:07Z</time>
					</trkpt>
					<trkpt lat="44.193360" lon="1.364680">
						<ele>173</ele>
						<time>2026-05-18T15:30:13Z</time>
					</trkpt>
					<trkpt lat="44.193310" lon="1.364290">
						<ele>174</ele>
						<time>2026-05-18T15:30:18Z</time>
					</trkpt>
					<trkpt lat="44.193270" lon="1.363820">
						<ele>174</ele>
						<time>2026-05-18T15:30:24Z</time>
					</trkpt>
					<trkpt lat="44.193260" lon="1.363620">
						<ele>175</ele>
						<time>2026-05-18T15:30:26Z</time>
					</trkpt>
					<trkpt lat="44.193220" lon="1.363490">
						<ele>174</ele>
						<time>2026-05-18T15:30:28Z</time>
					</trkpt>
					<trkpt lat="44.193160" lon="1.363330">
						<ele>175</ele>
						<time>2026-05-18T15:30:31Z</time>
					</trkpt>
					<trkpt lat="44.192900" lon="1.362920">
						<ele>175</ele>
						<time>2026-05-18T15:30:38Z</time>
					</trkpt>
					<trkpt lat="44.192560" lon="1.362440">
						<ele>177</ele>
						<time>2026-05-18T15:30:46Z</time>
					</trkpt>
					<trkpt lat="44.192440" lon="1.362280">
						<ele>177</ele>
						<time>2026-05-18T15:30:49Z</time>
					</trkpt>
					<trkpt lat="44.192380" lon="1.362130">
						<ele>177</ele>
						<time>2026-05-18T15:30:51Z</time>
					</trkpt>
					<trkpt lat="44.192350" lon="1.362050">
						<ele>177</ele>
						<time>2026-05-18T15:30:52Z</time>
					</trkpt>
					<trkpt lat="44.192270" lon="1.361610">
						<ele>177</ele>
						<time>2026-05-18T15:30:58Z</time>
					</trkpt>
					<trkpt lat="44.192250" lon="1.361410">
						<ele>176</ele>
						<time>2026-05-18T15:31:01Z</time>
					</trkpt>
					<trkpt lat="44.192210" lon="1.360950">
						<ele>176</ele>
						<time>2026-05-18T15:31:07Z</time>
					</trkpt>
					<trkpt lat="44.192140" lon="1.360460">
						<ele>175</ele>
						<time>2026-05-18T15:31:13Z</time>
					</trkpt>
					<trkpt lat="44.192100" lon="1.360290">
						<ele>175</ele>
						<time>2026-05-18T15:31:15Z</time>
					</trkpt>
					<trkpt lat="44.192050" lon="1.360180">
						<ele>174</ele>
						<time>2026-05-18T15:31:17Z</time>
					</trkpt>
					<trkpt lat="44.191870" lon="1.359960">
						<ele>174</ele>
						<time>2026-05-18T15:31:21Z</time>
					</trkpt>
					<trkpt lat="44.191810" lon="1.359890">
						<ele>173</ele>
						<time>2026-05-18T15:31:23Z</time>
					</trkpt>
					<trkpt lat="44.191670" lon="1.359780">
						<ele>172</ele>
						<time>2026-05-18T15:31:26Z</time>
					</trkpt>
					<trkpt lat="44.191500" lon="1.359670">
						<ele>171</ele>
						<time>2026-05-18T15:31:29Z</time>
					</trkpt>
					<trkpt lat="44.191400" lon="1.359610">
						<ele>170</ele>
						<time>2026-05-18T15:31:31Z</time>
					</trkpt>
					<trkpt lat="44.191220" lon="1.359540">
						<ele>169</ele>
						<time>2026-05-18T15:31:34Z</time>
					</trkpt>
					<trkpt lat="44.190990" lon="1.359490">
						<ele>169</ele>
						<time>2026-05-18T15:31:38Z</time>
					</trkpt>
					<trkpt lat="44.190870" lon="1.359480">
						<ele>168</ele>
						<time>2026-05-18T15:31:40Z</time>
					</trkpt>
					<trkpt lat="44.190730" lon="1.359480">
						<ele>168</ele>
						<time>2026-05-18T15:31:43Z</time>
					</trkpt>
					<trkpt lat="44.189790" lon="1.359540">
						<ele>164</ele>
						<time>2026-05-18T15:32:00Z</time>
					</trkpt>
					<trkpt lat="44.189070" lon="1.359590">
						<ele>165</ele>
						<time>2026-05-18T15:32:12Z</time>
					</trkpt>
					<trkpt lat="44.188860" lon="1.359600">
						<ele>165</ele>
						<time>2026-05-18T15:32:16Z</time>
					</trkpt>
					<trkpt lat="44.188620" lon="1.359570">
						<ele>166</ele>
						<time>2026-05-18T15:32:20Z</time>
					</trkpt>
					<trkpt lat="44.188240" lon="1.359460">
						<ele>165</ele>
						<time>2026-05-18T15:32:27Z</time>
					</trkpt>
					<trkpt lat="44.188020" lon="1.359380">
						<ele>165</ele>
						<time>2026-05-18T15:32:31Z</time>
					</trkpt>
					<trkpt lat="44.187740" lon="1.359290">
						<ele>164</ele>
						<time>2026-05-18T15:32:37Z</time>
					</trkpt>
					<trkpt lat="44.187020" lon="1.359020">
						<ele>164</ele>
						<time>2026-05-18T15:32:50Z</time>
					</trkpt>
					<trkpt lat="44.186730" lon="1.358810">
						<ele>164</ele>
						<time>2026-05-18T15:32:56Z</time>
					</trkpt>
					<trkpt lat="44.185960" lon="1.357930">
						<ele>163</ele>
						<time>2026-05-18T15:33:13Z</time>
					</trkpt>
					<trkpt lat="44.185680" lon="1.357610">
						<ele>163</ele>
						<time>2026-05-18T15:33:20Z</time>
					</trkpt>
					<trkpt lat="44.185520" lon="1.357460">
						<ele>164</ele>
						<time>2026-05-18T15:33:23Z</time>
					</trkpt>
					<trkpt lat="44.185370" lon="1.357380">
						<ele>164</ele>
						<time>2026-05-18T15:33:26Z</time>
					</trkpt>
					<trkpt lat="44.185010" lon="1.357390">
						<ele>164</ele>
						<time>2026-05-18T15:33:32Z</time>
					</trkpt>
					<trkpt lat="44.184900" lon="1.357390">
						<ele>165</ele>
						<time>2026-05-18T15:33:34Z</time>
					</trkpt>
					<trkpt lat="44.184680" lon="1.357440">
						<ele>165</ele>
						<time>2026-05-18T15:33:38Z</time>
					</trkpt>
					<trkpt lat="44.184430" lon="1.357540">
						<ele>165</ele>
						<time>2026-05-18T15:33:43Z</time>
					</trkpt>
					<trkpt lat="44.184240" lon="1.357690">
						<ele>164</ele>
						<time>2026-05-18T15:33:47Z</time>
					</trkpt>
					<trkpt lat="44.184000" lon="1.357950">
						<ele>162</ele>
						<time>2026-05-18T15:33:52Z</time>
					</trkpt>
					<trkpt lat="44.183740" lon="1.358340">
						<ele>162</ele>
						<time>2026-05-18T15:33:59Z</time>
					</trkpt>
					<trkpt lat="44.183570" lon="1.358700">
						<ele>163</ele>
						<time>2026-05-18T15:34:05Z</time>
					</trkpt>
					<trkpt lat="44.183190" lon="1.359670">
						<ele>158</ele>
						<time>2026-05-18T15:34:19Z</time>
					</trkpt>
					<trkpt lat="44.182940" lon="1.360020">
						<ele>157</ele>
						<time>2026-05-18T15:34:25Z</time>
					</trkpt>
					<trkpt lat="44.182850" lon="1.360220">
						<ele>156</ele>
						<time>2026-05-18T15:34:28Z</time>
					</trkpt>
					<trkpt lat="44.182660" lon="1.360920">
						<ele>153</ele>
						<time>2026-05-18T15:34:38Z</time>
					</trkpt>
					<trkpt lat="44.182000" lon="1.362220">
						<ele>139</ele>
						<time>2026-05-18T15:34:58Z</time>
					</trkpt>
					<trkpt lat="44.181870" lon="1.362400">
						<ele>138</ele>
						<time>2026-05-18T15:35:01Z</time>
					</trkpt>
					<trkpt lat="44.181730" lon="1.362520">
						<ele>137</ele>
						<time>2026-05-18T15:35:04Z</time>
					</trkpt>
					<trkpt lat="44.181500" lon="1.362560">
						<ele>135</ele>
						<time>2026-05-18T15:35:08Z</time>
					</trkpt>
					<trkpt lat="44.181290" lon="1.362440">
						<ele>135</ele>
						<time>2026-05-18T15:35:12Z</time>
					</trkpt>
					<trkpt lat="44.181040" lon="1.362100">
						<ele>136</ele>
						<time>2026-05-18T15:35:18Z</time>
					</trkpt>
					<trkpt lat="44.180940" lon="1.361930">
						<ele>137</ele>
						<time>2026-05-18T15:35:21Z</time>
					</trkpt>
					<trkpt lat="44.180820" lon="1.361870">
						<ele>137</ele>
						<time>2026-05-18T15:35:24Z</time>
					</trkpt>
					<trkpt lat="44.180700" lon="1.361860">
						<ele>136</ele>
						<time>2026-05-18T15:35:26Z</time>
					</trkpt>
					<trkpt lat="44.180580" lon="1.361960">
						<ele>136</ele>
						<time>2026-05-18T15:35:28Z</time>
					</trkpt>
					<trkpt lat="44.180490" lon="1.362140">
						<ele>135</ele>
						<time>2026-05-18T15:35:31Z</time>
					</trkpt>
					<trkpt lat="44.180390" lon="1.362670">
						<ele>131</ele>
						<time>2026-05-18T15:35:38Z</time>
					</trkpt>
					<trkpt lat="44.180330" lon="1.362860">
						<ele>129</ele>
						<time>2026-05-18T15:35:41Z</time>
					</trkpt>
					<trkpt lat="44.180270" lon="1.363000">
						<ele>128</ele>
						<time>2026-05-18T15:35:43Z</time>
					</trkpt>
					<trkpt lat="44.180080" lon="1.363210">
						<ele>125</ele>
						<time>2026-05-18T15:35:47Z</time>
					</trkpt>
					<trkpt lat="44.179880" lon="1.363350">
						<ele>124</ele>
						<time>2026-05-18T15:35:51Z</time>
					</trkpt>
					<trkpt lat="44.179530" lon="1.363410">
						<ele>123</ele>
						<time>2026-05-18T15:35:57Z</time>
					</trkpt>
					<trkpt lat="44.179440" lon="1.363410">
						<ele>122</ele>
						<time>2026-05-18T15:35:59Z</time>
					</trkpt>
					<trkpt lat="44.179190" lon="1.363420">
						<ele>122</ele>
						<time>2026-05-18T15:36:03Z</time>
					</trkpt>
					<trkpt lat="44.178400" lon="1.363620">
						<ele>119</ele>
						<time>2026-05-18T15:36:18Z</time>
					</trkpt>
					<trkpt lat="44.178150" lon="1.363740">
						<ele>117</ele>
						<time>2026-05-18T15:36:22Z</time>
					</trkpt>
					<trkpt lat="44.176990" lon="1.364540">
						<ele>109</ele>
						<time>2026-05-18T15:36:45Z</time>
					</trkpt>
					<trkpt lat="44.176840" lon="1.364630">
						<ele>108</ele>
						<time>2026-05-18T15:36:48Z</time>
					</trkpt>
					<trkpt lat="44.176590" lon="1.364670">
						<ele>107</ele>
						<time>2026-05-18T15:36:53Z</time>
					</trkpt>
					<trkpt lat="44.176320" lon="1.364640">
						<ele>108</ele>
						<time>2026-05-18T15:36:58Z</time>
					</trkpt>
					<trkpt lat="44.175950" lon="1.364510">
						<ele>108</ele>
						<time>2026-05-18T15:37:04Z</time>
					</trkpt>
					<trkpt lat="44.175780" lon="1.364460">
						<ele>109</ele>
						<time>2026-05-18T15:37:07Z</time>
					</trkpt>
					<trkpt lat="44.175760" lon="1.364450">
						<ele>109</ele>
						<time>2026-05-18T15:37:08Z</time>
					</trkpt>
					<trkpt lat="44.173480" lon="1.363850">
						<ele>112</ele>
						<time>2026-05-18T15:37:49Z</time>
					</trkpt>
					<trkpt lat="44.172070" lon="1.363440">
						<ele>118</ele>
						<time>2026-05-18T15:38:15Z</time>
					</trkpt>
					<trkpt lat="44.171930" lon="1.364630">
						<ele>120</ele>
						<time>2026-05-18T15:38:30Z</time>
					</trkpt>
					<trkpt lat="44.171730" lon="1.365520">
						<ele>122</ele>
						<time>2026-05-18T15:38:42Z</time>
					</trkpt>
					<trkpt lat="44.171320" lon="1.366900">
						<ele>124</ele>
						<time>2026-05-18T15:39:01Z</time>
					</trkpt>
					<trkpt lat="44.170560" lon="1.369260">
						<ele>127</ele>
						<time>2026-05-18T15:39:34Z</time>
					</trkpt>
					<trkpt lat="44.170460" lon="1.369880">
						<ele>129</ele>
						<time>2026-05-18T15:39:42Z</time>
					</trkpt>
					<trkpt lat="44.170410" lon="1.370840">
						<ele>130</ele>
						<time>2026-05-18T15:39:54Z</time>
					</trkpt>
					<trkpt lat="44.170380" lon="1.371310">
						<ele>130</ele>
						<time>2026-05-18T15:40:00Z</time>
					</trkpt>
					<trkpt lat="44.170330" lon="1.371750">
						<ele>131</ele>
						<time>2026-05-18T15:40:06Z</time>
					</trkpt>
					<trkpt lat="44.170190" lon="1.372450">
						<ele>125</ele>
						<time>2026-05-18T15:40:15Z</time>
					</trkpt>
					<trkpt lat="44.170090" lon="1.372930">
						<ele>124</ele>
						<time>2026-05-18T15:40:22Z</time>
					</trkpt>
					<trkpt lat="44.170020" lon="1.373320">
						<ele>124</ele>
						<time>2026-05-18T15:40:27Z</time>
					</trkpt>
					<trkpt lat="44.170000" lon="1.373580">
						<ele>125</ele>
						<time>2026-05-18T15:40:30Z</time>
					</trkpt>
					<trkpt lat="44.170030" lon="1.373890">
						<ele>126</ele>
						<time>2026-05-18T15:40:34Z</time>
					</trkpt>
					<trkpt lat="44.170080" lon="1.374350">
						<ele>127</ele>
						<time>2026-05-18T15:40:40Z</time>
					</trkpt>
					<trkpt lat="44.170100" lon="1.374730">
						<ele>127</ele>
						<time>2026-05-18T15:40:45Z</time>
					</trkpt>
					<trkpt lat="44.170090" lon="1.375090">
						<ele>127</ele>
						<time>2026-05-18T15:40:50Z</time>
					</trkpt>
					<trkpt lat="44.170090" lon="1.375310">
						<ele>127</ele>
						<time>2026-05-18T15:40:53Z</time>
					</trkpt>
					<trkpt lat="44.170040" lon="1.375670">
						<ele>126</ele>
						<time>2026-05-18T15:40:57Z</time>
					</trkpt>
					<trkpt lat="44.169940" lon="1.375870">
						<ele>126</ele>
						<time>2026-05-18T15:41:00Z</time>
					</trkpt>
					<trkpt lat="44.169770" lon="1.376060">
						<ele>128</ele>
						<time>2026-05-18T15:41:04Z</time>
					</trkpt>
					<trkpt lat="44.169160" lon="1.376300">
						<ele>134</ele>
						<time>2026-05-18T15:41:15Z</time>
					</trkpt>
					<trkpt lat="44.169040" lon="1.376490">
						<ele>135</ele>
						<time>2026-05-18T15:41:19Z</time>
					</trkpt>
					<trkpt lat="44.168980" lon="1.377330">
						<ele>135</ele>
						<time>2026-05-18T15:41:29Z</time>
					</trkpt>
					<trkpt lat="44.168800" lon="1.378210">
						<ele>137</ele>
						<time>2026-05-18T15:41:41Z</time>
					</trkpt>
					<trkpt lat="44.168770" lon="1.378720">
						<ele>137</ele>
						<time>2026-05-18T15:41:48Z</time>
					</trkpt>
					<trkpt lat="44.168960" lon="1.379720">
						<ele>138</ele>
						<time>2026-05-18T15:42:01Z</time>
					</trkpt>
					<trkpt lat="44.168980" lon="1.380100">
						<ele>139</ele>
						<time>2026-05-18T15:42:06Z</time>
					</trkpt>
					<trkpt lat="44.168970" lon="1.380240">
						<ele>139</ele>
						<time>2026-05-18T15:42:08Z</time>
					</trkpt>
					<trkpt lat="44.168940" lon="1.380430">
						<ele>138</ele>
						<time>2026-05-18T15:42:10Z</time>
					</trkpt>
					<trkpt lat="44.168820" lon="1.380570">
						<ele>138</ele>
						<time>2026-05-18T15:42:13Z</time>
					</trkpt>
					<trkpt lat="44.168610" lon="1.380770">
						<ele>137</ele>
						<time>2026-05-18T15:42:17Z</time>
					</trkpt>
					<trkpt lat="44.168520" lon="1.380800">
						<ele>137</ele>
						<time>2026-05-18T15:42:19Z</time>
					</trkpt>
					<trkpt lat="44.168200" lon="1.380810">
						<ele>137</ele>
						<time>2026-05-18T15:42:25Z</time>
					</trkpt>
					<trkpt lat="44.168070" lon="1.380870">
						<ele>137</ele>
						<time>2026-05-18T15:42:27Z</time>
					</trkpt>
					<trkpt lat="44.168040" lon="1.380930">
						<ele>137</ele>
						<time>2026-05-18T15:42:28Z</time>
					</trkpt>
					<trkpt lat="44.167990" lon="1.381020">
						<ele>136</ele>
						<time>2026-05-18T15:42:29Z</time>
					</trkpt>
					<trkpt lat="44.167760" lon="1.383390">
						<ele>134</ele>
						<time>2026-05-18T15:43:00Z</time>
					</trkpt>
					<trkpt lat="44.167710" lon="1.384050">
						<ele>132</ele>
						<time>2026-05-18T15:43:08Z</time>
					</trkpt>
					<trkpt lat="44.167760" lon="1.384370">
						<ele>131</ele>
						<time>2026-05-18T15:43:13Z</time>
					</trkpt>
					<trkpt lat="44.168090" lon="1.385700">
						<ele>131</ele>
						<time>2026-05-18T15:43:31Z</time>
					</trkpt>
					<trkpt lat="44.168110" lon="1.386200">
						<ele>131</ele>
						<time>2026-05-18T15:43:37Z</time>
					</trkpt>
					<trkpt lat="44.167990" lon="1.388650">
						<ele>126</ele>
						<time>2026-05-18T15:44:08Z</time>
					</trkpt>
					<trkpt lat="44.167830" lon="1.389410">
						<ele>124</ele>
						<time>2026-05-18T15:44:18Z</time>
					</trkpt>
					<trkpt lat="44.167540" lon="1.390040">
						<ele>122</ele>
						<time>2026-05-18T15:44:28Z</time>
					</trkpt>
					<trkpt lat="44.166820" lon="1.391130">
						<ele>120</ele>
						<time>2026-05-18T15:44:47Z</time>
					</trkpt>
					<trkpt lat="44.165920" lon="1.392660">
						<ele>118</ele>
						<time>2026-05-18T15:45:12Z</time>
					</trkpt>
					<trkpt lat="44.165920" lon="1.392670">
						<ele>118</ele>
						<time>2026-05-18T15:45:12Z</time>
					</trkpt>
					<trkpt lat="44.165880" lon="1.392730">
						<ele>118</ele>
						<time>2026-05-18T15:45:13Z</time>
					</trkpt>
					<trkpt lat="44.165870" lon="1.392760">
						<ele>118</ele>
						<time>2026-05-18T15:45:14Z</time>
					</trkpt>
					<trkpt lat="44.165530" lon="1.393340">
						<ele>117</ele>
						<time>2026-05-18T15:45:23Z</time>
					</trkpt>
					<trkpt lat="44.165000" lon="1.393720">
						<ele>117</ele>
						<time>2026-05-18T15:45:34Z</time>
					</trkpt>
					<trkpt lat="44.164350" lon="1.394270">
						<ele>119</ele>
						<time>2026-05-18T15:45:47Z</time>
					</trkpt>
					<trkpt lat="44.164020" lon="1.395240">
						<ele>120</ele>
						<time>2026-05-18T15:46:01Z</time>
					</trkpt>
					<trkpt lat="44.163880" lon="1.395590">
						<ele>121</ele>
						<time>2026-05-18T15:46:06Z</time>
					</trkpt>
					<trkpt lat="44.163690" lon="1.395910">
						<ele>121</ele>
						<time>2026-05-18T15:46:12Z</time>
					</trkpt>
					<trkpt lat="44.163290" lon="1.396330">
						<ele>121</ele>
						<time>2026-05-18T15:46:20Z</time>
					</trkpt>
					<trkpt lat="44.162110" lon="1.398100">
						<ele>126</ele>
						<time>2026-05-18T15:46:51Z</time>
					</trkpt>
					<trkpt lat="44.161840" lon="1.398550">
						<ele>125</ele>
						<time>2026-05-18T15:46:59Z</time>
					</trkpt>
					<trkpt lat="44.161680" lon="1.398960">
						<ele>123</ele>
						<time>2026-05-18T15:47:05Z</time>
					</trkpt>
					<trkpt lat="44.161320" lon="1.399740">
						<ele>123</ele>
						<time>2026-05-18T15:47:17Z</time>
					</trkpt>
					<trkpt lat="44.160650" lon="1.400840">
						<ele>123</ele>
						<time>2026-05-18T15:47:35Z</time>
					</trkpt>
					<trkpt lat="44.160500" lon="1.401060">
						<ele>124</ele>
						<time>2026-05-18T15:47:39Z</time>
					</trkpt>
					<trkpt lat="44.160330" lon="1.401210">
						<ele>124</ele>
						<time>2026-05-18T15:47:42Z</time>
					</trkpt>
					<trkpt lat="44.160150" lon="1.401290">
						<ele>124</ele>
						<time>2026-05-18T15:47:46Z</time>
					</trkpt>
					<trkpt lat="44.159060" lon="1.401630">
						<ele>127</ele>
						<time>2026-05-18T15:48:06Z</time>
					</trkpt>
					<trkpt lat="44.158630" lon="1.401800">
						<ele>127</ele>
						<time>2026-05-18T15:48:14Z</time>
					</trkpt>
					<trkpt lat="44.158130" lon="1.402120">
						<ele>128</ele>
						<time>2026-05-18T15:48:23Z</time>
					</trkpt>
					<trkpt lat="44.157390" lon="1.402640">
						<ele>129</ele>
						<time>2026-05-18T15:48:38Z</time>
					</trkpt>
					<trkpt lat="44.157100" lon="1.402890">
						<ele>131</ele>
						<time>2026-05-18T15:48:44Z</time>
					</trkpt>
					<trkpt lat="44.156450" lon="1.403700">
						<ele>131</ele>
						<time>2026-05-18T15:49:00Z</time>
					</trkpt>
					<trkpt lat="44.156080" lon="1.404110">
						<ele>131</ele>
						<time>2026-05-18T15:49:08Z</time>
					</trkpt>
					<trkpt lat="44.155780" lon="1.404330">
						<ele>131</ele>
						<time>2026-05-18T15:49:14Z</time>
					</trkpt>
					<trkpt lat="44.154990" lon="1.404730">
						<ele>135</ele>
						<time>2026-05-18T15:49:29Z</time>
					</trkpt>
					<trkpt lat="44.154680" lon="1.404870">
						<ele>137</ele>
						<time>2026-05-18T15:49:35Z</time>
					</trkpt>
					<trkpt lat="44.154480" lon="1.404890">
						<ele>139</ele>
						<time>2026-05-18T15:49:39Z</time>
					</trkpt>
					<trkpt lat="44.154260" lon="1.404820">
						<ele>140</ele>
						<time>2026-05-18T15:49:43Z</time>
					</trkpt>
					<trkpt lat="44.153940" lon="1.404690">
						<ele>141</ele>
						<time>2026-05-18T15:49:49Z</time>
					</trkpt>
					<trkpt lat="44.153820" lon="1.404710">
						<ele>141</ele>
						<time>2026-05-18T15:49:51Z</time>
					</trkpt>
					<trkpt lat="44.153710" lon="1.404780">
						<ele>142</ele>
						<time>2026-05-18T15:49:53Z</time>
					</trkpt>
					<trkpt lat="44.153590" lon="1.405050">
						<ele>144</ele>
						<time>2026-05-18T15:49:57Z</time>
					</trkpt>
					<trkpt lat="44.153430" lon="1.405420">
						<ele>147</ele>
						<time>2026-05-18T15:50:02Z</time>
					</trkpt>
					<trkpt lat="44.153380" lon="1.405550">
						<ele>149</ele>
						<time>2026-05-18T15:50:04Z</time>
					</trkpt>
					<trkpt lat="44.153240" lon="1.405920">
						<ele>152</ele>
						<time>2026-05-18T15:50:10Z</time>
					</trkpt>
					<trkpt lat="44.153180" lon="1.406250">
						<ele>155</ele>
						<time>2026-05-18T15:50:14Z</time>
					</trkpt>
					<trkpt lat="44.153170" lon="1.406770">
						<ele>159</ele>
						<time>2026-05-18T15:50:21Z</time>
					</trkpt>
					<trkpt lat="44.153130" lon="1.407030">
						<ele>160</ele>
						<time>2026-05-18T15:50:24Z</time>
					</trkpt>
					<trkpt lat="44.152780" lon="1.408530">
						<ele>163</ele>
						<time>2026-05-18T15:50:44Z</time>
					</trkpt>
					<trkpt lat="44.152670" lon="1.408820">
						<ele>164</ele>
						<time>2026-05-18T15:50:48Z</time>
					</trkpt>
					<trkpt lat="44.152450" lon="1.409130">
						<ele>167</ele>
						<time>2026-05-18T15:50:54Z</time>
					</trkpt>
					<trkpt lat="44.152240" lon="1.409390">
						<ele>169</ele>
						<time>2026-05-18T15:50:59Z</time>
					</trkpt>
					<trkpt lat="44.151960" lon="1.409660">
						<ele>173</ele>
						<time>2026-05-18T15:51:05Z</time>
					</trkpt>
					<trkpt lat="44.150660" lon="1.410590">
						<ele>187</ele>
						<time>2026-05-18T15:51:31Z</time>
					</trkpt>
					<trkpt lat="44.150410" lon="1.410810">
						<ele>189</ele>
						<time>2026-05-18T15:51:36Z</time>
					</trkpt>
					<trkpt lat="44.150090" lon="1.411280">
						<ele>193</ele>
						<time>2026-05-18T15:51:44Z</time>
					</trkpt>
					<trkpt lat="44.149700" lon="1.411840">
						<ele>194</ele>
						<time>2026-05-18T15:51:54Z</time>
					</trkpt>
					<trkpt lat="44.147790" lon="1.414210">
						<ele>202</ele>
						<time>2026-05-18T15:52:40Z</time>
					</trkpt>
					<trkpt lat="44.147430" lon="1.414510">
						<ele>203</ele>
						<time>2026-05-18T15:52:47Z</time>
					</trkpt>
					<trkpt lat="44.146460" lon="1.415550">
						<ele>204</ele>
						<time>2026-05-18T15:53:09Z</time>
					</trkpt>
					<trkpt lat="44.145810" lon="1.416420">
						<ele>209</ele>
						<time>2026-05-18T15:53:25Z</time>
					</trkpt>
					<trkpt lat="44.145780" lon="1.416480">
						<ele>209</ele>
						<time>2026-05-18T15:53:26Z</time>
					</trkpt>
					<trkpt lat="44.145760" lon="1.416460">
						<ele>209</ele>
						<time>2026-05-18T15:53:27Z</time>
					</trkpt>
					<trkpt lat="44.145720" lon="1.416440">
						<ele>208</ele>
						<time>2026-05-18T15:53:27Z</time>
					</trkpt>
					<trkpt lat="44.145660" lon="1.416450">
						<ele>208</ele>
						<time>2026-05-18T15:53:28Z</time>
					</trkpt>
					<trkpt lat="44.145640" lon="1.416470">
						<ele>208</ele>
						<time>2026-05-18T15:53:29Z</time>
					</trkpt>
					<trkpt lat="44.145610" lon="1.416510">
						<ele>208</ele>
						<time>2026-05-18T15:53:30Z</time>
					</trkpt>
					<trkpt lat="44.145590" lon="1.416560">
						<ele>208</ele>
						<time>2026-05-18T15:53:30Z</time>
					</trkpt>
					<trkpt lat="44.145600" lon="1.416620">
						<ele>208</ele>
						<time>2026-05-18T15:53:31Z</time>
					</trkpt>
					<trkpt lat="44.145620" lon="1.416680">
						<ele>208</ele>
						<time>2026-05-18T15:53:32Z</time>
					</trkpt>
					<trkpt lat="44.145650" lon="1.416720">
						<ele>209</ele>
						<time>2026-05-18T15:53:33Z</time>
					</trkpt>
					<trkpt lat="44.145670" lon="1.416730">
						<ele>209</ele>
						<time>2026-05-18T15:53:33Z</time>
					</trkpt>
					<trkpt lat="44.145340" lon="1.417780">
						<ele>205</ele>
						<time>2026-05-18T15:53:48Z</time>
					</trkpt>
					<trkpt lat="44.145220" lon="1.418040">
						<ele>206</ele>
						<time>2026-05-18T15:53:52Z</time>
					</trkpt>
					<trkpt lat="44.145060" lon="1.418290">
						<ele>207</ele>
						<time>2026-05-18T15:53:56Z</time>
					</trkpt>
					<trkpt lat="44.144620" lon="1.418780">
						<ele>203</ele>
						<time>2026-05-18T15:54:06Z</time>
					</trkpt>
					<trkpt lat="44.144390" lon="1.419050">
						<ele>203</ele>
						<time>2026-05-18T15:54:11Z</time>
					</trkpt>
					<trkpt lat="44.144260" lon="1.419190">
						<ele>204</ele>
						<time>2026-05-18T15:54:14Z</time>
					</trkpt>
					<trkpt lat="44.144160" lon="1.419440">
						<ele>204</ele>
						<time>2026-05-18T15:54:18Z</time>
					</trkpt>
					<trkpt lat="44.144230" lon="1.419750">
						<ele>206</ele>
						<time>2026-05-18T15:54:22Z</time>
					</trkpt>
					<trkpt lat="44.144180" lon="1.419880">
						<ele>206</ele>
						<time>2026-05-18T15:54:24Z</time>
					</trkpt>
					<trkpt lat="44.144080" lon="1.420000">
						<ele>207</ele>
						<time>2026-05-18T15:54:26Z</time>
					</trkpt>
					<trkpt lat="44.143610" lon="1.420390">
						<ele>207</ele>
						<time>2026-05-18T15:54:36Z</time>
					</trkpt>
					<trkpt lat="44.143420" lon="1.420550">
						<ele>207</ele>
						<time>2026-05-18T15:54:40Z</time>
					</trkpt>
					<trkpt lat="44.143340" lon="1.420630">
						<ele>208</ele>
						<time>2026-05-18T15:54:42Z</time>
					</trkpt>
					<trkpt lat="44.143280" lon="1.420700">
						<ele>208</ele>
						<time>2026-05-18T15:54:43Z</time>
					</trkpt>
					<trkpt lat="44.143210" lon="1.420890">
						<ele>207</ele>
						<time>2026-05-18T15:54:46Z</time>
					</trkpt>
					<trkpt lat="44.143180" lon="1.421010">
						<ele>207</ele>
						<time>2026-05-18T15:54:47Z</time>
					</trkpt>
					<trkpt lat="44.143160" lon="1.421100">
						<ele>206</ele>
						<time>2026-05-18T15:54:49Z</time>
					</trkpt>
					<trkpt lat="44.142620" lon="1.420910">
						<ele>205</ele>
						<time>2026-05-18T15:54:59Z</time>
					</trkpt>
					<trkpt lat="44.142160" lon="1.420770">
						<ele>203</ele>
						<time>2026-05-18T15:55:07Z</time>
					</trkpt>
					<trkpt lat="44.142060" lon="1.421150">
						<ele>199</ele>
						<time>2026-05-18T15:55:12Z</time>
					</trkpt>
					<trkpt lat="44.141940" lon="1.421490">
						<ele>194</ele>
						<time>2026-05-18T15:55:17Z</time>
					</trkpt>
					<trkpt lat="44.142050" lon="1.421530">
						<ele>195</ele>
						<time>2026-05-18T15:55:19Z</time>
					</trkpt>
					<trkpt lat="44.142140" lon="1.421590">
						<ele>195</ele>
						<time>2026-05-18T15:55:21Z</time>
					</trkpt>
					<trkpt lat="44.141960" lon="1.421620">
						<ele>193</ele>
						<time>2026-05-18T15:55:24Z</time>
					</trkpt>
					<trkpt lat="44.141310" lon="1.421580">
						<ele>187</ele>
						<time>2026-05-18T15:55:36Z</time>
					</trkpt>
					<trkpt lat="44.140900" lon="1.421500">
						<ele>184</ele>
						<time>2026-05-18T15:55:43Z</time>
					</trkpt>
					<trkpt lat="44.140670" lon="1.421320">
						<ele>182</ele>
						<time>2026-05-18T15:55:48Z</time>
					</trkpt>
					<trkpt lat="44.140490" lon="1.421210">
						<ele>179</ele>
						<time>2026-05-18T15:55:51Z</time>
					</trkpt>
					<trkpt lat="44.140350" lon="1.421260">
						<ele>175</ele>
						<time>2026-05-18T15:55:54Z</time>
					</trkpt>
					<trkpt lat="44.140260" lon="1.421360">
						<ele>173</ele>
						<time>2026-05-18T15:55:56Z</time>
					</trkpt>
					<trkpt lat="44.140210" lon="1.421510">
						<ele>172</ele>
						<time>2026-05-18T15:55:58Z</time>
					</trkpt>
					<trkpt lat="44.140200" lon="1.421840">
						<ele>171</ele>
						<time>2026-05-18T15:56:02Z</time>
					</trkpt>
					<trkpt lat="44.140140" lon="1.422010">
						<ele>169</ele>
						<time>2026-05-18T15:56:04Z</time>
					</trkpt>
					<trkpt lat="44.140010" lon="1.422130">
						<ele>167</ele>
						<time>2026-05-18T15:56:07Z</time>
					</trkpt>
					<trkpt lat="44.139860" lon="1.422170">
						<ele>166</ele>
						<time>2026-05-18T15:56:10Z</time>
					</trkpt>
					<trkpt lat="44.139650" lon="1.422180">
						<ele>164</ele>
						<time>2026-05-18T15:56:14Z</time>
					</trkpt>
					<trkpt lat="44.139420" lon="1.422210">
						<ele>162</ele>
						<time>2026-05-18T15:56:18Z</time>
					</trkpt>
					<trkpt lat="44.138540" lon="1.422830">
						<ele>154</ele>
						<time>2026-05-18T15:56:35Z</time>
					</trkpt>
					<trkpt lat="44.138360" lon="1.423000">
						<ele>152</ele>
						<time>2026-05-18T15:56:39Z</time>
					</trkpt>
					<trkpt lat="44.137710" lon="1.423890">
						<ele>142</ele>
						<time>2026-05-18T15:56:55Z</time>
					</trkpt>
					<trkpt lat="44.137570" lon="1.424010">
						<ele>141</ele>
						<time>2026-05-18T15:56:58Z</time>
					</trkpt>
					<trkpt lat="44.137430" lon="1.424050">
						<ele>141</ele>
						<time>2026-05-18T15:57:01Z</time>
					</trkpt>
					<trkpt lat="44.137340" lon="1.424030">
						<ele>140</ele>
						<time>2026-05-18T15:57:03Z</time>
					</trkpt>
					<trkpt lat="44.137010" lon="1.423820">
						<ele>138</ele>
						<time>2026-05-18T15:57:09Z</time>
					</trkpt>
					<trkpt lat="44.136990" lon="1.423810">
						<ele>138</ele>
						<time>2026-05-18T15:57:09Z</time>
					</trkpt>
					<trkpt lat="44.136810" lon="1.423760">
						<ele>136</ele>
						<time>2026-05-18T15:57:13Z</time>
					</trkpt>
					<trkpt lat="44.136420" lon="1.423920">
						<ele>133</ele>
						<time>2026-05-18T15:57:20Z</time>
					</trkpt>
					<trkpt lat="44.136220" lon="1.424090">
						<ele>131</ele>
						<time>2026-05-18T15:57:24Z</time>
					</trkpt>
					<trkpt lat="44.136050" lon="1.424300">
						<ele>129</ele>
						<time>2026-05-18T15:57:28Z</time>
					</trkpt>
					<trkpt lat="44.135860" lon="1.424570">
						<ele>125</ele>
						<time>2026-05-18T15:57:33Z</time>
					</trkpt>
					<trkpt lat="44.135320" lon="1.425710">
						<ele>116</ele>
						<time>2026-05-18T15:57:50Z</time>
					</trkpt>
					<trkpt lat="44.135190" lon="1.425990">
						<ele>116</ele>
						<time>2026-05-18T15:57:55Z</time>
					</trkpt>
					<trkpt lat="44.135040" lon="1.426140">
						<ele>116</ele>
						<time>2026-05-18T15:57:58Z</time>
					</trkpt>
					<trkpt lat="44.134240" lon="1.426610">
						<ele>113</ele>
						<time>2026-05-18T15:58:13Z</time>
					</trkpt>
					<trkpt lat="44.134040" lon="1.426790">
						<ele>113</ele>
						<time>2026-05-18T15:58:18Z</time>
					</trkpt>
					<trkpt lat="44.133890" lon="1.427110">
						<ele>114</ele>
						<time>2026-05-18T15:58:22Z</time>
					</trkpt>
					<trkpt lat="44.133860" lon="1.427510">
						<ele>115</ele>
						<time>2026-05-18T15:58:28Z</time>
					</trkpt>
					<trkpt lat="44.133960" lon="1.428870">
						<ele>113</ele>
						<time>2026-05-18T15:58:45Z</time>
					</trkpt>
					<trkpt lat="44.133930" lon="1.429070">
						<ele>112</ele>
						<time>2026-05-18T15:58:48Z</time>
					</trkpt>
					<trkpt lat="44.133830" lon="1.429250">
						<ele>112</ele>
						<time>2026-05-18T15:58:51Z</time>
					</trkpt>
					<trkpt lat="44.133510" lon="1.429430">
						<ele>111</ele>
						<time>2026-05-18T15:58:57Z</time>
					</trkpt>
					<trkpt lat="44.133430" lon="1.429540">
						<ele>111</ele>
						<time>2026-05-18T15:58:59Z</time>
					</trkpt>
					<trkpt lat="44.132720" lon="1.430440">
						<ele>111</ele>
						<time>2026-05-18T15:59:16Z</time>
					</trkpt>
					<trkpt lat="44.132580" lon="1.430560">
						<ele>110</ele>
						<time>2026-05-18T15:59:19Z</time>
					</trkpt>
					<trkpt lat="44.132310" lon="1.430780">
						<ele>110</ele>
						<time>2026-05-18T15:59:24Z</time>
					</trkpt>
					<trkpt lat="44.132870" lon="1.431840">
						<ele>111</ele>
						<time>2026-05-18T15:59:41Z</time>
					</trkpt>
					<trkpt lat="44.133220" lon="1.433200">
						<ele>118</ele>
						<time>2026-05-18T16:00:00Z</time>
					</trkpt>
					<trkpt lat="44.133660" lon="1.434310">
						<ele>128</ele>
						<time>2026-05-18T16:00:16Z</time>
					</trkpt>
					<trkpt lat="44.133670" lon="1.434420">
						<ele>128</ele>
						<time>2026-05-18T16:00:17Z</time>
					</trkpt>
					<trkpt lat="44.133570" lon="1.435080">
						<ele>127</ele>
						<time>2026-05-18T16:00:26Z</time>
					</trkpt>
					<trkpt lat="44.132790" lon="1.435860">
						<ele>117</ele>
						<time>2026-05-18T16:00:43Z</time>
					</trkpt>
					<trkpt lat="44.132680" lon="1.436050">
						<ele>118</ele>
						<time>2026-05-18T16:00:46Z</time>
					</trkpt>
					<trkpt lat="44.132570" lon="1.436300">
						<ele>119</ele>
						<time>2026-05-18T16:00:50Z</time>
					</trkpt>
					<trkpt lat="44.132540" lon="1.436510">
						<ele>121</ele>
						<time>2026-05-18T16:00:52Z</time>
					</trkpt>
					<trkpt lat="44.132570" lon="1.436710">
						<ele>123</ele>
						<time>2026-05-18T16:00:55Z</time>
					</trkpt>
					<trkpt lat="44.132630" lon="1.436920">
						<ele>124</ele>
						<time>2026-05-18T16:00:58Z</time>
					</trkpt>
					<trkpt lat="44.132700" lon="1.437150">
						<ele>125</ele>
						<time>2026-05-18T16:01:01Z</time>
					</trkpt>
					<trkpt lat="44.132730" lon="1.437340">
						<ele>126</ele>
						<time>2026-05-18T16:01:04Z</time>
					</trkpt>
					<trkpt lat="44.132700" lon="1.437450">
						<ele>127</ele>
						<time>2026-05-18T16:01:05Z</time>
					</trkpt>
					<trkpt lat="44.132640" lon="1.437550">
						<ele>129</ele>
						<time>2026-05-18T16:01:07Z</time>
					</trkpt>
					<trkpt lat="44.132050" lon="1.438340">
						<ele>134</ele>
						<time>2026-05-18T16:01:21Z</time>
					</trkpt>
					<trkpt lat="44.131980" lon="1.438540">
						<ele>134</ele>
						<time>2026-05-18T16:01:24Z</time>
					</trkpt>
					<trkpt lat="44.131860" lon="1.439090">
						<ele>133</ele>
						<time>2026-05-18T16:01:31Z</time>
					</trkpt>
					<trkpt lat="44.131800" lon="1.439330">
						<ele>134</ele>
						<time>2026-05-18T16:01:35Z</time>
					</trkpt>
					<trkpt lat="44.131650" lon="1.439780">
						<ele>135</ele>
						<time>2026-05-18T16:01:41Z</time>
					</trkpt>
					<trkpt lat="44.131490" lon="1.440060">
						<ele>135</ele>
						<time>2026-05-18T16:01:46Z</time>
					</trkpt>
					<trkpt lat="44.130980" lon="1.440460">
						<ele>133</ele>
						<time>2026-05-18T16:01:56Z</time>
					</trkpt>
					<trkpt lat="44.130750" lon="1.440700">
						<ele>133</ele>
						<time>2026-05-18T16:02:01Z</time>
					</trkpt>
					<trkpt lat="44.130300" lon="1.441270">
						<ele>128</ele>
						<time>2026-05-18T16:02:12Z</time>
					</trkpt>
					<trkpt lat="44.129370" lon="1.442880">
						<ele>129</ele>
						<time>2026-05-18T16:02:38Z</time>
					</trkpt>
					<trkpt lat="44.129150" lon="1.443230">
						<ele>130</ele>
						<time>2026-05-18T16:02:44Z</time>
					</trkpt>
					<trkpt lat="44.129030" lon="1.443650">
						<ele>131</ele>
						<time>2026-05-18T16:02:50Z</time>
					</trkpt>
					<trkpt lat="44.128730" lon="1.444390">
						<ele>131</ele>
						<time>2026-05-18T16:03:01Z</time>
					</trkpt>
					<trkpt lat="44.128560" lon="1.444660">
						<ele>131</ele>
						<time>2026-05-18T16:03:06Z</time>
					</trkpt>
					<trkpt lat="44.127830" lon="1.445230">
						<ele>130</ele>
						<time>2026-05-18T16:03:20Z</time>
					</trkpt>
					<trkpt lat="44.127190" lon="1.446180">
						<ele>132</ele>
						<time>2026-05-18T16:03:37Z</time>
					</trkpt>
					<trkpt lat="44.126790" lon="1.447020">
						<ele>131</ele>
						<time>2026-05-18T16:03:50Z</time>
					</trkpt>
					<trkpt lat="44.126740" lon="1.447290">
						<ele>131</ele>
						<time>2026-05-18T16:03:54Z</time>
					</trkpt>
					<trkpt lat="44.126770" lon="1.447660">
						<ele>131</ele>
						<time>2026-05-18T16:03:58Z</time>
					</trkpt>
					<trkpt lat="44.126700" lon="1.448000">
						<ele>128</ele>
						<time>2026-05-18T16:04:03Z</time>
					</trkpt>
					<trkpt lat="44.125980" lon="1.450000">
						<ele>131</ele>
						<time>2026-05-18T16:04:31Z</time>
					</trkpt>
					<trkpt lat="44.125950" lon="1.450250">
						<ele>131</ele>
						<time>2026-05-18T16:04:35Z</time>
					</trkpt>
					<trkpt lat="44.125980" lon="1.450570">
						<ele>132</ele>
						<time>2026-05-18T16:04:39Z</time>
					</trkpt>
					<trkpt lat="44.126320" lon="1.451330">
						<ele>141</ele>
						<time>2026-05-18T16:04:50Z</time>
					</trkpt>
					<trkpt lat="44.126350" lon="1.451500">
						<ele>142</ele>
						<time>2026-05-18T16:04:52Z</time>
					</trkpt>
					<trkpt lat="44.126320" lon="1.451730">
						<ele>143</ele>
						<time>2026-05-18T16:04:55Z</time>
					</trkpt>
					<trkpt lat="44.126210" lon="1.452200">
						<ele>144</ele>
						<time>2026-05-18T16:05:02Z</time>
					</trkpt>
					<trkpt lat="44.126240" lon="1.452510">
						<ele>146</ele>
						<time>2026-05-18T16:05:06Z</time>
					</trkpt>
					<trkpt lat="44.126350" lon="1.452750">
						<ele>147</ele>
						<time>2026-05-18T16:05:09Z</time>
					</trkpt>
					<trkpt lat="44.126460" lon="1.452970">
						<ele>149</ele>
						<time>2026-05-18T16:05:13Z</time>
					</trkpt>
					<trkpt lat="44.125770" lon="1.453550">
						<ele>144</ele>
						<time>2026-05-18T16:05:27Z</time>
					</trkpt>
					<trkpt lat="44.125300" lon="1.453770">
						<ele>145</ele>
						<time>2026-05-18T16:05:36Z</time>
					</trkpt>
					<trkpt lat="44.122760" lon="1.454790">
						<ele>145</ele>
						<time>2026-05-18T16:06:23Z</time>
					</trkpt>
					<trkpt lat="44.121590" lon="1.455580">
						<ele>141</ele>
						<time>2026-05-18T16:06:46Z</time>
					</trkpt>
					<trkpt lat="44.121280" lon="1.455850">
						<ele>139</ele>
						<time>2026-05-18T16:06:53Z</time>
					</trkpt>
					<trkpt lat="44.120630" lon="1.456510">
						<ele>136</ele>
						<time>2026-05-18T16:07:07Z</time>
					</trkpt>
					<trkpt lat="44.118510" lon="1.457380">
						<ele>134</ele>
						<time>2026-05-18T16:07:46Z</time>
					</trkpt>
					<trkpt lat="44.117980" lon="1.457410">
						<ele>132</ele>
						<time>2026-05-18T16:07:56Z</time>
					</trkpt>
					<trkpt lat="44.117280" lon="1.457430">
						<ele>126</ele>
						<time>2026-05-18T16:08:08Z</time>
					</trkpt>
					<trkpt lat="44.116550" lon="1.457180">
						<ele>118</ele>
						<time>2026-05-18T16:08:21Z</time>
					</trkpt>
					<trkpt lat="44.115740" lon="1.457540">
						<ele>108</ele>
						<time>2026-05-18T16:08:37Z</time>
					</trkpt>
					<trkpt lat="44.114860" lon="1.457660">
						<ele>93</ele>
						<time>2026-05-18T16:08:52Z</time>
					</trkpt>
					<trkpt lat="44.114560" lon="1.457680">
						<ele>91</ele>
						<time>2026-05-18T16:08:58Z</time>
					</trkpt>
					<trkpt lat="44.113980" lon="1.457770">
						<ele>87</ele>
						<time>2026-05-18T16:09:08Z</time>
					</trkpt>
					<trkpt lat="44.113990" lon="1.457580">
						<ele>87</ele>
						<time>2026-05-18T16:09:11Z</time>
					</trkpt>
					<trkpt lat="44.114100" lon="1.457090">
						<ele>87</ele>
						<time>2026-05-18T16:09:17Z</time>
					</trkpt>
					<trkpt lat="44.114480" lon="1.455850">
						<ele>89</ele>
						<time>2026-05-18T16:09:34Z</time>
					</trkpt>
					<trkpt lat="44.114920" lon="1.454470">
						<ele>90</ele>
						<time>2026-05-18T16:09:54Z</time>
					</trkpt>
					<trkpt lat="44.115000" lon="1.454090">
						<ele>90</ele>
						<time>2026-05-18T16:09:59Z</time>
					</trkpt>
					<trkpt lat="44.115030" lon="1.453680">
						<ele>88</ele>
						<time>2026-05-18T16:10:04Z</time>
					</trkpt>
					<trkpt lat="44.115100" lon="1.453010">
						<ele>88</ele>
						<time>2026-05-18T16:10:13Z</time>
					</trkpt>
					<trkpt lat="44.115100" lon="1.452860">
						<ele>89</ele>
						<time>2026-05-18T16:10:14Z</time>
					</trkpt>
					<trkpt lat="44.115090" lon="1.452690">
						<ele>89</ele>
						<time>2026-05-18T16:10:17Z</time>
					</trkpt>
					<trkpt lat="44.115070" lon="1.452570">
						<ele>89</ele>
						<time>2026-05-18T16:10:18Z</time>
					</trkpt>
					<trkpt lat="44.115030" lon="1.452410">
						<ele>90</ele>
						<time>2026-05-18T16:10:20Z</time>
					</trkpt>
					<trkpt lat="44.114960" lon="1.452260">
						<ele>91</ele>
						<time>2026-05-18T16:10:23Z</time>
					</trkpt>
					<trkpt lat="44.114880" lon="1.452130">
						<ele>91</ele>
						<time>2026-05-18T16:10:25Z</time>
					</trkpt>
					<trkpt lat="44.114690" lon="1.451850">
						<ele>92</ele>
						<time>2026-05-18T16:10:30Z</time>
					</trkpt>
					<trkpt lat="44.114450" lon="1.451450">
						<ele>92</ele>
						<time>2026-05-18T16:10:36Z</time>
					</trkpt>
					<trkpt lat="44.114160" lon="1.450850">
						<ele>91</ele>
						<time>2026-05-18T16:10:46Z</time>
					</trkpt>
					<trkpt lat="44.113540" lon="1.449030">
						<ele>91</ele>
						<time>2026-05-18T16:11:11Z</time>
					</trkpt>
					<trkpt lat="44.113410" lon="1.448560">
						<ele>89</ele>
						<time>2026-05-18T16:11:18Z</time>
					</trkpt>
					<trkpt lat="44.113410" lon="1.448110">
						<ele>90</ele>
						<time>2026-05-18T16:11:24Z</time>
					</trkpt>
					<trkpt lat="44.113450" lon="1.445940">
						<ele>89</ele>
						<time>2026-05-18T16:11:51Z</time>
					</trkpt>
					<trkpt lat="44.113420" lon="1.445090">
						<ele>88</ele>
						<time>2026-05-18T16:12:02Z</time>
					</trkpt>
					<trkpt lat="44.113330" lon="1.444450">
						<ele>86</ele>
						<time>2026-05-18T16:12:11Z</time>
					</trkpt>
					<trkpt lat="44.113130" lon="1.443270">
						<ele>87</ele>
						<time>2026-05-18T16:12:26Z</time>
					</trkpt>
					<trkpt lat="44.113060" lon="1.442860">
						<ele>87</ele>
						<time>2026-05-18T16:12:31Z</time>
					</trkpt>
					<trkpt lat="44.112960" lon="1.442600">
						<ele>87</ele>
						<time>2026-05-18T16:12:35Z</time>
					</trkpt>
					<trkpt lat="44.112340" lon="1.441440">
						<ele>89</ele>
						<time>2026-05-18T16:12:54Z</time>
					</trkpt>
					<trkpt lat="44.111940" lon="1.440420">
						<ele>89</ele>
						<time>2026-05-18T16:13:08Z</time>
					</trkpt>
					<trkpt lat="44.111390" lon="1.438650">
						<ele>101</ele>
						<time>2026-05-18T16:13:33Z</time>
					</trkpt>
					<trkpt lat="44.111230" lon="1.438290">
						<ele>103</ele>
						<time>2026-05-18T16:13:39Z</time>
					</trkpt>
					<trkpt lat="44.111060" lon="1.438000">
						<ele>105</ele>
						<time>2026-05-18T16:13:43Z</time>
					</trkpt>
					<trkpt lat="44.110260" lon="1.436940">
						<ele>104</ele>
						<time>2026-05-18T16:14:03Z</time>
					</trkpt>
					<trkpt lat="44.109980" lon="1.436600">
						<ele>102</ele>
						<time>2026-05-18T16:14:10Z</time>
					</trkpt>
					<trkpt lat="44.109950" lon="1.436560">
						<ele>101</ele>
						<time>2026-05-18T16:14:10Z</time>
					</trkpt>
					<trkpt lat="44.109750" lon="1.436180">
						<ele>98</ele>
						<time>2026-05-18T16:14:16Z</time>
					</trkpt>
					<trkpt lat="44.109740" lon="1.436150">
						<ele>98</ele>
						<time>2026-05-18T16:14:17Z</time>
					</trkpt>
					<trkpt lat="44.109690" lon="1.435860">
						<ele>97</ele>
						<time>2026-05-18T16:14:21Z</time>
					</trkpt>
					<trkpt lat="44.109610" lon="1.434100">
						<ele>93</ele>
						<time>2026-05-18T16:14:43Z</time>
					</trkpt>
					<trkpt lat="44.109510" lon="1.433680">
						<ele>91</ele>
						<time>2026-05-18T16:14:49Z</time>
					</trkpt>
					<trkpt lat="44.109020" lon="1.431840">
						<ele>88</ele>
						<time>2026-05-18T16:15:14Z</time>
					</trkpt>
					<trkpt lat="44.108900" lon="1.431360">
						<ele>89</ele>
						<time>2026-05-18T16:15:20Z</time>
					</trkpt>
					<trkpt lat="44.108840" lon="1.431000">
						<ele>89</ele>
						<time>2026-05-18T16:15:25Z</time>
					</trkpt>
					<trkpt lat="44.108840" lon="1.430870">
						<ele>90</ele>
						<time>2026-05-18T16:15:27Z</time>
					</trkpt>
					<trkpt lat="44.108860" lon="1.430550">
						<ele>89</ele>
						<time>2026-05-18T16:15:31Z</time>
					</trkpt>
					<trkpt lat="44.109010" lon="1.429780">
						<ele>88</ele>
						<time>2026-05-18T16:15:41Z</time>
					</trkpt>
					<trkpt lat="44.109040" lon="1.429490">
						<ele>87</ele>
						<time>2026-05-18T16:15:45Z</time>
					</trkpt>
					<trkpt lat="44.109030" lon="1.429370">
						<ele>87</ele>
						<time>2026-05-18T16:15:46Z</time>
					</trkpt>
					<trkpt lat="44.109000" lon="1.429240">
						<ele>87</ele>
						<time>2026-05-18T16:15:48Z</time>
					</trkpt>
					<trkpt lat="44.108800" lon="1.428480">
						<ele>88</ele>
						<time>2026-05-18T16:15:58Z</time>
					</trkpt>
					<trkpt lat="44.108560" lon="1.427370">
						<ele>89</ele>
						<time>2026-05-18T16:16:13Z</time>
					</trkpt>
					<trkpt lat="44.108230" lon="1.426340">
						<ele>91</ele>
						<time>2026-05-18T16:16:28Z</time>
					</trkpt>
					<trkpt lat="44.108200" lon="1.426230">
						<ele>91</ele>
						<time>2026-05-18T16:16:29Z</time>
					</trkpt>
					<trkpt lat="44.108100" lon="1.425960">
						<ele>91</ele>
						<time>2026-05-18T16:16:33Z</time>
					</trkpt>
					<trkpt lat="44.107900" lon="1.425600">
						<ele>92</ele>
						<time>2026-05-18T16:16:39Z</time>
					</trkpt>
					<trkpt lat="44.107470" lon="1.425040">
						<ele>92</ele>
						<time>2026-05-18T16:16:49Z</time>
					</trkpt>
					<trkpt lat="44.107350" lon="1.424910">
						<ele>92</ele>
						<time>2026-05-18T16:16:52Z</time>
					</trkpt>
					<trkpt lat="44.106830" lon="1.424540">
						<ele>95</ele>
						<time>2026-05-18T16:17:02Z</time>
					</trkpt>
					<trkpt lat="44.106020" lon="1.423900">
						<ele>96</ele>
						<time>2026-05-18T16:17:19Z</time>
					</trkpt>
					<trkpt lat="44.105730" lon="1.423770">
						<ele>95</ele>
						<time>2026-05-18T16:17:24Z</time>
					</trkpt>
					<trkpt lat="44.105020" lon="1.423590">
						<ele>91</ele>
						<time>2026-05-18T16:17:37Z</time>
					</trkpt>
					<trkpt lat="44.104480" lon="1.423430">
						<ele>89</ele>
						<time>2026-05-18T16:17:47Z</time>
					</trkpt>
					<trkpt lat="44.103690" lon="1.423000">
						<ele>88</ele>
						<time>2026-05-18T16:18:02Z</time>
					</trkpt>
					<trkpt lat="44.103430" lon="1.422810">
						<ele>87</ele>
						<time>2026-05-18T16:18:07Z</time>
					</trkpt>
					<trkpt lat="44.103190" lon="1.422540">
						<ele>86</ele>
						<time>2026-05-18T16:18:13Z</time>
					</trkpt>
					<trkpt lat="44.102860" lon="1.421970">
						<ele>89</ele>
						<time>2026-05-18T16:18:22Z</time>
					</trkpt>
					<trkpt lat="44.102670" lon="1.421450">
						<ele>91</ele>
						<time>2026-05-18T16:18:30Z</time>
					</trkpt>
					<trkpt lat="44.102390" lon="1.420400">
						<ele>95</ele>
						<time>2026-05-18T16:18:44Z</time>
					</trkpt>
					<trkpt lat="44.102370" lon="1.420090">
						<ele>97</ele>
						<time>2026-05-18T16:18:48Z</time>
					</trkpt>
					<trkpt lat="44.102380" lon="1.419730">
						<ele>99</ele>
						<time>2026-05-18T16:18:53Z</time>
					</trkpt>
					<trkpt lat="44.102350" lon="1.419460">
						<ele>99</ele>
						<time>2026-05-18T16:18:56Z</time>
					</trkpt>
					<trkpt lat="44.101930" lon="1.417920">
						<ele>101</ele>
						<time>2026-05-18T16:19:17Z</time>
					</trkpt>
					<trkpt lat="44.101470" lon="1.415950">
						<ele>104</ele>
						<time>2026-05-18T16:19:44Z</time>
					</trkpt>
					<trkpt lat="44.101380" lon="1.415730">
						<ele>104</ele>
						<time>2026-05-18T16:19:47Z</time>
					</trkpt>
					<trkpt lat="44.101250" lon="1.415490">
						<ele>103</ele>
						<time>2026-05-18T16:19:51Z</time>
					</trkpt>
					<trkpt lat="44.100650" lon="1.414830">
						<ele>93</ele>
						<time>2026-05-18T16:20:04Z</time>
					</trkpt>
					<trkpt lat="44.100240" lon="1.414280">
						<ele>89</ele>
						<time>2026-05-18T16:20:14Z</time>
					</trkpt>
					<trkpt lat="44.099640" lon="1.413310">
						<ele>85</ele>
						<time>2026-05-18T16:20:31Z</time>
					</trkpt>
					<trkpt lat="44.099240" lon="1.412740">
						<ele>82</ele>
						<time>2026-05-18T16:20:41Z</time>
					</trkpt>
					<trkpt lat="44.098810" lon="1.412290">
						<ele>83</ele>
						<time>2026-05-18T16:20:50Z</time>
					</trkpt>
					<trkpt lat="44.098550" lon="1.412080">
						<ele>83</ele>
						<time>2026-05-18T16:20:56Z</time>
					</trkpt>
					<trkpt lat="44.096780" lon="1.411040">
						<ele>82</ele>
						<time>2026-05-18T16:21:30Z</time>
					</trkpt>
					<trkpt lat="44.096800" lon="1.411010">
						<ele>82</ele>
						<time>2026-05-18T16:21:30Z</time>
					</trkpt>
					<trkpt lat="44.097570" lon="1.410250">
						<ele>84</ele>
						<time>2026-05-18T16:21:47Z</time>
					</trkpt>
					<trkpt lat="44.098530" lon="1.409490">
						<ele>87</ele>
						<time>2026-05-18T16:22:07Z</time>
					</trkpt>
					<trkpt lat="44.099430" lon="1.408700">
						<ele>91</ele>
						<time>2026-05-18T16:22:26Z</time>
					</trkpt>
					<trkpt lat="44.099430" lon="1.408500">
						<ele>90</ele>
						<time>2026-05-18T16:22:28Z</time>
					</trkpt>
					<trkpt lat="44.099530" lon="1.407870">
						<ele>92</ele>
						<time>2026-05-18T16:22:37Z</time>
					</trkpt>
					<trkpt lat="44.099490" lon="1.407570">
						<ele>92</ele>
						<time>2026-05-18T16:22:41Z</time>
					</trkpt>
					<trkpt lat="44.099310" lon="1.407260">
						<ele>94</ele>
						<time>2026-05-18T16:22:46Z</time>
					</trkpt>
					<trkpt lat="44.099540" lon="1.407340">
						<ele>94</ele>
						<time>2026-05-18T16:22:50Z</time>
					</trkpt>
					<trkpt lat="44.099700" lon="1.407290">
						<ele>95</ele>
						<time>2026-05-18T16:22:53Z</time>
					</trkpt>
					<trkpt lat="44.099880" lon="1.407070">
						<ele>98</ele>
						<time>2026-05-18T16:22:57Z</time>
					</trkpt>
					<trkpt lat="44.100010" lon="1.406740">
						<ele>102</ele>
						<time>2026-05-18T16:23:02Z</time>
					</trkpt>
					<trkpt lat="44.100070" lon="1.406400">
						<ele>105</ele>
						<time>2026-05-18T16:23:06Z</time>
					</trkpt>
					<trkpt lat="44.100110" lon="1.404280">
						<ele>125</ele>
						<time>2026-05-18T16:23:33Z</time>
					</trkpt>
					<trkpt lat="44.100130" lon="1.403720">
						<ele>129</ele>
						<time>2026-05-18T16:23:41Z</time>
					</trkpt>
					<trkpt lat="44.100240" lon="1.403090">
						<ele>133</ele>
						<time>2026-05-18T16:23:49Z</time>
					</trkpt>
					<trkpt lat="44.100280" lon="1.402730">
						<ele>134</ele>
						<time>2026-05-18T16:23:54Z</time>
					</trkpt>
					<trkpt lat="44.100270" lon="1.401230">
						<ele>140</ele>
						<time>2026-05-18T16:24:13Z</time>
					</trkpt>
					<trkpt lat="44.100230" lon="1.400630">
						<ele>143</ele>
						<time>2026-05-18T16:24:20Z</time>
					</trkpt>
					<trkpt lat="44.100160" lon="1.400060">
						<ele>148</ele>
						<time>2026-05-18T16:24:28Z</time>
					</trkpt>
					<trkpt lat="44.100060" lon="1.399660">
						<ele>149</ele>
						<time>2026-05-18T16:24:33Z</time>
					</trkpt>
					<trkpt lat="44.099960" lon="1.399480">
						<ele>149</ele>
						<time>2026-05-18T16:24:36Z</time>
					</trkpt>
					<trkpt lat="44.099220" lon="1.398800">
						<ele>157</ele>
						<time>2026-05-18T16:24:52Z</time>
					</trkpt>
					<trkpt lat="44.098940" lon="1.398520">
						<ele>161</ele>
						<time>2026-05-18T16:24:58Z</time>
					</trkpt>
					<trkpt lat="44.098750" lon="1.398230">
						<ele>164</ele>
						<time>2026-05-18T16:25:03Z</time>
					</trkpt>
					<trkpt lat="44.098500" lon="1.397840">
						<ele>167</ele>
						<time>2026-05-18T16:25:10Z</time>
					</trkpt>
					<trkpt lat="44.098010" lon="1.397210">
						<ele>169</ele>
						<time>2026-05-18T16:25:22Z</time>
					</trkpt>
					<trkpt lat="44.097750" lon="1.396880">
						<ele>171</ele>
						<time>2026-05-18T16:25:28Z</time>
					</trkpt>
					<trkpt lat="44.097600" lon="1.396500">
						<ele>174</ele>
						<time>2026-05-18T16:25:33Z</time>
					</trkpt>
					<trkpt lat="44.097510" lon="1.396100">
						<ele>178</ele>
						<time>2026-05-18T16:25:39Z</time>
					</trkpt>
					<trkpt lat="44.097460" lon="1.395750">
						<ele>181</ele>
						<time>2026-05-18T16:25:43Z</time>
					</trkpt>
					<trkpt lat="44.097470" lon="1.395350">
						<ele>184</ele>
						<time>2026-05-18T16:25:48Z</time>
					</trkpt>
					<trkpt lat="44.097550" lon="1.394760">
						<ele>185</ele>
						<time>2026-05-18T16:25:56Z</time>
					</trkpt>
					<trkpt lat="44.097600" lon="1.394150">
						<ele>185</ele>
						<time>2026-05-18T16:26:04Z</time>
					</trkpt>
					<trkpt lat="44.097720" lon="1.393710">
						<ele>184</ele>
						<time>2026-05-18T16:26:10Z</time>
					</trkpt>
					<trkpt lat="44.098010" lon="1.393190">
						<ele>185</ele>
						<time>2026-05-18T16:26:18Z</time>
					</trkpt>
					<trkpt lat="44.098120" lon="1.392910">
						<ele>185</ele>
						<time>2026-05-18T16:26:22Z</time>
					</trkpt>
					<trkpt lat="44.098600" lon="1.391380">
						<ele>193</ele>
						<time>2026-05-18T16:26:44Z</time>
					</trkpt>
					<trkpt lat="44.098690" lon="1.391130">
						<ele>195</ele>
						<time>2026-05-18T16:26:47Z</time>
					</trkpt>
					<trkpt lat="44.098870" lon="1.390800">
						<ele>197</ele>
						<time>2026-05-18T16:26:53Z</time>
					</trkpt>
					<trkpt lat="44.098990" lon="1.390620">
						<ele>199</ele>
						<time>2026-05-18T16:26:56Z</time>
					</trkpt>
					<trkpt lat="44.099270" lon="1.390230">
						<ele>201</ele>
						<time>2026-05-18T16:27:03Z</time>
					</trkpt>
					<trkpt lat="44.099700" lon="1.389680">
						<ele>199</ele>
						<time>2026-05-18T16:27:13Z</time>
					</trkpt>
					<trkpt lat="44.099890" lon="1.389420">
						<ele>199</ele>
						<time>2026-05-18T16:27:18Z</time>
					</trkpt>
					<trkpt lat="44.100090" lon="1.389210">
						<ele>198</ele>
						<time>2026-05-18T16:27:22Z</time>
					</trkpt>
					<trkpt lat="44.100810" lon="1.388520">
						<ele>197</ele>
						<time>2026-05-18T16:27:38Z</time>
					</trkpt>
					<trkpt lat="44.100950" lon="1.388240">
						<ele>196</ele>
						<time>2026-05-18T16:27:42Z</time>
					</trkpt>
					<trkpt lat="44.101100" lon="1.387920">
						<ele>194</ele>
						<time>2026-05-18T16:27:47Z</time>
					</trkpt>
					<trkpt lat="44.101400" lon="1.387650">
						<ele>195</ele>
						<time>2026-05-18T16:27:54Z</time>
					</trkpt>
					<trkpt lat="44.101990" lon="1.386960">
						<ele>194</ele>
						<time>2026-05-18T16:28:07Z</time>
					</trkpt>
					<trkpt lat="44.102100" lon="1.386830">
						<ele>194</ele>
						<time>2026-05-18T16:28:10Z</time>
					</trkpt>
					<trkpt lat="44.102590" lon="1.386460">
						<ele>194</ele>
						<time>2026-05-18T16:28:20Z</time>
					</trkpt>
					<trkpt lat="44.103100" lon="1.386240">
						<ele>191</ele>
						<time>2026-05-18T16:28:29Z</time>
					</trkpt>
					<trkpt lat="44.103850" lon="1.385890">
						<ele>192</ele>
						<time>2026-05-18T16:28:43Z</time>
					</trkpt>
					<trkpt lat="44.105960" lon="1.384920">
						<ele>192</ele>
						<time>2026-05-18T16:29:23Z</time>
					</trkpt>
					<trkpt lat="44.106250" lon="1.384720">
						<ele>192</ele>
						<time>2026-05-18T16:29:29Z</time>
					</trkpt>
					<trkpt lat="44.106690" lon="1.384240">
						<ele>194</ele>
						<time>2026-05-18T16:29:39Z</time>
					</trkpt>
					<trkpt lat="44.108000" lon="1.382240">
						<ele>190</ele>
						<time>2026-05-18T16:30:13Z</time>
					</trkpt>
					<trkpt lat="44.109760" lon="1.379420">
						<ele>191</ele>
						<time>2026-05-18T16:31:01Z</time>
					</trkpt>
					<trkpt lat="44.110030" lon="1.379190">
						<ele>193</ele>
						<time>2026-05-18T16:31:07Z</time>
					</trkpt>
					<trkpt lat="44.110370" lon="1.379070">
						<ele>191</ele>
						<time>2026-05-18T16:31:13Z</time>
					</trkpt>
					<trkpt lat="44.110680" lon="1.379030">
						<ele>189</ele>
						<time>2026-05-18T16:31:18Z</time>
					</trkpt>
					<trkpt lat="44.110900" lon="1.379110">
						<ele>188</ele>
						<time>2026-05-18T16:31:22Z</time>
					</trkpt>
					<trkpt lat="44.110910" lon="1.378940">
						<ele>188</ele>
						<time>2026-05-18T16:31:25Z</time>
					</trkpt>
					<trkpt lat="44.111210" lon="1.377260">
						<ele>186</ele>
						<time>2026-05-18T16:31:47Z</time>
					</trkpt>
					<trkpt lat="44.111500" lon="1.376130">
						<ele>184</ele>
						<time>2026-05-18T16:32:02Z</time>
					</trkpt>
					<trkpt lat="44.111520" lon="1.376070">
						<ele>184</ele>
						<time>2026-05-18T16:32:03Z</time>
					</trkpt>
					<trkpt lat="44.111500" lon="1.376000">
						<ele>184</ele>
						<time>2026-05-18T16:32:04Z</time>
					</trkpt>
					<trkpt lat="44.111120" lon="1.374890">
						<ele>183</ele>
						<time>2026-05-18T16:32:19Z</time>
					</trkpt>
					<trkpt lat="44.110900" lon="1.374530">
						<ele>183</ele>
						<time>2026-05-18T16:32:26Z</time>
					</trkpt>
					<trkpt lat="44.110470" lon="1.374200">
						<ele>179</ele>
						<time>2026-05-18T16:32:34Z</time>
					</trkpt>
					<trkpt lat="44.110360" lon="1.373970">
						<ele>178</ele>
						<time>2026-05-18T16:32:38Z</time>
					</trkpt>
					<trkpt lat="44.110030" lon="1.372490">
						<ele>182</ele>
						<time>2026-05-18T16:32:58Z</time>
					</trkpt>
					<trkpt lat="44.109930" lon="1.371950">
						<ele>186</ele>
						<time>2026-05-18T16:33:05Z</time>
					</trkpt>
					<trkpt lat="44.109860" lon="1.370920">
						<ele>190</ele>
						<time>2026-05-18T16:33:18Z</time>
					</trkpt>
					<trkpt lat="44.109830" lon="1.370600">
						<ele>190</ele>
						<time>2026-05-18T16:33:22Z</time>
					</trkpt>
					<trkpt lat="44.109740" lon="1.370350">
						<ele>190</ele>
						<time>2026-05-18T16:33:26Z</time>
					</trkpt>
					<trkpt lat="44.109580" lon="1.370180">
						<ele>190</ele>
						<time>2026-05-18T16:33:29Z</time>
					</trkpt>
					<trkpt lat="44.108810" lon="1.369730">
						<ele>191</ele>
						<time>2026-05-18T16:33:44Z</time>
					</trkpt>
					<trkpt lat="44.108730" lon="1.369590">
						<ele>191</ele>
						<time>2026-05-18T16:33:46Z</time>
					</trkpt>
					<trkpt lat="44.108700" lon="1.369430">
						<ele>191</ele>
						<time>2026-05-18T16:33:48Z</time>
					</trkpt>
					<trkpt lat="44.108720" lon="1.369200">
						<ele>191</ele>
						<time>2026-05-18T16:33:51Z</time>
					</trkpt>
					<trkpt lat="44.108810" lon="1.368980">
						<ele>191</ele>
						<time>2026-05-18T16:33:55Z</time>
					</trkpt>
					<trkpt lat="44.109240" lon="1.368370">
						<ele>188</ele>
						<time>2026-05-18T16:34:06Z</time>
					</trkpt>
					<trkpt lat="44.109770" lon="1.367780">
						<ele>184</ele>
						<time>2026-05-18T16:34:18Z</time>
					</trkpt>
					<trkpt lat="44.110310" lon="1.367360">
						<ele>179</ele>
						<time>2026-05-18T16:34:29Z</time>
					</trkpt>
					<trkpt lat="44.110410" lon="1.367240">
						<ele>177</ele>
						<time>2026-05-18T16:34:31Z</time>
					</trkpt>
					<trkpt lat="44.110660" lon="1.366810">
						<ele>173</ele>
						<time>2026-05-18T16:34:38Z</time>
					</trkpt>
					<trkpt lat="44.110720" lon="1.366580">
						<ele>172</ele>
						<time>2026-05-18T16:34:41Z</time>
					</trkpt>
					<trkpt lat="44.110830" lon="1.365810">
						<ele>167</ele>
						<time>2026-05-18T16:34:51Z</time>
					</trkpt>
					<trkpt lat="44.110910" lon="1.365530">
						<ele>165</ele>
						<time>2026-05-18T16:34:55Z</time>
					</trkpt>
					<trkpt lat="44.111430" lon="1.364700">
						<ele>162</ele>
						<time>2026-05-18T16:35:09Z</time>
					</trkpt>
					<trkpt lat="44.111900" lon="1.364220">
						<ele>161</ele>
						<time>2026-05-18T16:35:20Z</time>
					</trkpt>
					<trkpt lat="44.112030" lon="1.364140">
						<ele>161</ele>
						<time>2026-05-18T16:35:22Z</time>
					</trkpt>
					<trkpt lat="44.112150" lon="1.364130">
						<ele>161</ele>
						<time>2026-05-18T16:35:24Z</time>
					</trkpt>
					<trkpt lat="44.112300" lon="1.364180">
						<ele>162</ele>
						<time>2026-05-18T16:35:27Z</time>
					</trkpt>
					<trkpt lat="44.112810" lon="1.364510">
						<ele>163</ele>
						<time>2026-05-18T16:35:37Z</time>
					</trkpt>
					<trkpt lat="44.113080" lon="1.364570">
						<ele>163</ele>
						<time>2026-05-18T16:35:42Z</time>
					</trkpt>
					<trkpt lat="44.113590" lon="1.364570">
						<ele>160</ele>
						<time>2026-05-18T16:35:51Z</time>
					</trkpt>
					<trkpt lat="44.113710" lon="1.364490">
						<ele>160</ele>
						<time>2026-05-18T16:35:53Z</time>
					</trkpt>
					<trkpt lat="44.114100" lon="1.364090">
						<ele>160</ele>
						<time>2026-05-18T16:36:02Z</time>
					</trkpt>
					<trkpt lat="44.114320" lon="1.363860">
						<ele>158</ele>
						<time>2026-05-18T16:36:07Z</time>
					</trkpt>
					<trkpt lat="44.115120" lon="1.363280">
						<ele>153</ele>
						<time>2026-05-18T16:36:23Z</time>
					</trkpt>
					<trkpt lat="44.115210" lon="1.363130">
						<ele>152</ele>
						<time>2026-05-18T16:36:25Z</time>
					</trkpt>
					<trkpt lat="44.115280" lon="1.362910">
						<ele>152</ele>
						<time>2026-05-18T16:36:28Z</time>
					</trkpt>
					<trkpt lat="44.115360" lon="1.362100">
						<ele>149</ele>
						<time>2026-05-18T16:36:39Z</time>
					</trkpt>
					<trkpt lat="44.115380" lon="1.361760">
						<ele>147</ele>
						<time>2026-05-18T16:36:43Z</time>
					</trkpt>
					<trkpt lat="44.115330" lon="1.361410">
						<ele>145</ele>
						<time>2026-05-18T16:36:48Z</time>
					</trkpt>
					<trkpt lat="44.115250" lon="1.361170">
						<ele>144</ele>
						<time>2026-05-18T16:36:51Z</time>
					</trkpt>
					<trkpt lat="44.114940" lon="1.360540">
						<ele>139</ele>
						<time>2026-05-18T16:37:01Z</time>
					</trkpt>
					<trkpt lat="44.114610" lon="1.359820">
						<ele>130</ele>
						<time>2026-05-18T16:37:12Z</time>
					</trkpt>
					<trkpt lat="44.114420" lon="1.359520">
						<ele>128</ele>
						<time>2026-05-18T16:37:17Z</time>
					</trkpt>
					<trkpt lat="44.114270" lon="1.359430">
						<ele>128</ele>
						<time>2026-05-18T16:37:20Z</time>
					</trkpt>
					<trkpt lat="44.114150" lon="1.359440">
						<ele>128</ele>
						<time>2026-05-18T16:37:22Z</time>
					</trkpt>
					<trkpt lat="44.113910" lon="1.359570">
						<ele>126</ele>
						<time>2026-05-18T16:37:27Z</time>
					</trkpt>
					<trkpt lat="44.113160" lon="1.360680">
						<ele>125</ele>
						<time>2026-05-18T16:37:46Z</time>
					</trkpt>
					<trkpt lat="44.113070" lon="1.360780">
						<ele>125</ele>
						<time>2026-05-18T16:37:48Z</time>
					</trkpt>
					<trkpt lat="44.112950" lon="1.360790">
						<ele>124</ele>
						<time>2026-05-18T16:37:50Z</time>
					</trkpt>
					<trkpt lat="44.112830" lon="1.360750">
						<ele>123</ele>
						<time>2026-05-18T16:37:52Z</time>
					</trkpt>
					<trkpt lat="44.112610" lon="1.360540">
						<ele>121</ele>
						<time>2026-05-18T16:37:57Z</time>
					</trkpt>
					<trkpt lat="44.112490" lon="1.360340">
						<ele>119</ele>
						<time>2026-05-18T16:38:00Z</time>
					</trkpt>
					<trkpt lat="44.112470" lon="1.360040">
						<ele>118</ele>
						<time>2026-05-18T16:38:04Z</time>
					</trkpt>
					<trkpt lat="44.112580" lon="1.359520">
						<ele>117</ele>
						<time>2026-05-18T16:38:11Z</time>
					</trkpt>
					<trkpt lat="44.113170" lon="1.356310">
						<ele>108</ele>
						<time>2026-05-18T16:38:54Z</time>
					</trkpt>
					<trkpt lat="44.113250" lon="1.355980">
						<ele>109</ele>
						<time>2026-05-18T16:38:58Z</time>
					</trkpt>
					<trkpt lat="44.113020" lon="1.355860">
						<ele>108</ele>
						<time>2026-05-18T16:39:02Z</time>
					</trkpt>
					<trkpt lat="44.112180" lon="1.355450">
						<ele>107</ele>
						<time>2026-05-18T16:39:18Z</time>
					</trkpt>
					<trkpt lat="44.111950" lon="1.355310">
						<ele>107</ele>
						<time>2026-05-18T16:39:23Z</time>
					</trkpt>
					<trkpt lat="44.111780" lon="1.355160">
						<ele>106</ele>
						<time>2026-05-18T16:39:26Z</time>
					</trkpt>
					<trkpt lat="44.111650" lon="1.354960">
						<ele>106</ele>
						<time>2026-05-18T16:39:30Z</time>
					</trkpt>
					<trkpt lat="44.111530" lon="1.354740">
						<ele>108</ele>
						<time>2026-05-18T16:39:33Z</time>
					</trkpt>
					<trkpt lat="44.111400" lon="1.354290">
						<ele>110</ele>
						<time>2026-05-18T16:39:39Z</time>
					</trkpt>
					<trkpt lat="44.111310" lon="1.354050">
						<ele>111</ele>
						<time>2026-05-18T16:39:43Z</time>
					</trkpt>
					<trkpt lat="44.111190" lon="1.353810">
						<ele>112</ele>
						<time>2026-05-18T16:39:47Z</time>
					</trkpt>
					<trkpt lat="44.110640" lon="1.352960">
						<ele>113</ele>
						<time>2026-05-18T16:40:01Z</time>
					</trkpt>
					<trkpt lat="44.110230" lon="1.352550">
						<ele>113</ele>
						<time>2026-05-18T16:40:10Z</time>
					</trkpt>
					<trkpt lat="44.110080" lon="1.352390">
						<ele>112</ele>
						<time>2026-05-18T16:40:14Z</time>
					</trkpt>
					<trkpt lat="44.109970" lon="1.352180">
						<ele>111</ele>
						<time>2026-05-18T16:40:17Z</time>
					</trkpt>
					<trkpt lat="44.109740" lon="1.351570">
						<ele>110</ele>
						<time>2026-05-18T16:40:26Z</time>
					</trkpt>
					<trkpt lat="44.109670" lon="1.351430">
						<ele>110</ele>
						<time>2026-05-18T16:40:28Z</time>
					</trkpt>
					<trkpt lat="44.109560" lon="1.351300">
						<ele>109</ele>
						<time>2026-05-18T16:40:30Z</time>
					</trkpt>
					<trkpt lat="44.109460" lon="1.351210">
						<ele>108</ele>
						<time>2026-05-18T16:40:33Z</time>
					</trkpt>
					<trkpt lat="44.108860" lon="1.350930">
						<ele>104</ele>
						<time>2026-05-18T16:40:44Z</time>
					</trkpt>
					<trkpt lat="44.108690" lon="1.350880">
						<ele>105</ele>
						<time>2026-05-18T16:40:47Z</time>
					</trkpt>
					<trkpt lat="44.108510" lon="1.350860">
						<ele>105</ele>
						<time>2026-05-18T16:40:50Z</time>
					</trkpt>
					<trkpt lat="44.106730" lon="1.351120">
						<ele>105</ele>
						<time>2026-05-18T16:41:22Z</time>
					</trkpt>
					<trkpt lat="44.104830" lon="1.351190">
						<ele>102</ele>
						<time>2026-05-18T16:41:56Z</time>
					</trkpt>
					<trkpt lat="44.104150" lon="1.351220">
						<ele>102</ele>
						<time>2026-05-18T16:42:08Z</time>
					</trkpt>
					<trkpt lat="44.103580" lon="1.351240">
						<ele>101</ele>
						<time>2026-05-18T16:42:18Z</time>
					</trkpt>
					<trkpt lat="44.103310" lon="1.351260">
						<ele>101</ele>
						<time>2026-05-18T16:42:23Z</time>
					</trkpt>
					<trkpt lat="44.103030" lon="1.351320">
						<ele>102</ele>
						<time>2026-05-18T16:42:28Z</time>
					</trkpt>
					<trkpt lat="44.102840" lon="1.351420">
						<ele>102</ele>
						<time>2026-05-18T16:42:32Z</time>
					</trkpt>
					<trkpt lat="44.102580" lon="1.351600">
						<ele>102</ele>
						<time>2026-05-18T16:42:37Z</time>
					</trkpt>
					<trkpt lat="44.102270" lon="1.351870">
						<ele>102</ele>
						<time>2026-05-18T16:42:43Z</time>
					</trkpt>
					<trkpt lat="44.101670" lon="1.352460">
						<ele>100</ele>
						<time>2026-05-18T16:42:56Z</time>
					</trkpt>
					<trkpt lat="44.101150" lon="1.352740">
						<ele>97</ele>
						<time>2026-05-18T16:43:06Z</time>
					</trkpt>
					<trkpt lat="44.100980" lon="1.352810">
						<ele>97</ele>
						<time>2026-05-18T16:43:09Z</time>
					</trkpt>
					<trkpt lat="44.100820" lon="1.352820">
						<ele>96</ele>
						<time>2026-05-18T16:43:12Z</time>
					</trkpt>
					<trkpt lat="44.099670" lon="1.352730">
						<ele>95</ele>
						<time>2026-05-18T16:43:33Z</time>
					</trkpt>
					<trkpt lat="44.099570" lon="1.352720">
						<ele>95</ele>
						<time>2026-05-18T16:43:34Z</time>
					</trkpt>
					<trkpt lat="44.099240" lon="1.352700">
						<ele>94</ele>
						<time>2026-05-18T16:43:40Z</time>
					</trkpt>
					<trkpt lat="44.098800" lon="1.352680">
						<ele>94</ele>
						<time>2026-05-18T16:43:48Z</time>
					</trkpt>
					<trkpt lat="44.098540" lon="1.352630">
						<ele>95</ele>
						<time>2026-05-18T16:43:53Z</time>
					</trkpt>
					<trkpt lat="44.097750" lon="1.352220">
						<ele>96</ele>
						<time>2026-05-18T16:44:08Z</time>
					</trkpt>
					<trkpt lat="44.097520" lon="1.352160">
						<ele>97</ele>
						<time>2026-05-18T16:44:12Z</time>
					</trkpt>
					<trkpt lat="44.097300" lon="1.352130">
						<ele>97</ele>
						<time>2026-05-18T16:44:16Z</time>
					</trkpt>
					<trkpt lat="44.096340" lon="1.352030">
						<ele>98</ele>
						<time>2026-05-18T16:44:33Z</time>
					</trkpt>
					<trkpt lat="44.095620" lon="1.351950">
						<ele>97</ele>
						<time>2026-05-18T16:44:46Z</time>
					</trkpt>
					<trkpt lat="44.094990" lon="1.351950">
						<ele>95</ele>
						<time>2026-05-18T16:44:57Z</time>
					</trkpt>
					<trkpt lat="44.094630" lon="1.351920">
						<ele>94</ele>
						<time>2026-05-18T16:45:04Z</time>
					</trkpt>
					<trkpt lat="44.094480" lon="1.351790">
						<ele>94</ele>
						<time>2026-05-18T16:45:07Z</time>
					</trkpt>
					<trkpt lat="44.094430" lon="1.351760">
						<ele>94</ele>
						<time>2026-05-18T16:45:08Z</time>
					</trkpt>
					<trkpt lat="44.094390" lon="1.351770">
						<ele>94</ele>
						<time>2026-05-18T16:45:08Z</time>
					</trkpt>
					<trkpt lat="44.094190" lon="1.351830">
						<ele>94</ele>
						<time>2026-05-18T16:45:12Z</time>
					</trkpt>
					<trkpt lat="44.093960" lon="1.351760">
						<ele>93</ele>
						<time>2026-05-18T16:45:16Z</time>
					</trkpt>
					<trkpt lat="44.093810" lon="1.351700">
						<ele>93</ele>
						<time>2026-05-18T16:45:19Z</time>
					</trkpt>
					<trkpt lat="44.093650" lon="1.351620">
						<ele>92</ele>
						<time>2026-05-18T16:45:22Z</time>
					</trkpt>
					<trkpt lat="44.093430" lon="1.351500">
						<ele>91</ele>
						<time>2026-05-18T16:45:26Z</time>
					</trkpt>
					<trkpt lat="44.093210" lon="1.351350">
						<ele>90</ele>
						<time>2026-05-18T16:45:31Z</time>
					</trkpt>
					<trkpt lat="44.093080" lon="1.351260">
						<ele>89</ele>
						<time>2026-05-18T16:45:33Z</time>
					</trkpt>
					<trkpt lat="44.092700" lon="1.350980">
						<ele>87</ele>
						<time>2026-05-18T16:45:41Z</time>
					</trkpt>
					<trkpt lat="44.092510" lon="1.350800">
						<ele>86</ele>
						<time>2026-05-18T16:45:45Z</time>
					</trkpt>
					<trkpt lat="44.092400" lon="1.350650">
						<ele>86</ele>
						<time>2026-05-18T16:45:48Z</time>
					</trkpt>
					<trkpt lat="44.092230" lon="1.350360">
						<ele>86</ele>
						<time>2026-05-18T16:45:52Z</time>
					</trkpt>
					<trkpt lat="44.092160" lon="1.350220">
						<ele>86</ele>
						<time>2026-05-18T16:45:55Z</time>
					</trkpt>
					<trkpt lat="44.092020" lon="1.349960">
						<ele>86</ele>
						<time>2026-05-18T16:45:59Z</time>
					</trkpt>
					<trkpt lat="44.091890" lon="1.349610">
						<ele>86</ele>
						<time>2026-05-18T16:46:04Z</time>
					</trkpt>
					<trkpt lat="44.091690" lon="1.349050">
						<ele>86</ele>
						<time>2026-05-18T16:46:12Z</time>
					</trkpt>
					<trkpt lat="44.091560" lon="1.348750">
						<ele>86</ele>
						<time>2026-05-18T16:46:16Z</time>
					</trkpt>
					<trkpt lat="44.091500" lon="1.348620">
						<ele>86</ele>
						<time>2026-05-18T16:46:18Z</time>
					</trkpt>
					<trkpt lat="44.091590" lon="1.348520">
						<ele>86</ele>
						<time>2026-05-18T16:46:20Z</time>
					</trkpt>
					<trkpt lat="44.091850" lon="1.348200">
						<ele>85</ele>
						<time>2026-05-18T16:46:26Z</time>
					</trkpt>
					<trkpt lat="44.091920" lon="1.348120">
						<ele>85</ele>
						<time>2026-05-18T16:46:28Z</time>
					</trkpt>
					<trkpt lat="44.092020" lon="1.348000">
						<ele>86</ele>
						<time>2026-05-18T16:46:30Z</time>
					</trkpt>
					<trkpt lat="44.092110" lon="1.347880">
						<ele>86</ele>
						<time>2026-05-18T16:46:33Z</time>
					</trkpt>
					<trkpt lat="44.092180" lon="1.347740">
						<ele>87</ele>
						<time>2026-05-18T16:46:35Z</time>
					</trkpt>
					<trkpt lat="44.092230" lon="1.347550">
						<ele>88</ele>
						<time>2026-05-18T16:46:37Z</time>
					</trkpt>
					<trkpt lat="44.092250" lon="1.347390">
						<ele>90</ele>
						<time>2026-05-18T16:46:39Z</time>
					</trkpt>
					<trkpt lat="44.092240" lon="1.347230">
						<ele>91</ele>
						<time>2026-05-18T16:46:42Z</time>
					</trkpt>
					<trkpt lat="44.092210" lon="1.347100">
						<ele>92</ele>
						<time>2026-05-18T16:46:43Z</time>
					</trkpt>
					<trkpt lat="44.092150" lon="1.346930">
						<ele>93</ele>
						<time>2026-05-18T16:46:46Z</time>
					</trkpt>
					<trkpt lat="44.091830" lon="1.346260">
						<ele>91</ele>
						<time>2026-05-18T16:46:56Z</time>
					</trkpt>
					<trkpt lat="44.091560" lon="1.345830">
						<ele>87</ele>
						<time>2026-05-18T16:47:03Z</time>
					</trkpt>
					<trkpt lat="44.091490" lon="1.345670">
						<ele>86</ele>
						<time>2026-05-18T16:47:06Z</time>
					</trkpt>
					<trkpt lat="44.091450" lon="1.345540">
						<ele>86</ele>
						<time>2026-05-18T16:47:07Z</time>
					</trkpt>
					<trkpt lat="44.091440" lon="1.345370">
						<ele>86</ele>
						<time>2026-05-18T16:47:10Z</time>
					</trkpt>
					<trkpt lat="44.091470" lon="1.345190">
						<ele>86</ele>
						<time>2026-05-18T16:47:12Z</time>
					</trkpt>
					<trkpt lat="44.091520" lon="1.345010">
						<ele>86</ele>
						<time>2026-05-18T16:47:14Z</time>
					</trkpt>
					<trkpt lat="44.091800" lon="1.344120">
						<ele>89</ele>
						<time>2026-05-18T16:47:27Z</time>
					</trkpt>
					<trkpt lat="44.092180" lon="1.343020">
						<ele>95</ele>
						<time>2026-05-18T16:47:42Z</time>
					</trkpt>
					<trkpt lat="44.092280" lon="1.342680">
						<ele>97</ele>
						<time>2026-05-18T16:47:47Z</time>
					</trkpt>
					<trkpt lat="44.092300" lon="1.342510">
						<ele>98</ele>
						<time>2026-05-18T16:47:49Z</time>
					</trkpt>
					<trkpt lat="44.092310" lon="1.342340">
						<ele>98</ele>
						<time>2026-05-18T16:47:52Z</time>
					</trkpt>
					<trkpt lat="44.092320" lon="1.342110">
						<ele>98</ele>
						<time>2026-05-18T16:47:55Z</time>
					</trkpt>
					<trkpt lat="44.092290" lon="1.340990">
						<ele>99</ele>
						<time>2026-05-18T16:48:09Z</time>
					</trkpt>
					<trkpt lat="44.092310" lon="1.340370">
						<ele>97</ele>
						<time>2026-05-18T16:48:17Z</time>
					</trkpt>
					<trkpt lat="44.092350" lon="1.339780">
						<ele>93</ele>
						<time>2026-05-18T16:48:24Z</time>
					</trkpt>
					<trkpt lat="44.092350" lon="1.339540">
						<ele>91</ele>
						<time>2026-05-18T16:48:27Z</time>
					</trkpt>
					<trkpt lat="44.092170" lon="1.338180">
						<ele>89</ele>
						<time>2026-05-18T16:48:45Z</time>
					</trkpt>
					<trkpt lat="44.091770" lon="1.335340">
						<ele>89</ele>
						<time>2026-05-18T16:49:22Z</time>
					</trkpt>
					<trkpt lat="44.091750" lon="1.334950">
						<ele>89</ele>
						<time>2026-05-18T16:49:27Z</time>
					</trkpt>
					<trkpt lat="44.091800" lon="1.334300">
						<ele>89</ele>
						<time>2026-05-18T16:49:35Z</time>
					</trkpt>
					<trkpt lat="44.091820" lon="1.334030">
						<ele>89</ele>
						<time>2026-05-18T16:49:39Z</time>
					</trkpt>
					<trkpt lat="44.091910" lon="1.333620">
						<ele>90</ele>
						<time>2026-05-18T16:49:44Z</time>
					</trkpt>
					<trkpt lat="44.092000" lon="1.333350">
						<ele>91</ele>
						<time>2026-05-18T16:49:48Z</time>
					</trkpt>
					<trkpt lat="44.092160" lon="1.333010">
						<ele>91</ele>
						<time>2026-05-18T16:49:53Z</time>
					</trkpt>
					<trkpt lat="44.092750" lon="1.332060">
						<ele>93</ele>
						<time>2026-05-18T16:50:09Z</time>
					</trkpt>
					<trkpt lat="44.092950" lon="1.331580">
						<ele>93</ele>
						<time>2026-05-18T16:50:17Z</time>
					</trkpt>
					<trkpt lat="44.093820" lon="1.328140">
						<ele>93</ele>
						<time>2026-05-18T16:51:03Z</time>
					</trkpt>
					<trkpt lat="44.093910" lon="1.327620">
						<ele>92</ele>
						<time>2026-05-18T16:51:10Z</time>
					</trkpt>
					<trkpt lat="44.093940" lon="1.327070">
						<ele>90</ele>
						<time>2026-05-18T16:51:17Z</time>
					</trkpt>
					<trkpt lat="44.094050" lon="1.325780">
						<ele>87</ele>
						<time>2026-05-18T16:51:34Z</time>
					</trkpt>
					<trkpt lat="44.094100" lon="1.325390">
						<ele>86</ele>
						<time>2026-05-18T16:51:39Z</time>
					</trkpt>
					<trkpt lat="44.094190" lon="1.325060">
						<ele>87</ele>
						<time>2026-05-18T16:51:43Z</time>
					</trkpt>
					<trkpt lat="44.094290" lon="1.324800">
						<ele>88</ele>
						<time>2026-05-18T16:51:47Z</time>
					</trkpt>
					<trkpt lat="44.094460" lon="1.324520">
						<ele>89</ele>
						<time>2026-05-18T16:51:52Z</time>
					</trkpt>
					<trkpt lat="44.094760" lon="1.324090">
						<ele>90</ele>
						<time>2026-05-18T16:51:59Z</time>
					</trkpt>
					<trkpt lat="44.094900" lon="1.323900">
						<ele>90</ele>
						<time>2026-05-18T16:52:03Z</time>
					</trkpt>
					<trkpt lat="44.097160" lon="1.320770">
						<ele>94</ele>
						<time>2026-05-18T16:52:59Z</time>
					</trkpt>
					<trkpt lat="44.097410" lon="1.320270">
						<ele>93</ele>
						<time>2026-05-18T16:53:07Z</time>
					</trkpt>
					<trkpt lat="44.097590" lon="1.319870">
						<ele>93</ele>
						<time>2026-05-18T16:53:13Z</time>
					</trkpt>
					<trkpt lat="44.097730" lon="1.319370">
						<ele>94</ele>
						<time>2026-05-18T16:53:20Z</time>
					</trkpt>
					<trkpt lat="44.097840" lon="1.318360">
						<ele>92</ele>
						<time>2026-05-18T16:53:33Z</time>
					</trkpt>
					<trkpt lat="44.097910" lon="1.317870">
						<ele>90</ele>
						<time>2026-05-18T16:53:40Z</time>
					</trkpt>
					<trkpt lat="44.097980" lon="1.317700">
						<ele>89</ele>
						<time>2026-05-18T16:53:42Z</time>
					</trkpt>
					<trkpt lat="44.098070" lon="1.317550">
						<ele>89</ele>
						<time>2026-05-18T16:53:45Z</time>
					</trkpt>
					<trkpt lat="44.098310" lon="1.317360">
						<ele>90</ele>
						<time>2026-05-18T16:53:50Z</time>
					</trkpt>
					<trkpt lat="44.098670" lon="1.317160">
						<ele>93</ele>
						<time>2026-05-18T16:53:56Z</time>
					</trkpt>
					<trkpt lat="44.098960" lon="1.316980">
						<ele>96</ele>
						<time>2026-05-18T16:54:02Z</time>
					</trkpt>
					<trkpt lat="44.099150" lon="1.316690">
						<ele>94</ele>
						<time>2026-05-18T16:54:07Z</time>
					</trkpt>
					<trkpt lat="44.099710" lon="1.315520">
						<ele>92</ele>
						<time>2026-05-18T16:54:25Z</time>
					</trkpt>
					<trkpt lat="44.100190" lon="1.314970">
						<ele>95</ele>
						<time>2026-05-18T16:54:36Z</time>
					</trkpt>
					<trkpt lat="44.100480" lon="1.314200">
						<ele>92</ele>
						<time>2026-05-18T16:54:47Z</time>
					</trkpt>
					<trkpt lat="44.100910" lon="1.313180">
						<ele>89</ele>
						<time>2026-05-18T16:55:02Z</time>
					</trkpt>
					<trkpt lat="44.101310" lon="1.312380">
						<ele>93</ele>
						<time>2026-05-18T16:55:15Z</time>
					</trkpt>
					<trkpt lat="44.101950" lon="1.311010">
						<ele>87</ele>
						<time>2026-05-18T16:55:36Z</time>
					</trkpt>
					<trkpt lat="44.102060" lon="1.310660">
						<ele>85</ele>
						<time>2026-05-18T16:55:41Z</time>
					</trkpt>
					<trkpt lat="44.102100" lon="1.310130">
						<ele>84</ele>
						<time>2026-05-18T16:55:47Z</time>
					</trkpt>
					<trkpt lat="44.102230" lon="1.309490">
						<ele>86</ele>
						<time>2026-05-18T16:55:56Z</time>
					</trkpt>
					<trkpt lat="44.102420" lon="1.308880">
						<ele>88</ele>
						<time>2026-05-18T16:56:04Z</time>
					</trkpt>
					<trkpt lat="44.102480" lon="1.308550">
						<ele>88</ele>
						<time>2026-05-18T16:56:09Z</time>
					</trkpt>
					<trkpt lat="44.102490" lon="1.307900">
						<ele>86</ele>
						<time>2026-05-18T16:56:17Z</time>
					</trkpt>
					<trkpt lat="44.102490" lon="1.307260">
						<ele>84</ele>
						<time>2026-05-18T16:56:25Z</time>
					</trkpt>
					<trkpt lat="44.102510" lon="1.306680">
						<ele>82</ele>
						<time>2026-05-18T16:56:33Z</time>
					</trkpt>
					<trkpt lat="44.102520" lon="1.306160">
						<ele>83</ele>
						<time>2026-05-18T16:56:39Z</time>
					</trkpt>
					<trkpt lat="44.102510" lon="1.305780">
						<ele>83</ele>
						<time>2026-05-18T16:56:44Z</time>
					</trkpt>
					<trkpt lat="44.102470" lon="1.305530">
						<ele>84</ele>
						<time>2026-05-18T16:56:47Z</time>
					</trkpt>
					<trkpt lat="44.102320" lon="1.305070">
						<ele>85</ele>
						<time>2026-05-18T16:56:54Z</time>
					</trkpt>
					<trkpt lat="44.102100" lon="1.304620">
						<ele>85</ele>
						<time>2026-05-18T16:57:01Z</time>
					</trkpt>
					<trkpt lat="44.101740" lon="1.303930">
						<ele>82</ele>
						<time>2026-05-18T16:57:12Z</time>
					</trkpt>
					<trkpt lat="44.101700" lon="1.303770">
						<ele>82</ele>
						<time>2026-05-18T16:57:14Z</time>
					</trkpt>
					<trkpt lat="44.101560" lon="1.303260">
						<ele>83</ele>
						<time>2026-05-18T16:57:21Z</time>
					</trkpt>
					<trkpt lat="44.101410" lon="1.302520">
						<ele>85</ele>
						<time>2026-05-18T16:57:31Z</time>
					</trkpt>
					<trkpt lat="44.101390" lon="1.301510">
						<ele>87</ele>
						<time>2026-05-18T16:57:44Z</time>
					</trkpt>
					<trkpt lat="44.101390" lon="1.300960">
						<ele>88</ele>
						<time>2026-05-18T16:57:51Z</time>
					</trkpt>
					<trkpt lat="44.101260" lon="1.299820">
						<ele>90</ele>
						<time>2026-05-18T16:58:05Z</time>
					</trkpt>
					<trkpt lat="44.101220" lon="1.299330">
						<ele>90</ele>
						<time>2026-05-18T16:58:12Z</time>
					</trkpt>
					<trkpt lat="44.101210" lon="1.298140">
						<ele>91</ele>
						<time>2026-05-18T16:58:27Z</time>
					</trkpt>
					<trkpt lat="44.101050" lon="1.297580">
						<ele>89</ele>
						<time>2026-05-18T16:58:35Z</time>
					</trkpt>
					<trkpt lat="44.101000" lon="1.297260">
						<ele>88</ele>
						<time>2026-05-18T16:58:39Z</time>
					</trkpt>
					<trkpt lat="44.100920" lon="1.296460">
						<ele>87</ele>
						<time>2026-05-18T16:58:49Z</time>
					</trkpt>
					<trkpt lat="44.100880" lon="1.295730">
						<ele>87</ele>
						<time>2026-05-18T16:58:58Z</time>
					</trkpt>
					<trkpt lat="44.100820" lon="1.295170">
						<ele>85</ele>
						<time>2026-05-18T16:59:06Z</time>
					</trkpt>
					<trkpt lat="44.100750" lon="1.294850">
						<ele>85</ele>
						<time>2026-05-18T16:59:10Z</time>
					</trkpt>
					<trkpt lat="44.101290" lon="1.294660">
						<ele>90</ele>
						<time>2026-05-18T16:59:20Z</time>
					</trkpt>
					<trkpt lat="44.101690" lon="1.294520">
						<ele>93</ele>
						<time>2026-05-18T16:59:27Z</time>
					</trkpt>
					<trkpt lat="44.102480" lon="1.293870">
						<ele>101</ele>
						<time>2026-05-18T16:59:43Z</time>
					</trkpt>
					<trkpt lat="44.103410" lon="1.293590">
						<ele>103</ele>
						<time>2026-05-18T17:00:00Z</time>
					</trkpt>
					<trkpt lat="44.104330" lon="1.293470">
						<ele>104</ele>
						<time>2026-05-18T17:00:17Z</time>
					</trkpt>
					<trkpt lat="44.104440" lon="1.293410">
						<ele>104</ele>
						<time>2026-05-18T17:00:19Z</time>
					</trkpt>
					<trkpt lat="44.104790" lon="1.293250">
						<ele>105</ele>
						<time>2026-05-18T17:00:26Z</time>
					</trkpt>
					<trkpt lat="44.105020" lon="1.293120">
						<ele>107</ele>
						<time>2026-05-18T17:00:30Z</time>
					</trkpt>
					<trkpt lat="44.105200" lon="1.292910">
						<ele>109</ele>
						<time>2026-05-18T17:00:34Z</time>
					</trkpt>
					<trkpt lat="44.105440" lon="1.292540">
						<ele>111</ele>
						<time>2026-05-18T17:00:40Z</time>
					</trkpt>
					<trkpt lat="44.105580" lon="1.292400">
						<ele>112</ele>
						<time>2026-05-18T17:00:44Z</time>
					</trkpt>
					<trkpt lat="44.105970" lon="1.292140">
						<ele>116</ele>
						<time>2026-05-18T17:00:51Z</time>
					</trkpt>
					<trkpt lat="44.106090" lon="1.291960">
						<ele>118</ele>
						<time>2026-05-18T17:00:54Z</time>
					</trkpt>
					<trkpt lat="44.106530" lon="1.290950">
						<ele>130</ele>
						<time>2026-05-18T17:01:09Z</time>
					</trkpt>
					<trkpt lat="44.106630" lon="1.290900">
						<ele>130</ele>
						<time>2026-05-18T17:01:11Z</time>
					</trkpt>
					<trkpt lat="44.106690" lon="1.290980">
						<ele>129</ele>
						<time>2026-05-18T17:01:13Z</time>
					</trkpt>
					<trkpt lat="44.106840" lon="1.291790">
						<ele>129</ele>
						<time>2026-05-18T17:01:24Z</time>
					</trkpt>
					<trkpt lat="44.106930" lon="1.292190">
						<ele>132</ele>
						<time>2026-05-18T17:01:29Z</time>
					</trkpt>
					<trkpt lat="44.107150" lon="1.292800">
						<ele>140</ele>
						<time>2026-05-18T17:01:38Z</time>
					</trkpt>
					<trkpt lat="44.107390" lon="1.293210">
						<ele>146</ele>
						<time>2026-05-18T17:01:44Z</time>
					</trkpt>
					<trkpt lat="44.107410" lon="1.293310">
						<ele>147</ele>
						<time>2026-05-18T17:01:46Z</time>
					</trkpt>
					<trkpt lat="44.107380" lon="1.293450">
						<ele>148</ele>
						<time>2026-05-18T17:01:48Z</time>
					</trkpt>
					<trkpt lat="44.107290" lon="1.293490">
						<ele>148</ele>
						<time>2026-05-18T17:01:49Z</time>
					</trkpt>
					<trkpt lat="44.106520" lon="1.293580">
						<ele>136</ele>
						<time>2026-05-18T17:02:03Z</time>
					</trkpt>
					<trkpt lat="44.106430" lon="1.293670">
						<ele>135</ele>
						<time>2026-05-18T17:02:05Z</time>
					</trkpt>
					<trkpt lat="44.106410" lon="1.293800">
						<ele>136</ele>
						<time>2026-05-18T17:02:07Z</time>
					</trkpt>
					<trkpt lat="44.106450" lon="1.293960">
						<ele>139</ele>
						<time>2026-05-18T17:02:09Z</time>
					</trkpt>
					<trkpt lat="44.106530" lon="1.294190">
						<ele>144</ele>
						<time>2026-05-18T17:02:12Z</time>
					</trkpt>
					<trkpt lat="44.106720" lon="1.294750">
						<ele>147</ele>
						<time>2026-05-18T17:02:20Z</time>
					</trkpt>
					<trkpt lat="44.107020" lon="1.295380">
						<ele>154</ele>
						<time>2026-05-18T17:02:30Z</time>
					</trkpt>
					<trkpt lat="44.107400" lon="1.296080">
						<ele>159</ele>
						<time>2026-05-18T17:02:41Z</time>
					</trkpt>
					<trkpt lat="44.107550" lon="1.296160">
						<ele>162</ele>
						<time>2026-05-18T17:02:44Z</time>
					</trkpt>
					<trkpt lat="44.107850" lon="1.296130">
						<ele>168</ele>
						<time>2026-05-18T17:02:49Z</time>
					</trkpt>
					<trkpt lat="44.108260" lon="1.296020">
						<ele>176</ele>
						<time>2026-05-18T17:02:56Z</time>
					</trkpt>
					<trkpt lat="44.108330" lon="1.296060">
						<ele>177</ele>
						<time>2026-05-18T17:02:58Z</time>
					</trkpt>
					<trkpt lat="44.108420" lon="1.296170">
						<ele>179</ele>
						<time>2026-05-18T17:03:00Z</time>
					</trkpt>
					<trkpt lat="44.108450" lon="1.296430">
						<ele>179</ele>
						<time>2026-05-18T17:03:03Z</time>
					</trkpt>
					<trkpt lat="44.108440" lon="1.296590">
						<ele>179</ele>
						<time>2026-05-18T17:03:05Z</time>
					</trkpt>
					<trkpt lat="44.108380" lon="1.296770">
						<ele>178</ele>
						<time>2026-05-18T17:03:08Z</time>
					</trkpt>
					<trkpt lat="44.108220" lon="1.296970">
						<ele>177</ele>
						<time>2026-05-18T17:03:12Z</time>
					</trkpt>
					<trkpt lat="44.108140" lon="1.297150">
						<ele>177</ele>
						<time>2026-05-18T17:03:14Z</time>
					</trkpt>
					<trkpt lat="44.107780" lon="1.298420">
						<ele>184</ele>
						<time>2026-05-18T17:03:32Z</time>
					</trkpt>
					<trkpt lat="44.107710" lon="1.298580">
						<ele>183</ele>
						<time>2026-05-18T17:03:34Z</time>
					</trkpt>
					<trkpt lat="44.107640" lon="1.298700">
						<ele>183</ele>
						<time>2026-05-18T17:03:36Z</time>
					</trkpt>
					<trkpt lat="44.107450" lon="1.298890">
						<ele>183</ele>
						<time>2026-05-18T17:03:40Z</time>
					</trkpt>
					<trkpt lat="44.107420" lon="1.299040">
						<ele>184</ele>
						<time>2026-05-18T17:03:42Z</time>
					</trkpt>
					<trkpt lat="44.108400" lon="1.298190">
						<ele>191</ele>
						<time>2026-05-18T17:04:03Z</time>
					</trkpt>
					<trkpt lat="44.108840" lon="1.298020">
						<ele>194</ele>
						<time>2026-05-18T17:04:11Z</time>
					</trkpt>
					<trkpt lat="44.109780" lon="1.297880">
						<ele>199</ele>
						<time>2026-05-18T17:04:28Z</time>
					</trkpt>
					<trkpt lat="44.109910" lon="1.298850">
						<ele>196</ele>
						<time>2026-05-18T17:04:41Z</time>
					</trkpt>
					<trkpt lat="44.109920" lon="1.299030">
						<ele>195</ele>
						<time>2026-05-18T17:04:43Z</time>
					</trkpt>
					<trkpt lat="44.109910" lon="1.299340">
						<ele>194</ele>
						<time>2026-05-18T17:04:47Z</time>
					</trkpt>
					<trkpt lat="44.109770" lon="1.301240">
						<ele>184</ele>
						<time>2026-05-18T17:05:11Z</time>
					</trkpt>
					<trkpt lat="44.109760" lon="1.301620">
						<ele>182</ele>
						<time>2026-05-18T17:05:16Z</time>
					</trkpt>
					<trkpt lat="44.109810" lon="1.302030">
						<ele>181</ele>
						<time>2026-05-18T17:05:21Z</time>
					</trkpt>
					<trkpt lat="44.109850" lon="1.302220">
						<ele>181</ele>
						<time>2026-05-18T17:05:24Z</time>
					</trkpt>
					<trkpt lat="44.110360" lon="1.303730">
						<ele>183</ele>
						<time>2026-05-18T17:05:45Z</time>
					</trkpt>
					<trkpt lat="44.110460" lon="1.304000">
						<ele>183</ele>
						<time>2026-05-18T17:05:49Z</time>
					</trkpt>
					<trkpt lat="44.110600" lon="1.304250">
						<ele>182</ele>
						<time>2026-05-18T17:05:53Z</time>
					</trkpt>
					<trkpt lat="44.111400" lon="1.305370">
						<ele>181</ele>
						<time>2026-05-18T17:06:13Z</time>
					</trkpt>
					<trkpt lat="44.111820" lon="1.306130">
						<ele>180</ele>
						<time>2026-05-18T17:06:26Z</time>
					</trkpt>
					<trkpt lat="44.111910" lon="1.306440">
						<ele>180</ele>
						<time>2026-05-18T17:06:30Z</time>
					</trkpt>
					<trkpt lat="44.112790" lon="1.310380">
						<ele>186</ele>
						<time>2026-05-18T17:07:23Z</time>
					</trkpt>
					<trkpt lat="44.112850" lon="1.310930">
						<ele>190</ele>
						<time>2026-05-18T17:07:30Z</time>
					</trkpt>
					<trkpt lat="44.112900" lon="1.311820">
						<ele>196</ele>
						<time>2026-05-18T17:07:41Z</time>
					</trkpt>
					<trkpt lat="44.112890" lon="1.312020">
						<ele>197</ele>
						<time>2026-05-18T17:07:44Z</time>
					</trkpt>
					<trkpt lat="44.112860" lon="1.312290">
						<ele>197</ele>
						<time>2026-05-18T17:07:47Z</time>
					</trkpt>
					<trkpt lat="44.112570" lon="1.313720">
						<ele>197</ele>
						<time>2026-05-18T17:08:06Z</time>
					</trkpt>
					<trkpt lat="44.112560" lon="1.314080">
						<ele>195</ele>
						<time>2026-05-18T17:08:11Z</time>
					</trkpt>
					<trkpt lat="44.112660" lon="1.315200">
						<ele>196</ele>
						<time>2026-05-18T17:08:25Z</time>
					</trkpt>
					<trkpt lat="44.112790" lon="1.315910">
						<ele>195</ele>
						<time>2026-05-18T17:08:34Z</time>
					</trkpt>
					<trkpt lat="44.113850" lon="1.319150">
						<ele>203</ele>
						<time>2026-05-18T17:09:20Z</time>
					</trkpt>
					<trkpt lat="44.114020" lon="1.319880">
						<ele>208</ele>
						<time>2026-05-18T17:09:30Z</time>
					</trkpt>
					<trkpt lat="44.114060" lon="1.320070">
						<ele>209</ele>
						<time>2026-05-18T17:09:32Z</time>
					</trkpt>
					<trkpt lat="44.114310" lon="1.320850">
						<ele>209</ele>
						<time>2026-05-18T17:09:43Z</time>
					</trkpt>
					<trkpt lat="44.114830" lon="1.322050">
						<ele>198</ele>
						<time>2026-05-18T17:10:01Z</time>
					</trkpt>
					<trkpt lat="44.115220" lon="1.322940">
						<ele>194</ele>
						<time>2026-05-18T17:10:14Z</time>
					</trkpt>
					<trkpt lat="44.115400" lon="1.323260">
						<ele>193</ele>
						<time>2026-05-18T17:10:20Z</time>
					</trkpt>
					<trkpt lat="44.115510" lon="1.323420">
						<ele>193</ele>
						<time>2026-05-18T17:10:22Z</time>
					</trkpt>
					<trkpt lat="44.116480" lon="1.324200">
						<ele>197</ele>
						<time>2026-05-18T17:10:42Z</time>
					</trkpt>
					<trkpt lat="44.116530" lon="1.324240">
						<ele>197</ele>
						<time>2026-05-18T17:10:43Z</time>
					</trkpt>
					<trkpt lat="44.116830" lon="1.324460">
						<ele>199</ele>
						<time>2026-05-18T17:10:49Z</time>
					</trkpt>
					<trkpt lat="44.117210" lon="1.324800">
						<ele>201</ele>
						<time>2026-05-18T17:10:57Z</time>
					</trkpt>
					<trkpt lat="44.117720" lon="1.325400">
						<ele>201</ele>
						<time>2026-05-18T17:11:09Z</time>
					</trkpt>
					<trkpt lat="44.118150" lon="1.325860">
						<ele>201</ele>
						<time>2026-05-18T17:11:19Z</time>
					</trkpt>
					<trkpt lat="44.118500" lon="1.326110">
						<ele>200</ele>
						<time>2026-05-18T17:11:26Z</time>
					</trkpt>
					<trkpt lat="44.118780" lon="1.326240">
						<ele>199</ele>
						<time>2026-05-18T17:11:31Z</time>
					</trkpt>
					<trkpt lat="44.118990" lon="1.326410">
						<ele>198</ele>
						<time>2026-05-18T17:11:36Z</time>
					</trkpt>
					<trkpt lat="44.119110" lon="1.326620">
						<ele>196</ele>
						<time>2026-05-18T17:11:39Z</time>
					</trkpt>
					<trkpt lat="44.119190" lon="1.326920">
						<ele>195</ele>
						<time>2026-05-18T17:11:43Z</time>
					</trkpt>
					<trkpt lat="44.119600" lon="1.329740">
						<ele>191</ele>
						<time>2026-05-18T17:12:20Z</time>
					</trkpt>
					<trkpt lat="44.119620" lon="1.329780">
						<ele>191</ele>
						<time>2026-05-18T17:12:20Z</time>
					</trkpt>
					<trkpt lat="44.119680" lon="1.329980">
						<ele>191</ele>
						<time>2026-05-18T17:12:23Z</time>
					</trkpt>
					<trkpt lat="44.119970" lon="1.330620">
						<ele>190</ele>
						<time>2026-05-18T17:12:33Z</time>
					</trkpt>
					<trkpt lat="44.120240" lon="1.331230">
						<ele>189</ele>
						<time>2026-05-18T17:12:42Z</time>
					</trkpt>
					<trkpt lat="44.121230" lon="1.333390">
						<ele>191</ele>
						<time>2026-05-18T17:13:15Z</time>
					</trkpt>
					<trkpt lat="44.121340" lon="1.333730">
						<ele>191</ele>
						<time>2026-05-18T17:13:20Z</time>
					</trkpt>
					<trkpt lat="44.121750" lon="1.335030">
						<ele>189</ele>
						<time>2026-05-18T17:13:38Z</time>
					</trkpt>
					<trkpt lat="44.122240" lon="1.336660">
						<ele>185</ele>
						<time>2026-05-18T17:14:00Z</time>
					</trkpt>
					<trkpt lat="44.122470" lon="1.337350">
						<ele>186</ele>
						<time>2026-05-18T17:14:10Z</time>
					</trkpt>
					<trkpt lat="44.122610" lon="1.337690">
						<ele>186</ele>
						<time>2026-05-18T17:14:15Z</time>
					</trkpt>
					<trkpt lat="44.123280" lon="1.338880">
						<ele>188</ele>
						<time>2026-05-18T17:14:34Z</time>
					</trkpt>
					<trkpt lat="44.123450" lon="1.339230">
						<ele>189</ele>
						<time>2026-05-18T17:14:40Z</time>
					</trkpt>
					<trkpt lat="44.123620" lon="1.339650">
						<ele>189</ele>
						<time>2026-05-18T17:14:46Z</time>
					</trkpt>
					<trkpt lat="44.123850" lon="1.340510">
						<ele>191</ele>
						<time>2026-05-18T17:14:58Z</time>
					</trkpt>
					<trkpt lat="44.123930" lon="1.341240">
						<ele>194</ele>
						<time>2026-05-18T17:15:07Z</time>
					</trkpt>
					<trkpt lat="44.123950" lon="1.341450">
						<ele>195</ele>
						<time>2026-05-18T17:15:10Z</time>
					</trkpt>
					<trkpt lat="44.123960" lon="1.341630">
						<ele>196</ele>
						<time>2026-05-18T17:15:12Z</time>
					</trkpt>
					<trkpt lat="44.123950" lon="1.341760">
						<ele>196</ele>
						<time>2026-05-18T17:15:14Z</time>
					</trkpt>
					<trkpt lat="44.124010" lon="1.341760">
						<ele>197</ele>
						<time>2026-05-18T17:15:15Z</time>
					</trkpt>
					<trkpt lat="44.124060" lon="1.341740">
						<ele>197</ele>
						<time>2026-05-18T17:15:16Z</time>
					</trkpt>
					<trkpt lat="44.124090" lon="1.341700">
						<ele>197</ele>
						<time>2026-05-18T17:15:16Z</time>
					</trkpt>
					<trkpt lat="44.124110" lon="1.341640">
						<ele>197</ele>
						<time>2026-05-18T17:15:17Z</time>
					</trkpt>
					<trkpt lat="44.124300" lon="1.341310">
						<ele>196</ele>
						<time>2026-05-18T17:15:23Z</time>
					</trkpt>
					<trkpt lat="44.124430" lon="1.341140">
						<ele>196</ele>
						<time>2026-05-18T17:15:26Z</time>
					</trkpt>
					<trkpt lat="44.124570" lon="1.340980">
						<ele>195</ele>
						<time>2026-05-18T17:15:29Z</time>
					</trkpt>
					<trkpt lat="44.124860" lon="1.340720">
						<ele>194</ele>
						<time>2026-05-18T17:15:35Z</time>
					</trkpt>
					<trkpt lat="44.126980" lon="1.338900">
						<ele>187</ele>
						<time>2026-05-18T17:16:20Z</time>
					</trkpt>
					<trkpt lat="44.128220" lon="1.337830">
						<ele>188</ele>
						<time>2026-05-18T17:16:45Z</time>
					</trkpt>
					<trkpt lat="44.128880" lon="1.337410">
						<ele>191</ele>
						<time>2026-05-18T17:16:58Z</time>
					</trkpt>
					<trkpt lat="44.129100" lon="1.337290">
						<ele>191</ele>
						<time>2026-05-18T17:17:03Z</time>
					</trkpt>
					<trkpt lat="44.130760" lon="1.336530">
						<ele>190</ele>
						<time>2026-05-18T17:17:34Z</time>
					</trkpt>
					<trkpt lat="44.130940" lon="1.336430">
						<ele>189</ele>
						<time>2026-05-18T17:17:37Z</time>
					</trkpt>
					<trkpt lat="44.131030" lon="1.336380">
						<ele>189</ele>
						<time>2026-05-18T17:17:39Z</time>
					</trkpt>
					<trkpt lat="44.131610" lon="1.335940">
						<ele>188</ele>
						<time>2026-05-18T17:17:51Z</time>
					</trkpt>
					<trkpt lat="44.131940" lon="1.335680">
						<ele>188</ele>
						<time>2026-05-18T17:17:57Z</time>
					</trkpt>
					<trkpt lat="44.132340" lon="1.335290">
						<ele>188</ele>
						<time>2026-05-18T17:18:06Z</time>
					</trkpt>
					<trkpt lat="44.133420" lon="1.333640">
						<ele>187</ele>
						<time>2026-05-18T17:18:35Z</time>
					</trkpt>
					<trkpt lat="44.133600" lon="1.333420">
						<ele>187</ele>
						<time>2026-05-18T17:18:39Z</time>
					</trkpt>
					<trkpt lat="44.134720" lon="1.332140">
						<ele>188</ele>
						<time>2026-05-18T17:19:05Z</time>
					</trkpt>
					<trkpt lat="44.134890" lon="1.331920">
						<ele>189</ele>
						<time>2026-05-18T17:19:09Z</time>
					</trkpt>
					<trkpt lat="44.135040" lon="1.331660">
						<ele>190</ele>
						<time>2026-05-18T17:19:13Z</time>
					</trkpt>
					<trkpt lat="44.135780" lon="1.329790">
						<ele>190</ele>
						<time>2026-05-18T17:19:40Z</time>
					</trkpt>
					<trkpt lat="44.135980" lon="1.329420">
						<ele>190</ele>
						<time>2026-05-18T17:19:46Z</time>
					</trkpt>
					<trkpt lat="44.137230" lon="1.327480">
						<ele>186</ele>
						<time>2026-05-18T17:20:19Z</time>
					</trkpt>
					<trkpt lat="44.137420" lon="1.327190">
						<ele>188</ele>
						<time>2026-05-18T17:20:24Z</time>
					</trkpt>
					<trkpt lat="44.137570" lon="1.327030">
						<ele>189</ele>
						<time>2026-05-18T17:20:28Z</time>
					</trkpt>
					<trkpt lat="44.137760" lon="1.326890">
						<ele>189</ele>
						<time>2026-05-18T17:20:32Z</time>
					</trkpt>
					<trkpt lat="44.139340" lon="1.326250">
						<ele>189</ele>
						<time>2026-05-18T17:21:01Z</time>
					</trkpt>
					<trkpt lat="44.139740" lon="1.326020">
						<ele>190</ele>
						<time>2026-05-18T17:21:09Z</time>
					</trkpt>
					<trkpt lat="44.140120" lon="1.325720">
						<ele>191</ele>
						<time>2026-05-18T17:21:16Z</time>
					</trkpt>
					<trkpt lat="44.140530" lon="1.325240">
						<ele>190</ele>
						<time>2026-05-18T17:21:26Z</time>
					</trkpt>
					<trkpt lat="44.140640" lon="1.324980">
						<ele>190</ele>
						<time>2026-05-18T17:21:30Z</time>
					</trkpt>
					<trkpt lat="44.140890" lon="1.324320">
						<ele>189</ele>
						<time>2026-05-18T17:21:39Z</time>
					</trkpt>
					<trkpt lat="44.141030" lon="1.323960">
						<ele>189</ele>
						<time>2026-05-18T17:21:45Z</time>
					</trkpt>
					<trkpt lat="44.141200" lon="1.323540">
						<ele>189</ele>
						<time>2026-05-18T17:21:51Z</time>
					</trkpt>
					<trkpt lat="44.141310" lon="1.323190">
						<ele>189</ele>
						<time>2026-05-18T17:21:56Z</time>
					</trkpt>
					<trkpt lat="44.141360" lon="1.322120">
						<ele>187</ele>
						<time>2026-05-18T17:22:09Z</time>
					</trkpt>
					<trkpt lat="44.141290" lon="1.320800">
						<ele>185</ele>
						<time>2026-05-18T17:22:26Z</time>
					</trkpt>
					<trkpt lat="44.141400" lon="1.319320">
						<ele>188</ele>
						<time>2026-05-18T17:22:45Z</time>
					</trkpt>
					<trkpt lat="44.141480" lon="1.318910">
						<ele>188</ele>
						<time>2026-05-18T17:22:51Z</time>
					</trkpt>
					<trkpt lat="44.142250" lon="1.317050">
						<ele>189</ele>
						<time>2026-05-18T17:23:18Z</time>
					</trkpt>
					<trkpt lat="44.142390" lon="1.316710">
						<ele>191</ele>
						<time>2026-05-18T17:23:23Z</time>
					</trkpt>
					<trkpt lat="44.142550" lon="1.316360">
						<ele>192</ele>
						<time>2026-05-18T17:23:28Z</time>
					</trkpt>
					<trkpt lat="44.142720" lon="1.316030">
						<ele>191</ele>
						<time>2026-05-18T17:23:33Z</time>
					</trkpt>
					<trkpt lat="44.143040" lon="1.315480">
						<ele>189</ele>
						<time>2026-05-18T17:23:43Z</time>
					</trkpt>
					<trkpt lat="44.143630" lon="1.314580">
						<ele>186</ele>
						<time>2026-05-18T17:23:58Z</time>
					</trkpt>
					<trkpt lat="44.143670" lon="1.314610">
						<ele>187</ele>
						<time>2026-05-18T17:23:59Z</time>
					</trkpt>
					<trkpt lat="44.144110" lon="1.314810">
						<ele>188</ele>
						<time>2026-05-18T17:24:07Z</time>
					</trkpt>
					<trkpt lat="44.144310" lon="1.314870">
						<ele>188</ele>
						<time>2026-05-18T17:24:11Z</time>
					</trkpt>
					<trkpt lat="44.144630" lon="1.314840">
						<ele>189</ele>
						<time>2026-05-18T17:24:16Z</time>
					</trkpt>
					<trkpt lat="44.146280" lon="1.314780">
						<ele>185</ele>
						<time>2026-05-18T17:24:46Z</time>
					</trkpt>
					<trkpt lat="44.146790" lon="1.314680">
						<ele>182</ele>
						<time>2026-05-18T17:24:55Z</time>
					</trkpt>
					<trkpt lat="44.149190" lon="1.313850">
						<ele>179</ele>
						<time>2026-05-18T17:25:39Z</time>
					</trkpt>
					<trkpt lat="44.150490" lon="1.313150">
						<ele>174</ele>
						<time>2026-05-18T17:26:04Z</time>
					</trkpt>
					<trkpt lat="44.150740" lon="1.313120">
						<ele>175</ele>
						<time>2026-05-18T17:26:08Z</time>
					</trkpt>
					<trkpt lat="44.151140" lon="1.313050">
						<ele>176</ele>
						<time>2026-05-18T17:26:15Z</time>
					</trkpt>
					<trkpt lat="44.151330" lon="1.313080">
						<ele>177</ele>
						<time>2026-05-18T17:26:19Z</time>
					</trkpt>
					<trkpt lat="44.151510" lon="1.313220">
						<ele>177</ele>
						<time>2026-05-18T17:26:23Z</time>
					</trkpt>
					<trkpt lat="44.151880" lon="1.313820">
						<ele>178</ele>
						<time>2026-05-18T17:26:33Z</time>
					</trkpt>
					<trkpt lat="44.153060" lon="1.315780">
						<ele>184</ele>
						<time>2026-05-18T17:27:05Z</time>
					</trkpt>
					<trkpt lat="44.153230" lon="1.316150">
						<ele>183</ele>
						<time>2026-05-18T17:27:11Z</time>
					</trkpt>
					<trkpt lat="44.153730" lon="1.317180">
						<ele>180</ele>
						<time>2026-05-18T17:27:27Z</time>
					</trkpt>
					<trkpt lat="44.153730" lon="1.317200">
						<ele>180</ele>
						<time>2026-05-18T17:27:27Z</time>
					</trkpt>
					<trkpt lat="44.154120" lon="1.318010">
						<ele>183</ele>
						<time>2026-05-18T17:27:39Z</time>
					</trkpt>
					<trkpt lat="44.154240" lon="1.318240">
						<ele>184</ele>
						<time>2026-05-18T17:27:43Z</time>
					</trkpt>
					<trkpt lat="44.154360" lon="1.318490">
						<ele>183</ele>
						<time>2026-05-18T17:27:47Z</time>
					</trkpt>
					<trkpt lat="44.154540" lon="1.318850">
						<ele>181</ele>
						<time>2026-05-18T17:27:53Z</time>
					</trkpt>
					<trkpt lat="44.154630" lon="1.319050">
						<ele>180</ele>
						<time>2026-05-18T17:27:56Z</time>
					</trkpt>
					<trkpt lat="44.154770" lon="1.319410">
						<ele>179</ele>
						<time>2026-05-18T17:28:01Z</time>
					</trkpt>
					<trkpt lat="44.154800" lon="1.319500">
						<ele>180</ele>
						<time>2026-05-18T17:28:02Z</time>
					</trkpt>
					<trkpt lat="44.154880" lon="1.319780">
						<ele>180</ele>
						<time>2026-05-18T17:28:06Z</time>
					</trkpt>
					<trkpt lat="44.154930" lon="1.320010">
						<ele>181</ele>
						<time>2026-05-18T17:28:09Z</time>
					</trkpt>
					<trkpt lat="44.154950" lon="1.320100">
						<ele>181</ele>
						<time>2026-05-18T17:28:10Z</time>
					</trkpt>
					<trkpt lat="44.154970" lon="1.320200">
						<ele>181</ele>
						<time>2026-05-18T17:28:11Z</time>
					</trkpt>
					<trkpt lat="44.155080" lon="1.320760">
						<ele>180</ele>
						<time>2026-05-18T17:28:19Z</time>
					</trkpt>
					<trkpt lat="44.155190" lon="1.321270">
						<ele>181</ele>
						<time>2026-05-18T17:28:26Z</time>
					</trkpt>
					<trkpt lat="44.155200" lon="1.321320">
						<ele>181</ele>
						<time>2026-05-18T17:28:26Z</time>
					</trkpt>
					<trkpt lat="44.155220" lon="1.321410">
						<ele>181</ele>
						<time>2026-05-18T17:28:28Z</time>
					</trkpt>
					<trkpt lat="44.155250" lon="1.321550">
						<ele>181</ele>
						<time>2026-05-18T17:28:29Z</time>
					</trkpt>
					<trkpt lat="44.155310" lon="1.321890">
						<ele>182</ele>
						<time>2026-05-18T17:28:34Z</time>
					</trkpt>
					<trkpt lat="44.155350" lon="1.322300">
						<ele>182</ele>
						<time>2026-05-18T17:28:39Z</time>
					</trkpt>
					<trkpt lat="44.155370" lon="1.322540">
						<ele>182</ele>
						<time>2026-05-18T17:28:42Z</time>
					</trkpt>
					<trkpt lat="44.155390" lon="1.322870">
						<ele>182</ele>
						<time>2026-05-18T17:28:46Z</time>
					</trkpt>
					<trkpt lat="44.155390" lon="1.322910">
						<ele>182</ele>
						<time>2026-05-18T17:28:47Z</time>
					</trkpt>
					<trkpt lat="44.155410" lon="1.323300">
						<ele>182</ele>
						<time>2026-05-18T17:28:52Z</time>
					</trkpt>
					<trkpt lat="44.155430" lon="1.323490">
						<ele>182</ele>
						<time>2026-05-18T17:28:54Z</time>
					</trkpt>
					<trkpt lat="44.155470" lon="1.323690">
						<ele>182</ele>
						<time>2026-05-18T17:28:57Z</time>
					</trkpt>
					<trkpt lat="44.155540" lon="1.323900">
						<ele>182</ele>
						<time>2026-05-18T17:29:00Z</time>
					</trkpt>
					<trkpt lat="44.155670" lon="1.324190">
						<ele>183</ele>
						<time>2026-05-18T17:29:04Z</time>
					</trkpt>
					<trkpt lat="44.155710" lon="1.324280">
						<ele>182</ele>
						<time>2026-05-18T17:29:06Z</time>
					</trkpt>
					<trkpt lat="44.155830" lon="1.324500">
						<ele>182</ele>
						<time>2026-05-18T17:29:09Z</time>
					</trkpt>
					<trkpt lat="44.155910" lon="1.324630">
						<ele>181</ele>
						<time>2026-05-18T17:29:11Z</time>
					</trkpt>
					<trkpt lat="44.156140" lon="1.324880">
						<ele>179</ele>
						<time>2026-05-18T17:29:17Z</time>
					</trkpt>
					<trkpt lat="44.156430" lon="1.325150">
						<ele>176</ele>
						<time>2026-05-18T17:29:23Z</time>
					</trkpt>
					<trkpt lat="44.156720" lon="1.325300">
						<ele>174</ele>
						<time>2026-05-18T17:29:28Z</time>
					</trkpt>
					<trkpt lat="44.157040" lon="1.325420">
						<ele>172</ele>
						<time>2026-05-18T17:29:34Z</time>
					</trkpt>
					<trkpt lat="44.157710" lon="1.325650">
						<ele>172</ele>
						<time>2026-05-18T17:29:47Z</time>
					</trkpt>
					<trkpt lat="44.157990" lon="1.325790">
						<ele>173</ele>
						<time>2026-05-18T17:29:52Z</time>
					</trkpt>
					<trkpt lat="44.158440" lon="1.326020">
						<ele>172</ele>
						<time>2026-05-18T17:30:00Z</time>
					</trkpt>
					<trkpt lat="44.158960" lon="1.326320">
						<ele>169</ele>
						<time>2026-05-18T17:30:10Z</time>
					</trkpt>
					<trkpt lat="44.159090" lon="1.326470">
						<ele>168</ele>
						<time>2026-05-18T17:30:13Z</time>
					</trkpt>
					<trkpt lat="44.159130" lon="1.326640">
						<ele>167</ele>
						<time>2026-05-18T17:30:16Z</time>
					</trkpt>
					<trkpt lat="44.159150" lon="1.326830">
						<ele>166</ele>
						<time>2026-05-18T17:30:18Z</time>
					</trkpt>
					<trkpt lat="44.159030" lon="1.327160">
						<ele>166</ele>
						<time>2026-05-18T17:30:23Z</time>
					</trkpt>
					<trkpt lat="44.158970" lon="1.327360">
						<ele>165</ele>
						<time>2026-05-18T17:30:26Z</time>
					</trkpt>
					<trkpt lat="44.158990" lon="1.327520">
						<ele>164</ele>
						<time>2026-05-18T17:30:28Z</time>
					</trkpt>
					<trkpt lat="44.159080" lon="1.327700">
						<ele>163</ele>
						<time>2026-05-18T17:30:30Z</time>
					</trkpt>
					<trkpt lat="44.159640" lon="1.328200">
						<ele>161</ele>
						<time>2026-05-18T17:30:42Z</time>
					</trkpt>
					<trkpt lat="44.160170" lon="1.329100">
						<ele>152</ele>
						<time>2026-05-18T17:30:57Z</time>
					</trkpt>
					<trkpt lat="44.160330" lon="1.329260">
						<ele>150</ele>
						<time>2026-05-18T17:31:01Z</time>
					</trkpt>
					<trkpt lat="44.160520" lon="1.329330">
						<ele>149</ele>
						<time>2026-05-18T17:31:04Z</time>
					</trkpt>
					<trkpt lat="44.160730" lon="1.329290">
						<ele>148</ele>
						<time>2026-05-18T17:31:08Z</time>
					</trkpt>
					<trkpt lat="44.161080" lon="1.329170">
						<ele>147</ele>
						<time>2026-05-18T17:31:14Z</time>
					</trkpt>
					<trkpt lat="44.161340" lon="1.329160">
						<ele>146</ele>
						<time>2026-05-18T17:31:19Z</time>
					</trkpt>
					<trkpt lat="44.163120" lon="1.329600">
						<ele>130</ele>
						<time>2026-05-18T17:31:51Z</time>
					</trkpt>
					<trkpt lat="44.163270" lon="1.329700">
						<ele>129</ele>
						<time>2026-05-18T17:31:54Z</time>
					</trkpt>
					<trkpt lat="44.163360" lon="1.329830">
						<ele>128</ele>
						<time>2026-05-18T17:31:56Z</time>
					</trkpt>
					<trkpt lat="44.163420" lon="1.329930">
						<ele>128</ele>
						<time>2026-05-18T17:31:58Z</time>
					</trkpt>
					<trkpt lat="44.163470" lon="1.330140">
						<ele>128</ele>
						<time>2026-05-18T17:32:01Z</time>
					</trkpt>
					<trkpt lat="44.163470" lon="1.330380">
						<ele>127</ele>
						<time>2026-05-18T17:32:04Z</time>
					</trkpt>
					<trkpt lat="44.163410" lon="1.331200">
						<ele>124</ele>
						<time>2026-05-18T17:32:15Z</time>
					</trkpt>
					<trkpt lat="44.163380" lon="1.331550">
						<ele>123</ele>
						<time>2026-05-18T17:32:19Z</time>
					</trkpt>
					<trkpt lat="44.163310" lon="1.332820">
						<ele>116</ele>
						<time>2026-05-18T17:32:35Z</time>
					</trkpt>
					<trkpt lat="44.163330" lon="1.333060">
						<ele>114</ele>
						<time>2026-05-18T17:32:38Z</time>
					</trkpt>
					<trkpt lat="44.163400" lon="1.333260">
						<ele>112</ele>
						<time>2026-05-18T17:32:41Z</time>
					</trkpt>
					<trkpt lat="44.163930" lon="1.333600">
						<ele>109</ele>
						<time>2026-05-18T17:32:52Z</time>
					</trkpt>
					<trkpt lat="44.164430" lon="1.333350">
						<ele>108</ele>
						<time>2026-05-18T17:33:01Z</time>
					</trkpt>
					<trkpt lat="44.164650" lon="1.333290">
						<ele>108</ele>
						<time>2026-05-18T17:33:05Z</time>
					</trkpt>
					<trkpt lat="44.167210" lon="1.332590">
						<ele>109</ele>
						<time>2026-05-18T17:33:51Z</time>
					</trkpt>
					<trkpt lat="44.169000" lon="1.332100">
						<ele>102</ele>
						<time>2026-05-18T17:34:24Z</time>
					</trkpt>
					<trkpt lat="44.169210" lon="1.331960">
						<ele>101</ele>
						<time>2026-05-18T17:34:28Z</time>
					</trkpt>
					<trkpt lat="44.169710" lon="1.331620">
						<ele>100</ele>
						<time>2026-05-18T17:34:38Z</time>
					</trkpt>
					<trkpt lat="44.171290" lon="1.330570">
						<ele>101</ele>
						<time>2026-05-18T17:35:09Z</time>
					</trkpt>
					<trkpt lat="44.171370" lon="1.330660">
						<ele>101</ele>
						<time>2026-05-18T17:35:11Z</time>
					</trkpt>
					<trkpt lat="44.171560" lon="1.330900">
						<ele>102</ele>
						<time>2026-05-18T17:35:15Z</time>
					</trkpt>
					<trkpt lat="44.172030" lon="1.331490">
						<ele>101</ele>
						<time>2026-05-18T17:35:27Z</time>
					</trkpt>
					<trkpt lat="44.172220" lon="1.331130">
						<ele>100</ele>
						<time>2026-05-18T17:35:32Z</time>
					</trkpt>
					<trkpt lat="44.172320" lon="1.330910">
						<ele>100</ele>
						<time>2026-05-18T17:35:36Z</time>
					</trkpt>
					<trkpt lat="44.173440" lon="1.328660">
						<ele>102</ele>
						<time>2026-05-18T17:36:11Z</time>
					</trkpt>
					<trkpt lat="44.174140" lon="1.327250">
						<ele>106</ele>
						<time>2026-05-18T17:36:33Z</time>
					</trkpt>
					<trkpt lat="44.175500" lon="1.324500">
						<ele>111</ele>
						<time>2026-05-18T17:37:15Z</time>
					</trkpt>
					<trkpt lat="44.175620" lon="1.324250">
						<ele>111</ele>
						<time>2026-05-18T17:37:19Z</time>
					</trkpt>
					<trkpt lat="44.175860" lon="1.323760">
						<ele>111</ele>
						<time>2026-05-18T17:37:27Z</time>
					</trkpt>
					<trkpt lat="44.176550" lon="1.322360">
						<ele>111</ele>
						<time>2026-05-18T17:37:48Z</time>
					</trkpt>
					<trkpt lat="44.176580" lon="1.322310">
						<ele>111</ele>
						<time>2026-05-18T17:37:49Z</time>
					</trkpt>
					<trkpt lat="44.177000" lon="1.321460">
						<ele>111</ele>
						<time>2026-05-18T17:38:02Z</time>
					</trkpt>
					<trkpt lat="44.177260" lon="1.320940">
						<ele>111</ele>
						<time>2026-05-18T17:38:10Z</time>
					</trkpt>
					<trkpt lat="44.177280" lon="1.320900">
						<ele>111</ele>
						<time>2026-05-18T17:38:11Z</time>
					</trkpt>
					<trkpt lat="44.177850" lon="1.319730">
						<ele>113</ele>
						<time>2026-05-18T17:38:29Z</time>
					</trkpt>
					<trkpt lat="44.179800" lon="1.315810">
						<ele>122</ele>
						<time>2026-05-18T17:39:30Z</time>
					</trkpt>
					<trkpt lat="44.179940" lon="1.315510">
						<ele>123</ele>
						<time>2026-05-18T17:39:34Z</time>
					</trkpt>
					<trkpt lat="44.180010" lon="1.315320">
						<ele>124</ele>
						<time>2026-05-18T17:39:37Z</time>
					</trkpt>
					<trkpt lat="44.180080" lon="1.315030">
						<ele>124</ele>
						<time>2026-05-18T17:39:41Z</time>
					</trkpt>
					<trkpt lat="44.180220" lon="1.314290">
						<ele>123</ele>
						<time>2026-05-18T17:39:51Z</time>
					</trkpt>
					<trkpt lat="44.180240" lon="1.314190">
						<ele>123</ele>
						<time>2026-05-18T17:39:52Z</time>
					</trkpt>
					<trkpt lat="44.180560" lon="1.312540">
						<ele>127</ele>
						<time>2026-05-18T17:40:14Z</time>
					</trkpt>
					<trkpt lat="44.180610" lon="1.312150">
						<ele>130</ele>
						<time>2026-05-18T17:40:19Z</time>
					</trkpt>
					<trkpt lat="44.180620" lon="1.311930">
						<ele>132</ele>
						<time>2026-05-18T17:40:22Z</time>
					</trkpt>
					<trkpt lat="44.180620" lon="1.311740">
						<ele>133</ele>
						<time>2026-05-18T17:40:24Z</time>
					</trkpt>
					<trkpt lat="44.180580" lon="1.311560">
						<ele>135</ele>
						<time>2026-05-18T17:40:27Z</time>
					</trkpt>
					<trkpt lat="44.180670" lon="1.311540">
						<ele>135</ele>
						<time>2026-05-18T17:40:28Z</time>
					</trkpt>
					<trkpt lat="44.180780" lon="1.311550">
						<ele>135</ele>
						<time>2026-05-18T17:40:30Z</time>
					</trkpt>
					<trkpt lat="44.180980" lon="1.311570">
						<ele>135</ele>
						<time>2026-05-18T17:40:34Z</time>
					</trkpt>
					<trkpt lat="44.181750" lon="1.311650">
						<ele>135</ele>
						<time>2026-05-18T17:40:48Z</time>
					</trkpt>
					<trkpt lat="44.181810" lon="1.311670">
						<ele>135</ele>
						<time>2026-05-18T17:40:49Z</time>
					</trkpt>
					<trkpt lat="44.181970" lon="1.311720">
						<ele>135</ele>
						<time>2026-05-18T17:40:52Z</time>
					</trkpt>
					<trkpt lat="44.182090" lon="1.311780">
						<ele>135</ele>
						<time>2026-05-18T17:40:54Z</time>
					</trkpt>
					<trkpt lat="44.182380" lon="1.311990">
						<ele>134</ele>
						<time>2026-05-18T17:41:00Z</time>
					</trkpt>
					<trkpt lat="44.182610" lon="1.312180">
						<ele>133</ele>
						<time>2026-05-18T17:41:04Z</time>
					</trkpt>
					<trkpt lat="44.182670" lon="1.312220">
						<ele>133</ele>
						<time>2026-05-18T17:41:06Z</time>
					</trkpt>
					<trkpt lat="44.182770" lon="1.312270">
						<ele>133</ele>
						<time>2026-05-18T17:41:08Z</time>
					</trkpt>
					<trkpt lat="44.182940" lon="1.312310">
						<ele>133</ele>
						<time>2026-05-18T17:41:11Z</time>
					</trkpt>
					<trkpt lat="44.183550" lon="1.312300">
						<ele>133</ele>
						<time>2026-05-18T17:41:21Z</time>
					</trkpt>
					<trkpt lat="44.183640" lon="1.312310">
						<ele>133</ele>
						<time>2026-05-18T17:41:23Z</time>
					</trkpt>
					<trkpt lat="44.183810" lon="1.312350">
						<ele>133</ele>
						<time>2026-05-18T17:41:26Z</time>
					</trkpt>
					<trkpt lat="44.183980" lon="1.312420">
						<ele>134</ele>
						<time>2026-05-18T17:41:29Z</time>
					</trkpt>
					<trkpt lat="44.185350" lon="1.313080">
						<ele>142</ele>
						<time>2026-05-18T17:41:55Z</time>
					</trkpt>
					<trkpt lat="44.185660" lon="1.313230">
						<ele>144</ele>
						<time>2026-05-18T17:42:01Z</time>
					</trkpt>
					<trkpt lat="44.185890" lon="1.313360">
						<ele>145</ele>
						<time>2026-05-18T17:42:05Z</time>
					</trkpt>
					<trkpt lat="44.186510" lon="1.313700">
						<ele>148</ele>
						<time>2026-05-18T17:42:17Z</time>
					</trkpt>
					<trkpt lat="44.186630" lon="1.313750">
						<ele>148</ele>
						<time>2026-05-18T17:42:19Z</time>
					</trkpt>
					<trkpt lat="44.186760" lon="1.313770">
						<ele>149</ele>
						<time>2026-05-18T17:42:22Z</time>
					</trkpt>
					<trkpt lat="44.186930" lon="1.313770">
						<ele>150</ele>
						<time>2026-05-18T17:42:25Z</time>
					</trkpt>
					<trkpt lat="44.187810" lon="1.313660">
						<ele>154</ele>
						<time>2026-05-18T17:42:40Z</time>
					</trkpt>
					<trkpt lat="44.187920" lon="1.313620">
						<ele>155</ele>
						<time>2026-05-18T17:42:43Z</time>
					</trkpt>
					<trkpt lat="44.188010" lon="1.313570">
						<ele>155</ele>
						<time>2026-05-18T17:42:44Z</time>
					</trkpt>
					<trkpt lat="44.188310" lon="1.313300">
						<ele>158</ele>
						<time>2026-05-18T17:42:51Z</time>
					</trkpt>
					<trkpt lat="44.188560" lon="1.312970">
						<ele>157</ele>
						<time>2026-05-18T17:42:57Z</time>
					</trkpt>
					<trkpt lat="44.188680" lon="1.312860">
						<ele>156</ele>
						<time>2026-05-18T17:42:59Z</time>
					</trkpt>
					<trkpt lat="44.189230" lon="1.312510">
						<ele>153</ele>
						<time>2026-05-18T17:43:10Z</time>
					</trkpt>
					<trkpt lat="44.189420" lon="1.312370">
						<ele>152</ele>
						<time>2026-05-18T17:43:14Z</time>
					</trkpt>
					<trkpt lat="44.189680" lon="1.312100">
						<ele>152</ele>
						<time>2026-05-18T17:43:20Z</time>
					</trkpt>
					<trkpt lat="44.189750" lon="1.312050">
						<ele>151</ele>
						<time>2026-05-18T17:43:21Z</time>
					</trkpt>
					<trkpt lat="44.189870" lon="1.311950">
						<ele>151</ele>
						<time>2026-05-18T17:43:24Z</time>
					</trkpt>
					<trkpt lat="44.190060" lon="1.311830">
						<ele>151</ele>
						<time>2026-05-18T17:43:27Z</time>
					</trkpt>
					<trkpt lat="44.190280" lon="1.311710">
						<ele>150</ele>
						<time>2026-05-18T17:43:31Z</time>
					</trkpt>
					<trkpt lat="44.190340" lon="1.311640">
						<ele>150</ele>
						<time>2026-05-18T17:43:33Z</time>
					</trkpt>
					<trkpt lat="44.190450" lon="1.311680">
						<ele>150</ele>
						<time>2026-05-18T17:43:35Z</time>
					</trkpt>
					<trkpt lat="44.190610" lon="1.311660">
						<ele>150</ele>
						<time>2026-05-18T17:43:38Z</time>
					</trkpt>
					<trkpt lat="44.190830" lon="1.311570">
						<ele>149</ele>
						<time>2026-05-18T17:43:42Z</time>
					</trkpt>
					<trkpt lat="44.191370" lon="1.311320">
						<ele>150</ele>
						<time>2026-05-18T17:43:52Z</time>
					</trkpt>
					<trkpt lat="44.191650" lon="1.311200">
						<ele>150</ele>
						<time>2026-05-18T17:43:57Z</time>
					</trkpt>
					<trkpt lat="44.191830" lon="1.311130">
						<ele>151</ele>
						<time>2026-05-18T17:44:00Z</time>
					</trkpt>
					<trkpt lat="44.192140" lon="1.311070">
						<ele>152</ele>
						<time>2026-05-18T17:44:06Z</time>
					</trkpt>
					<trkpt lat="44.192400" lon="1.311030">
						<ele>154</ele>
						<time>2026-05-18T17:44:11Z</time>
					</trkpt>
					<trkpt lat="44.192570" lon="1.311030">
						<ele>155</ele>
						<time>2026-05-18T17:44:14Z</time>
					</trkpt>
					<trkpt lat="44.192580" lon="1.310980">
						<ele>155</ele>
						<time>2026-05-18T17:44:14Z</time>
					</trkpt>
					<trkpt lat="44.192730" lon="1.310490">
						<ele>155</ele>
						<time>2026-05-18T17:44:21Z</time>
					</trkpt>
					<trkpt lat="44.192790" lon="1.310230">
						<ele>155</ele>
						<time>2026-05-18T17:44:25Z</time>
					</trkpt>
					<trkpt lat="44.192840" lon="1.309940">
						<ele>155</ele>
						<time>2026-05-18T17:44:28Z</time>
					</trkpt>
					<trkpt lat="44.192890" lon="1.309820">
						<ele>154</ele>
						<time>2026-05-18T17:44:30Z</time>
					</trkpt>
					<trkpt lat="44.192980" lon="1.309720">
						<ele>154</ele>
						<time>2026-05-18T17:44:32Z</time>
					</trkpt>
					<trkpt lat="44.193650" lon="1.309290">
						<ele>150</ele>
						<time>2026-05-18T17:44:45Z</time>
					</trkpt>
					<trkpt lat="44.193770" lon="1.309220">
						<ele>149</ele>
						<time>2026-05-18T17:44:48Z</time>
					</trkpt>
					<trkpt lat="44.193850" lon="1.309130">
						<ele>147</ele>
						<time>2026-05-18T17:44:50Z</time>
					</trkpt>
					<trkpt lat="44.193900" lon="1.309000">
						<ele>145</ele>
						<time>2026-05-18T17:44:51Z</time>
					</trkpt>
					<trkpt lat="44.193940" lon="1.308840">
						<ele>143</ele>
						<time>2026-05-18T17:44:54Z</time>
					</trkpt>
					<trkpt lat="44.193960" lon="1.308660">
						<ele>141</ele>
						<time>2026-05-18T17:44:56Z</time>
					</trkpt>
					<trkpt lat="44.194010" lon="1.308550">
						<ele>139</ele>
						<time>2026-05-18T17:44:58Z</time>
					</trkpt>
					<trkpt lat="44.194100" lon="1.308450">
						<ele>138</ele>
						<time>2026-05-18T17:45:00Z</time>
					</trkpt>
					<trkpt lat="44.194400" lon="1.308290">
						<ele>136</ele>
						<time>2026-05-18T17:45:05Z</time>
					</trkpt>
					<trkpt lat="44.194520" lon="1.308190">
						<ele>136</ele>
						<time>2026-05-18T17:45:08Z</time>
					</trkpt>
					<trkpt lat="44.194680" lon="1.308010">
						<ele>135</ele>
						<time>2026-05-18T17:45:11Z</time>
					</trkpt>
					<trkpt lat="44.194770" lon="1.307830">
						<ele>135</ele>
						<time>2026-05-18T17:45:14Z</time>
					</trkpt>
					<trkpt lat="44.194870" lon="1.307610">
						<ele>134</ele>
						<time>2026-05-18T17:45:18Z</time>
					</trkpt>
					<trkpt lat="44.195040" lon="1.306920">
						<ele>133</ele>
						<time>2026-05-18T17:45:27Z</time>
					</trkpt>
					<trkpt lat="44.195110" lon="1.306740">
						<ele>133</ele>
						<time>2026-05-18T17:45:29Z</time>
					</trkpt>
					<trkpt lat="44.195360" lon="1.306340">
						<ele>133</ele>
						<time>2026-05-18T17:45:36Z</time>
					</trkpt>
					<trkpt lat="44.195430" lon="1.306190">
						<ele>132</ele>
						<time>2026-05-18T17:45:39Z</time>
					</trkpt>
					<trkpt lat="44.195730" lon="1.305330">
						<ele>127</ele>
						<time>2026-05-18T17:45:51Z</time>
					</trkpt>
					<trkpt lat="44.195820" lon="1.305110">
						<ele>125</ele>
						<time>2026-05-18T17:45:54Z</time>
					</trkpt>
					<trkpt lat="44.196260" lon="1.304320">
						<ele>122</ele>
						<time>2026-05-18T17:46:07Z</time>
					</trkpt>
					<trkpt lat="44.196400" lon="1.304050">
						<ele>121</ele>
						<time>2026-05-18T17:46:11Z</time>
					</trkpt>
					<trkpt lat="44.196470" lon="1.303890">
						<ele>120</ele>
						<time>2026-05-18T17:46:13Z</time>
					</trkpt>
					<trkpt lat="44.196510" lon="1.303730">
						<ele>120</ele>
						<time>2026-05-18T17:46:16Z</time>
					</trkpt>
					<trkpt lat="44.196550" lon="1.303530">
						<ele>119</ele>
						<time>2026-05-18T17:46:18Z</time>
					</trkpt>
					<trkpt lat="44.196590" lon="1.303380">
						<ele>119</ele>
						<time>2026-05-18T17:46:20Z</time>
					</trkpt>
					<trkpt lat="44.196980" lon="1.302680">
						<ele>112</ele>
						<time>2026-05-18T17:46:32Z</time>
					</trkpt>
					<trkpt lat="44.197330" lon="1.301870">
						<ele>107</ele>
						<time>2026-05-18T17:46:44Z</time>
					</trkpt>
					<trkpt lat="44.197380" lon="1.301730">
						<ele>107</ele>
						<time>2026-05-18T17:46:46Z</time>
					</trkpt>
					<trkpt lat="44.197970" lon="1.301880">
						<ele>106</ele>
						<time>2026-05-18T17:46:56Z</time>
					</trkpt>
					<trkpt lat="44.198140" lon="1.301940">
						<ele>106</ele>
						<time>2026-05-18T17:46:59Z</time>
					</trkpt>
					<trkpt lat="44.198240" lon="1.302010">
						<ele>106</ele>
						<time>2026-05-18T17:47:01Z</time>
					</trkpt>
					<trkpt lat="44.198440" lon="1.302180">
						<ele>106</ele>
						<time>2026-05-18T17:47:06Z</time>
					</trkpt>
					<trkpt lat="44.198500" lon="1.302130">
						<ele>106</ele>
						<time>2026-05-18T17:47:07Z</time>
					</trkpt>
					<trkpt lat="44.199020" lon="1.301110">
						<ele>106</ele>
						<time>2026-05-18T17:47:23Z</time>
					</trkpt>
					<trkpt lat="44.199090" lon="1.300970">
						<ele>106</ele>
						<time>2026-05-18T17:47:25Z</time>
					</trkpt>
					<trkpt lat="44.199410" lon="1.300330">
						<ele>106</ele>
						<time>2026-05-18T17:47:35Z</time>
					</trkpt>
					<trkpt lat="44.199490" lon="1.300130">
						<ele>106</ele>
						<time>2026-05-18T17:47:38Z</time>
					</trkpt>
					<trkpt lat="44.199930" lon="1.300420">
						<ele>106</ele>
						<time>2026-05-18T17:47:46Z</time>
					</trkpt>
					<trkpt lat="44.200250" lon="1.300660">
						<ele>107</ele>
						<time>2026-05-18T17:47:53Z</time>
					</trkpt>
					<trkpt lat="44.200410" lon="1.300800">
						<ele>108</ele>
						<time>2026-05-18T17:47:56Z</time>
					</trkpt>
					<trkpt lat="44.200560" lon="1.300940">
						<ele>108</ele>
						<time>2026-05-18T17:48:00Z</time>
					</trkpt>
					<trkpt lat="44.201470" lon="1.301890">
						<ele>110</ele>
						<time>2026-05-18T17:48:20Z</time>
					</trkpt>
					<trkpt lat="44.202150" lon="1.302610">
						<ele>110</ele>
						<time>2026-05-18T17:48:35Z</time>
					</trkpt>
					<trkpt lat="44.202390" lon="1.302860">
						<ele>110</ele>
						<time>2026-05-18T17:48:40Z</time>
					</trkpt>
					<trkpt lat="44.202970" lon="1.303460">
						<ele>109</ele>
						<time>2026-05-18T17:48:53Z</time>
					</trkpt>
					<trkpt lat="44.203150" lon="1.303710">
						<ele>109</ele>
						<time>2026-05-18T17:48:58Z</time>
					</trkpt>
					<trkpt lat="44.203190" lon="1.303760">
						<ele>109</ele>
						<time>2026-05-18T17:48:59Z</time>
					</trkpt>
					<trkpt lat="44.203410" lon="1.304430">
						<ele>109</ele>
						<time>2026-05-18T17:49:08Z</time>
					</trkpt>
					<trkpt lat="44.203490" lon="1.304630">
						<ele>109</ele>
						<time>2026-05-18T17:49:11Z</time>
					</trkpt>
					<trkpt lat="44.203800" lon="1.305090">
						<ele>110</ele>
						<time>2026-05-18T17:49:19Z</time>
					</trkpt>
					<trkpt lat="44.203900" lon="1.304890">
						<ele>110</ele>
						<time>2026-05-18T17:49:22Z</time>
					</trkpt>
					<trkpt lat="44.204360" lon="1.303980">
						<ele>113</ele>
						<time>2026-05-18T17:49:36Z</time>
					</trkpt>
					<trkpt lat="44.204940" lon="1.303020">
						<ele>118</ele>
						<time>2026-05-18T17:49:52Z</time>
					</trkpt>
					<trkpt lat="44.205670" lon="1.301900">
						<ele>126</ele>
						<time>2026-05-18T17:50:12Z</time>
					</trkpt>
					<trkpt lat="44.205820" lon="1.301730">
						<ele>128</ele>
						<time>2026-05-18T17:50:15Z</time>
					</trkpt>
					<trkpt lat="44.205990" lon="1.301580">
						<ele>128</ele>
						<time>2026-05-18T17:50:19Z</time>
					</trkpt>
					<trkpt lat="44.206500" lon="1.301220">
						<ele>130</ele>
						<time>2026-05-18T17:50:29Z</time>
					</trkpt>
					<trkpt lat="44.206630" lon="1.301110">
						<ele>131</ele>
						<time>2026-05-18T17:50:31Z</time>
					</trkpt>
					<trkpt lat="44.206660" lon="1.301100">
						<ele>131</ele>
						<time>2026-05-18T17:50:32Z</time>
					</trkpt>
					<trkpt lat="44.206850" lon="1.300970">
						<ele>132</ele>
						<time>2026-05-18T17:50:36Z</time>
					</trkpt>
					<trkpt lat="44.207180" lon="1.300730">
						<ele>134</ele>
						<time>2026-05-18T17:50:42Z</time>
					</trkpt>
					<trkpt lat="44.207310" lon="1.300580">
						<ele>134</ele>
						<time>2026-05-18T17:50:45Z</time>
					</trkpt>
					<trkpt lat="44.207340" lon="1.300540">
						<ele>135</ele>
						<time>2026-05-18T17:50:46Z</time>
					</trkpt>
					<trkpt lat="44.207410" lon="1.300400">
						<ele>135</ele>
						<time>2026-05-18T17:50:48Z</time>
					</trkpt>
					<trkpt lat="44.207740" lon="1.299700">
						<ele>138</ele>
						<time>2026-05-18T17:50:59Z</time>
					</trkpt>
					<trkpt lat="44.208650" lon="1.297840">
						<ele>146</ele>
						<time>2026-05-18T17:51:28Z</time>
					</trkpt>
					<trkpt lat="44.208710" lon="1.297730">
						<ele>147</ele>
						<time>2026-05-18T17:51:29Z</time>
					</trkpt>
					<trkpt lat="44.208790" lon="1.297590">
						<ele>147</ele>
						<time>2026-05-18T17:51:32Z</time>
					</trkpt>
					<trkpt lat="44.209290" lon="1.296940">
						<ele>148</ele>
						<time>2026-05-18T17:51:44Z</time>
					</trkpt>
					<trkpt lat="44.209470" lon="1.296790">
						<ele>148</ele>
						<time>2026-05-18T17:51:48Z</time>
					</trkpt>
					<trkpt lat="44.209920" lon="1.296520">
						<ele>147</ele>
						<time>2026-05-18T17:51:56Z</time>
					</trkpt>
					<trkpt lat="44.210100" lon="1.296350">
						<ele>147</ele>
						<time>2026-05-18T17:52:00Z</time>
					</trkpt>
					<trkpt lat="44.211050" lon="1.295300">
						<ele>152</ele>
						<time>2026-05-18T17:52:22Z</time>
					</trkpt>
					<trkpt lat="44.211150" lon="1.295090">
						<ele>153</ele>
						<time>2026-05-18T17:52:25Z</time>
					</trkpt>
					<trkpt lat="44.211230" lon="1.294890">
						<ele>154</ele>
						<time>2026-05-18T17:52:28Z</time>
					</trkpt>
					<trkpt lat="44.211340" lon="1.294670">
						<ele>154</ele>
						<time>2026-05-18T17:52:31Z</time>
					</trkpt>
					<trkpt lat="44.212020" lon="1.293090">
						<ele>165</ele>
						<time>2026-05-18T17:52:55Z</time>
					</trkpt>
					<trkpt lat="44.212220" lon="1.292460">
						<ele>169</ele>
						<time>2026-05-18T17:53:04Z</time>
					</trkpt>
					<trkpt lat="44.212380" lon="1.292070">
						<ele>171</ele>
						<time>2026-05-18T17:53:09Z</time>
					</trkpt>
					<trkpt lat="44.212500" lon="1.291880">
						<ele>174</ele>
						<time>2026-05-18T17:53:13Z</time>
					</trkpt>
					<trkpt lat="44.212730" lon="1.291630">
						<ele>176</ele>
						<time>2026-05-18T17:53:18Z</time>
					</trkpt>
					<trkpt lat="44.213720" lon="1.290900">
						<ele>183</ele>
						<time>2026-05-18T17:53:38Z</time>
					</trkpt>
					<trkpt lat="44.214930" lon="1.289770">
						<ele>182</ele>
						<time>2026-05-18T17:54:04Z</time>
					</trkpt>
					<trkpt lat="44.215080" lon="1.289510">
						<ele>182</ele>
						<time>2026-05-18T17:54:08Z</time>
					</trkpt>
					<trkpt lat="44.215290" lon="1.289090">
						<ele>182</ele>
						<time>2026-05-18T17:54:14Z</time>
					</trkpt>
					<trkpt lat="44.215760" lon="1.288040">
						<ele>183</ele>
						<time>2026-05-18T17:54:30Z</time>
					</trkpt>
					<trkpt lat="44.215860" lon="1.287870">
						<ele>184</ele>
						<time>2026-05-18T17:54:33Z</time>
					</trkpt>
					<trkpt lat="44.216870" lon="1.286770">
						<ele>192</ele>
						<time>2026-05-18T17:54:56Z</time>
					</trkpt>
					<trkpt lat="44.217220" lon="1.286240">
						<ele>194</ele>
						<time>2026-05-18T17:55:05Z</time>
					</trkpt>
					<trkpt lat="44.217550" lon="1.285680">
						<ele>199</ele>
						<time>2026-05-18T17:55:14Z</time>
					</trkpt>
					<trkpt lat="44.217660" lon="1.285420">
						<ele>199</ele>
						<time>2026-05-18T17:55:18Z</time>
					</trkpt>
					<trkpt lat="44.218660" lon="1.283420">
						<ele>206</ele>
						<time>2026-05-18T17:55:49Z</time>
					</trkpt>
					<trkpt lat="44.218750" lon="1.283220">
						<ele>206</ele>
						<time>2026-05-18T17:55:52Z</time>
					</trkpt>
					<trkpt lat="44.218910" lon="1.282970">
						<ele>205</ele>
						<time>2026-05-18T17:55:56Z</time>
					</trkpt>
					<trkpt lat="44.219070" lon="1.282800">
						<ele>204</ele>
						<time>2026-05-18T17:56:00Z</time>
					</trkpt>
					<trkpt lat="44.219670" lon="1.282240">
						<ele>200</ele>
						<time>2026-05-18T17:56:13Z</time>
					</trkpt>
					<trkpt lat="44.219810" lon="1.282060">
						<ele>198</ele>
						<time>2026-05-18T17:56:16Z</time>
					</trkpt>
					<trkpt lat="44.219930" lon="1.281860">
						<ele>197</ele>
						<time>2026-05-18T17:56:20Z</time>
					</trkpt>
					<trkpt lat="44.220270" lon="1.281270">
						<ele>195</ele>
						<time>2026-05-18T17:56:29Z</time>
					</trkpt>
					<trkpt lat="44.220410" lon="1.280950">
						<ele>195</ele>
						<time>2026-05-18T17:56:34Z</time>
					</trkpt>
					<trkpt lat="44.220460" lon="1.280760">
						<ele>196</ele>
						<time>2026-05-18T17:56:37Z</time>
					</trkpt>
					<trkpt lat="44.220480" lon="1.280510">
						<ele>196</ele>
						<time>2026-05-18T17:56:40Z</time>
					</trkpt>
					<trkpt lat="44.220520" lon="1.280330">
						<ele>197</ele>
						<time>2026-05-18T17:56:42Z</time>
					</trkpt>
					<trkpt lat="44.220570" lon="1.280200">
						<ele>198</ele>
						<time>2026-05-18T17:56:44Z</time>
					</trkpt>
					<trkpt lat="44.220660" lon="1.280100">
						<ele>199</ele>
						<time>2026-05-18T17:56:46Z</time>
					</trkpt>
					<trkpt lat="44.221000" lon="1.279850">
						<ele>202</ele>
						<time>2026-05-18T17:56:53Z</time>
					</trkpt>
					<trkpt lat="44.221160" lon="1.279670">
						<ele>202</ele>
						<time>2026-05-18T17:56:57Z</time>
					</trkpt>
					<trkpt lat="44.221310" lon="1.279440">
						<ele>203</ele>
						<time>2026-05-18T17:57:01Z</time>
					</trkpt>
					<trkpt lat="44.221350" lon="1.279360">
						<ele>204</ele>
						<time>2026-05-18T17:57:02Z</time>
					</trkpt>
					<trkpt lat="44.221570" lon="1.278890">
						<ele>207</ele>
						<time>2026-05-18T17:57:09Z</time>
					</trkpt>
					<trkpt lat="44.221990" lon="1.278080">
						<ele>207</ele>
						<time>2026-05-18T17:57:22Z</time>
					</trkpt>
					<trkpt lat="44.222170" lon="1.277650">
						<ele>206</ele>
						<time>2026-05-18T17:57:28Z</time>
					</trkpt>
					<trkpt lat="44.222320" lon="1.277160">
						<ele>206</ele>
						<time>2026-05-18T17:57:35Z</time>
					</trkpt>
					<trkpt lat="44.222370" lon="1.276890">
						<ele>206</ele>
						<time>2026-05-18T17:57:38Z</time>
					</trkpt>
					<trkpt lat="44.222410" lon="1.276330">
						<ele>205</ele>
						<time>2026-05-18T17:57:46Z</time>
					</trkpt>
					<trkpt lat="44.222450" lon="1.275990">
						<ele>206</ele>
						<time>2026-05-18T17:57:50Z</time>
					</trkpt>
					<trkpt lat="44.222550" lon="1.275480">
						<ele>208</ele>
						<time>2026-05-18T17:57:57Z</time>
					</trkpt>
					<trkpt lat="44.223490" lon="1.271980">
						<ele>216</ele>
						<time>2026-05-18T17:58:44Z</time>
					</trkpt>
					<trkpt lat="44.223530" lon="1.271860">
						<ele>216</ele>
						<time>2026-05-18T17:58:46Z</time>
					</trkpt>
					<trkpt lat="44.223830" lon="1.271890">
						<ele>217</ele>
						<time>2026-05-18T17:58:52Z</time>
					</trkpt>
					<trkpt lat="44.224080" lon="1.271880">
						<ele>218</ele>
						<time>2026-05-18T17:58:56Z</time>
					</trkpt>
					<trkpt lat="44.224210" lon="1.271860">
						<ele>219</ele>
						<time>2026-05-18T17:58:58Z</time>
					</trkpt>
					<trkpt lat="44.224490" lon="1.271780">
						<ele>219</ele>
						<time>2026-05-18T17:59:03Z</time>
					</trkpt>
					<trkpt lat="44.224710" lon="1.271720">
						<ele>218</ele>
						<time>2026-05-18T17:59:07Z</time>
					</trkpt>
					<trkpt lat="44.225010" lon="1.271730">
						<ele>218</ele>
						<time>2026-05-18T17:59:13Z</time>
					</trkpt>
					<trkpt lat="44.225320" lon="1.271800">
						<ele>218</ele>
						<time>2026-05-18T17:59:18Z</time>
					</trkpt>
					<trkpt lat="44.225590" lon="1.271880">
						<ele>218</ele>
						<time>2026-05-18T17:59:23Z</time>
					</trkpt>
					<trkpt lat="44.225770" lon="1.272060">
						<ele>217</ele>
						<time>2026-05-18T17:59:27Z</time>
					</trkpt>
					<trkpt lat="44.225970" lon="1.272330">
						<ele>216</ele>
						<time>2026-05-18T17:59:32Z</time>
					</trkpt>
					<trkpt lat="44.226360" lon="1.272850">
						<ele>216</ele>
						<time>2026-05-18T17:59:42Z</time>
					</trkpt>
					<trkpt lat="44.226960" lon="1.273710">
						<ele>219</ele>
						<time>2026-05-18T17:59:57Z</time>
					</trkpt>
					<trkpt lat="44.227480" lon="1.274490">
						<ele>222</ele>
						<time>2026-05-18T18:00:11Z</time>
					</trkpt>
					<trkpt lat="44.227890" lon="1.275100">
						<ele>222</ele>
						<time>2026-05-18T18:00:21Z</time>
					</trkpt>
					<trkpt lat="44.228280" lon="1.275670">
						<ele>222</ele>
						<time>2026-05-18T18:00:31Z</time>
					</trkpt>
					<trkpt lat="44.228520" lon="1.276020">
						<ele>222</ele>
						<time>2026-05-18T18:00:37Z</time>
					</trkpt>
					<trkpt lat="44.228640" lon="1.276170">
						<ele>222</ele>
						<time>2026-05-18T18:00:40Z</time>
					</trkpt>
					<trkpt lat="44.228880" lon="1.276410">
						<ele>222</ele>
						<time>2026-05-18T18:00:46Z</time>
					</trkpt>
					<trkpt lat="44.229420" lon="1.276890">
						<ele>224</ele>
						<time>2026-05-18T18:00:57Z</time>
					</trkpt>
					<trkpt lat="44.229540" lon="1.277030">
						<ele>225</ele>
						<time>2026-05-18T18:01:00Z</time>
					</trkpt>
					<trkpt lat="44.229890" lon="1.277570">
						<ele>227</ele>
						<time>2026-05-18T18:01:09Z</time>
					</trkpt>
					<trkpt lat="44.230120" lon="1.277810">
						<ele>229</ele>
						<time>2026-05-18T18:01:14Z</time>
					</trkpt>
					<trkpt lat="44.230390" lon="1.278060">
						<ele>231</ele>
						<time>2026-05-18T18:01:20Z</time>
					</trkpt>
					<trkpt lat="44.230930" lon="1.278310">
						<ele>235</ele>
						<time>2026-05-18T18:01:30Z</time>
					</trkpt>
					<trkpt lat="44.231170" lon="1.278400">
						<ele>235</ele>
						<time>2026-05-18T18:01:34Z</time>
					</trkpt>
					<trkpt lat="44.231410" lon="1.278560">
						<ele>234</ele>
						<time>2026-05-18T18:01:39Z</time>
					</trkpt>
					<trkpt lat="44.231580" lon="1.278760">
						<ele>234</ele>
						<time>2026-05-18T18:01:43Z</time>
					</trkpt>
					<trkpt lat="44.231800" lon="1.278980">
						<ele>233</ele>
						<time>2026-05-18T18:01:48Z</time>
					</trkpt>
					<trkpt lat="44.231920" lon="1.279080">
						<ele>232</ele>
						<time>2026-05-18T18:01:50Z</time>
					</trkpt>
					<trkpt lat="44.232000" lon="1.279120">
						<ele>232</ele>
						<time>2026-05-18T18:01:52Z</time>
					</trkpt>
					<trkpt lat="44.232510" lon="1.279290">
						<ele>228</ele>
						<time>2026-05-18T18:02:01Z</time>
					</trkpt>
					<trkpt lat="44.232930" lon="1.279450">
						<ele>226</ele>
						<time>2026-05-18T18:02:09Z</time>
					</trkpt>
					<trkpt lat="44.233110" lon="1.279530">
						<ele>226</ele>
						<time>2026-05-18T18:02:12Z</time>
					</trkpt>
					<trkpt lat="44.233300" lon="1.279630">
						<ele>226</ele>
						<time>2026-05-18T18:02:16Z</time>
					</trkpt>
					<trkpt lat="44.233500" lon="1.279770">
						<ele>226</ele>
						<time>2026-05-18T18:02:20Z</time>
					</trkpt>
					<trkpt lat="44.233780" lon="1.279990">
						<ele>226</ele>
						<time>2026-05-18T18:02:26Z</time>
					</trkpt>
					<trkpt lat="44.234140" lon="1.280310">
						<ele>226</ele>
						<time>2026-05-18T18:02:33Z</time>
					</trkpt>
					<trkpt lat="44.234500" lon="1.280670">
						<ele>229</ele>
						<time>2026-05-18T18:02:41Z</time>
					</trkpt>
					<trkpt lat="44.235080" lon="1.281260">
						<ele>231</ele>
						<time>2026-05-18T18:02:54Z</time>
					</trkpt>
					<trkpt lat="44.235280" lon="1.281400">
						<ele>231</ele>
						<time>2026-05-18T18:02:58Z</time>
					</trkpt>
					<trkpt lat="44.235420" lon="1.281450">
						<ele>231</ele>
						<time>2026-05-18T18:03:00Z</time>
					</trkpt>
					<trkpt lat="44.235490" lon="1.281470">
						<ele>231</ele>
						<time>2026-05-18T18:03:02Z</time>
					</trkpt>
					<trkpt lat="44.235560" lon="1.281460">
						<ele>231</ele>
						<time>2026-05-18T18:03:03Z</time>
					</trkpt>
					<trkpt lat="44.235660" lon="1.281440">
						<ele>232</ele>
						<time>2026-05-18T18:03:05Z</time>
					</trkpt>
					<trkpt lat="44.235770" lon="1.281420">
						<ele>232</ele>
						<time>2026-05-18T18:03:07Z</time>
					</trkpt>
					<trkpt lat="44.235860" lon="1.281440">
						<ele>232</ele>
						<time>2026-05-18T18:03:08Z</time>
					</trkpt>
					<trkpt lat="44.235950" lon="1.281500">
						<ele>231</ele>
						<time>2026-05-18T18:03:10Z</time>
					</trkpt>
					<trkpt lat="44.236040" lon="1.281600">
						<ele>229</ele>
						<time>2026-05-18T18:03:12Z</time>
					</trkpt>
					<trkpt lat="44.236160" lon="1.281790">
						<ele>228</ele>
						<time>2026-05-18T18:03:15Z</time>
					</trkpt>
					<trkpt lat="44.236400" lon="1.282070">
						<ele>226</ele>
						<time>2026-05-18T18:03:21Z</time>
					</trkpt>
					<trkpt lat="44.237470" lon="1.283130">
						<ele>220</ele>
						<time>2026-05-18T18:03:44Z</time>
					</trkpt>
					<trkpt lat="44.237970" lon="1.283410">
						<ele>221</ele>
						<time>2026-05-18T18:03:54Z</time>
					</trkpt>
					<trkpt lat="44.238290" lon="1.283660">
						<ele>221</ele>
						<time>2026-05-18T18:04:00Z</time>
					</trkpt>
					<trkpt lat="44.238430" lon="1.283780">
						<ele>222</ele>
						<time>2026-05-18T18:04:03Z</time>
					</trkpt>
					<trkpt lat="44.239880" lon="1.284990">
						<ele>232</ele>
						<time>2026-05-18T18:04:33Z</time>
					</trkpt>
					<trkpt lat="44.240040" lon="1.285150">
						<ele>233</ele>
						<time>2026-05-18T18:04:37Z</time>
					</trkpt>
					<trkpt lat="44.240650" lon="1.285840">
						<ele>235</ele>
						<time>2026-05-18T18:04:51Z</time>
					</trkpt>
					<trkpt lat="44.241220" lon="1.286320">
						<ele>236</ele>
						<time>2026-05-18T18:05:03Z</time>
					</trkpt>
					<trkpt lat="44.241290" lon="1.286360">
						<ele>236</ele>
						<time>2026-05-18T18:05:04Z</time>
					</trkpt>
					<trkpt lat="44.241420" lon="1.286420">
						<ele>237</ele>
						<time>2026-05-18T18:05:07Z</time>
					</trkpt>
					<trkpt lat="44.241490" lon="1.286440">
						<ele>237</ele>
						<time>2026-05-18T18:05:08Z</time>
					</trkpt>
					<trkpt lat="44.241630" lon="1.286440">
						<ele>237</ele>
						<time>2026-05-18T18:05:10Z</time>
					</trkpt>
					<trkpt lat="44.242560" lon="1.286370">
						<ele>239</ele>
						<time>2026-05-18T18:05:27Z</time>
					</trkpt>
					<trkpt lat="44.242840" lon="1.286330">
						<ele>238</ele>
						<time>2026-05-18T18:05:32Z</time>
					</trkpt>
					<trkpt lat="44.243030" lon="1.286270">
						<ele>238</ele>
						<time>2026-05-18T18:05:35Z</time>
					</trkpt>
					<trkpt lat="44.243730" lon="1.285960">
						<ele>236</ele>
						<time>2026-05-18T18:05:48Z</time>
					</trkpt>
					<trkpt lat="44.244050" lon="1.285850">
						<ele>235</ele>
						<time>2026-05-18T18:05:54Z</time>
					</trkpt>
					<trkpt lat="44.244340" lon="1.285780">
						<ele>234</ele>
						<time>2026-05-18T18:06:00Z</time>
					</trkpt>
					<trkpt lat="44.244950" lon="1.285710">
						<ele>234</ele>
						<time>2026-05-18T18:06:10Z</time>
					</trkpt>
					<trkpt lat="44.245950" lon="1.285490">
						<ele>240</ele>
						<time>2026-05-18T18:06:28Z</time>
					</trkpt>
					<trkpt lat="44.246380" lon="1.285610">
						<ele>241</ele>
						<time>2026-05-18T18:06:36Z</time>
					</trkpt>
					<trkpt lat="44.246450" lon="1.285630">
						<ele>241</ele>
						<time>2026-05-18T18:06:38Z</time>
					</trkpt>
					<trkpt lat="44.246510" lon="1.285620">
						<ele>241</ele>
						<time>2026-05-18T18:06:39Z</time>
					</trkpt>
					<trkpt lat="44.246580" lon="1.285600">
						<ele>241</ele>
						<time>2026-05-18T18:06:40Z</time>
					</trkpt>
					<trkpt lat="44.246640" lon="1.285570">
						<ele>241</ele>
						<time>2026-05-18T18:06:41Z</time>
					</trkpt>
					<trkpt lat="44.246700" lon="1.285530">
						<ele>241</ele>
						<time>2026-05-18T18:06:42Z</time>
					</trkpt>
					<trkpt lat="44.247230" lon="1.284920">
						<ele>238</ele>
						<time>2026-05-18T18:06:54Z</time>
					</trkpt>
					<trkpt lat="44.247400" lon="1.284800">
						<ele>238</ele>
						<time>2026-05-18T18:06:58Z</time>
					</trkpt>
					<trkpt lat="44.247550" lon="1.284720">
						<ele>237</ele>
						<time>2026-05-18T18:07:01Z</time>
					</trkpt>
					<trkpt lat="44.247710" lon="1.284670">
						<ele>237</ele>
						<time>2026-05-18T18:07:04Z</time>
					</trkpt>
					<trkpt lat="44.247950" lon="1.284660">
						<ele>236</ele>
						<time>2026-05-18T18:07:08Z</time>
					</trkpt>
					<trkpt lat="44.248150" lon="1.284690">
						<ele>235</ele>
						<time>2026-05-18T18:07:11Z</time>
					</trkpt>
					<trkpt lat="44.248350" lon="1.284750">
						<ele>234</ele>
						<time>2026-05-18T18:07:15Z</time>
					</trkpt>
					<trkpt lat="44.248870" lon="1.284970">
						<ele>236</ele>
						<time>2026-05-18T18:07:25Z</time>
					</trkpt>
					<trkpt lat="44.249080" lon="1.285090">
						<ele>238</ele>
						<time>2026-05-18T18:07:29Z</time>
					</trkpt>
					<trkpt lat="44.249400" lon="1.285350">
						<ele>239</ele>
						<time>2026-05-18T18:07:35Z</time>
					</trkpt>
					<trkpt lat="44.249560" lon="1.285430">
						<ele>239</ele>
						<time>2026-05-18T18:07:38Z</time>
					</trkpt>
					<trkpt lat="44.249630" lon="1.285450">
						<ele>239</ele>
						<time>2026-05-18T18:07:40Z</time>
					</trkpt>
					<trkpt lat="44.249730" lon="1.285470">
						<ele>239</ele>
						<time>2026-05-18T18:07:41Z</time>
					</trkpt>
					<trkpt lat="44.249920" lon="1.285450">
						<ele>239</ele>
						<time>2026-05-18T18:07:45Z</time>
					</trkpt>
					<trkpt lat="44.250450" lon="1.285330">
						<ele>239</ele>
						<time>2026-05-18T18:07:54Z</time>
					</trkpt>
					<trkpt lat="44.250570" lon="1.285290">
						<ele>240</ele>
						<time>2026-05-18T18:07:57Z</time>
					</trkpt>
					<trkpt lat="44.250710" lon="1.285210">
						<ele>240</ele>
						<time>2026-05-18T18:07:59Z</time>
					</trkpt>
					<trkpt lat="44.250830" lon="1.285120">
						<ele>241</ele>
						<time>2026-05-18T18:08:02Z</time>
					</trkpt>
					<trkpt lat="44.251130" lon="1.284820">
						<ele>243</ele>
						<time>2026-05-18T18:08:08Z</time>
					</trkpt>
					<trkpt lat="44.251290" lon="1.284690">
						<ele>244</ele>
						<time>2026-05-18T18:08:12Z</time>
					</trkpt>
					<trkpt lat="44.251380" lon="1.284630">
						<ele>244</ele>
						<time>2026-05-18T18:08:13Z</time>
					</trkpt>
					<trkpt lat="44.251540" lon="1.284560">
						<ele>245</ele>
						<time>2026-05-18T18:08:16Z</time>
					</trkpt>
					<trkpt lat="44.251730" lon="1.284540">
						<ele>246</ele>
						<time>2026-05-18T18:08:20Z</time>
					</trkpt>
					<trkpt lat="44.252480" lon="1.284530">
						<ele>251</ele>
						<time>2026-05-18T18:08:33Z</time>
					</trkpt>
					<trkpt lat="44.252570" lon="1.284550">
						<ele>251</ele>
						<time>2026-05-18T18:08:35Z</time>
					</trkpt>
					<trkpt lat="44.252620" lon="1.284590">
						<ele>251</ele>
						<time>2026-05-18T18:08:36Z</time>
					</trkpt>
					<trkpt lat="44.252530" lon="1.284790">
						<ele>251</ele>
						<time>2026-05-18T18:08:39Z</time>
					</trkpt>
					<trkpt lat="44.252470" lon="1.285010">
						<ele>251</ele>
						<time>2026-05-18T18:08:42Z</time>
					</trkpt>
					<trkpt lat="44.252460" lon="1.285120">
						<ele>250</ele>
						<time>2026-05-18T18:08:43Z</time>
					</trkpt>
					<trkpt lat="44.252440" lon="1.285450">
						<ele>249</ele>
						<time>2026-05-18T18:08:47Z</time>
					</trkpt>
					<trkpt lat="44.252430" lon="1.286340">
						<ele>247</ele>
						<time>2026-05-18T18:08:59Z</time>
					</trkpt>
					<trkpt lat="44.252440" lon="1.286570">
						<ele>247</ele>
						<time>2026-05-18T18:09:02Z</time>
					</trkpt>
					<trkpt lat="44.252450" lon="1.286680">
						<ele>247</ele>
						<time>2026-05-18T18:09:03Z</time>
					</trkpt>
					<trkpt lat="44.252470" lon="1.286860">
						<ele>247</ele>
						<time>2026-05-18T18:09:05Z</time>
					</trkpt>
					<trkpt lat="44.252530" lon="1.287090">
						<ele>247</ele>
						<time>2026-05-18T18:09:08Z</time>
					</trkpt>
					<trkpt lat="44.252570" lon="1.287230">
						<ele>247</ele>
						<time>2026-05-18T18:09:10Z</time>
					</trkpt>
					<trkpt lat="44.252660" lon="1.287450">
						<ele>247</ele>
						<time>2026-05-18T18:09:14Z</time>
					</trkpt>
					<trkpt lat="44.252750" lon="1.287630">
						<ele>246</ele>
						<time>2026-05-18T18:09:16Z</time>
					</trkpt>
					<trkpt lat="44.252850" lon="1.287780">
						<ele>245</ele>
						<time>2026-05-18T18:09:19Z</time>
					</trkpt>
					<trkpt lat="44.253050" lon="1.288010">
						<ele>243</ele>
						<time>2026-05-18T18:09:24Z</time>
					</trkpt>
					<trkpt lat="44.253310" lon="1.288270">
						<ele>242</ele>
						<time>2026-05-18T18:09:29Z</time>
					</trkpt>
					<trkpt lat="44.253670" lon="1.288610">
						<ele>240</ele>
						<time>2026-05-18T18:09:37Z</time>
					</trkpt>
					<trkpt lat="44.254180" lon="1.289100">
						<ele>243</ele>
						<time>2026-05-18T18:09:48Z</time>
					</trkpt>
					<trkpt lat="44.254770" lon="1.289630">
						<ele>244</ele>
						<time>2026-05-18T18:10:01Z</time>
					</trkpt>
					<trkpt lat="44.255030" lon="1.289840">
						<ele>245</ele>
						<time>2026-05-18T18:10:06Z</time>
					</trkpt>
					<trkpt lat="44.257130" lon="1.291100">
						<ele>245</ele>
						<time>2026-05-18T18:10:47Z</time>
					</trkpt>
					<trkpt lat="44.257340" lon="1.291260">
						<ele>244</ele>
						<time>2026-05-18T18:10:51Z</time>
					</trkpt>
					<trkpt lat="44.257540" lon="1.291480">
						<ele>243</ele>
						<time>2026-05-18T18:10:55Z</time>
					</trkpt>
					<trkpt lat="44.257740" lon="1.291760">
						<ele>242</ele>
						<time>2026-05-18T18:11:00Z</time>
					</trkpt>
					<trkpt lat="44.257970" lon="1.292200">
						<ele>240</ele>
						<time>2026-05-18T18:11:07Z</time>
					</trkpt>
					<trkpt lat="44.258180" lon="1.292640">
						<ele>240</ele>
						<time>2026-05-18T18:11:14Z</time>
					</trkpt>
					<trkpt lat="44.258710" lon="1.293760">
						<ele>238</ele>
						<time>2026-05-18T18:11:31Z</time>
					</trkpt>
					<trkpt lat="44.259350" lon="1.295120">
						<ele>237</ele>
						<time>2026-05-18T18:11:52Z</time>
					</trkpt>
					<trkpt lat="44.259610" lon="1.295710">
						<ele>240</ele>
						<time>2026-05-18T18:12:01Z</time>
					</trkpt>
					<trkpt lat="44.259660" lon="1.295850">
						<ele>241</ele>
						<time>2026-05-18T18:12:03Z</time>
					</trkpt>
					<trkpt lat="44.259730" lon="1.296010">
						<ele>241</ele>
						<time>2026-05-18T18:12:05Z</time>
					</trkpt>
					<trkpt lat="44.259860" lon="1.296510">
						<ele>244</ele>
						<time>2026-05-18T18:12:12Z</time>
					</trkpt>
					<trkpt lat="44.259990" lon="1.297020">
						<ele>245</ele>
						<time>2026-05-18T18:12:19Z</time>
					</trkpt>
					<trkpt lat="44.260080" lon="1.297440">
						<ele>245</ele>
						<time>2026-05-18T18:12:24Z</time>
					</trkpt>
					<trkpt lat="44.260160" lon="1.297840">
						<ele>244</ele>
						<time>2026-05-18T18:12:30Z</time>
					</trkpt>
					<trkpt lat="44.260300" lon="1.298700">
						<ele>242</ele>
						<time>2026-05-18T18:12:41Z</time>
					</trkpt>
					<trkpt lat="44.260350" lon="1.299150">
						<ele>241</ele>
						<time>2026-05-18T18:12:47Z</time>
					</trkpt>
					<trkpt lat="44.260350" lon="1.299470">
						<ele>240</ele>
						<time>2026-05-18T18:12:51Z</time>
					</trkpt>
					<trkpt lat="44.260310" lon="1.299870">
						<ele>240</ele>
						<time>2026-05-18T18:12:56Z</time>
					</trkpt>
					<trkpt lat="44.260000" lon="1.301630">
						<ele>241</ele>
						<time>2026-05-18T18:13:19Z</time>
					</trkpt>
					<trkpt lat="44.259370" lon="1.305250">
						<ele>240</ele>
						<time>2026-05-18T18:14:07Z</time>
					</trkpt>
					<trkpt lat="44.259270" lon="1.305840">
						<ele>241</ele>
						<time>2026-05-18T18:14:14Z</time>
					</trkpt>
					<trkpt lat="44.258950" lon="1.307670">
						<ele>241</ele>
						<time>2026-05-18T18:14:38Z</time>
					</trkpt>
					<trkpt lat="44.258930" lon="1.307880">
						<ele>240</ele>
						<time>2026-05-18T18:14:41Z</time>
					</trkpt>
					<trkpt lat="44.258920" lon="1.308080">
						<ele>240</ele>
						<time>2026-05-18T18:14:44Z</time>
					</trkpt>
					<trkpt lat="44.258930" lon="1.308250">
						<ele>239</ele>
						<time>2026-05-18T18:14:46Z</time>
					</trkpt>
					<trkpt lat="44.258960" lon="1.308660">
						<ele>239</ele>
						<time>2026-05-18T18:14:51Z</time>
					</trkpt>
					<trkpt lat="44.259360" lon="1.311380">
						<ele>235</ele>
						<time>2026-05-18T18:15:26Z</time>
					</trkpt>
					<trkpt lat="44.259490" lon="1.312300">
						<ele>237</ele>
						<time>2026-05-18T18:15:38Z</time>
					</trkpt>
					<trkpt lat="44.260260" lon="1.317540">
						<ele>239</ele>
						<time>2026-05-18T18:16:46Z</time>
					</trkpt>
					<trkpt lat="44.259150" lon="1.317730">
						<ele>236</ele>
						<time>2026-05-18T18:17:06Z</time>
					</trkpt>
					<trkpt lat="44.258520" lon="1.317850">
						<ele>234</ele>
						<time>2026-05-18T18:17:18Z</time>
					</trkpt>
					<trkpt lat="44.257220" lon="1.318200">
						<ele>234</ele>
						<time>2026-05-18T18:17:41Z</time>
					</trkpt>
					<trkpt lat="44.256850" lon="1.318220">
						<ele>233</ele>
						<time>2026-05-18T18:17:48Z</time>
					</trkpt>
					<trkpt lat="44.256700" lon="1.318190">
						<ele>233</ele>
						<time>2026-05-18T18:17:50Z</time>
					</trkpt>
					<trkpt lat="44.256220" lon="1.318080">
						<ele>233</ele>
						<time>2026-05-18T18:17:59Z</time>
					</trkpt>
					<trkpt lat="44.255590" lon="1.317870">
						<ele>233</ele>
						<time>2026-05-18T18:18:11Z</time>
					</trkpt>
					<trkpt lat="44.255320" lon="1.317860">
						<ele>233</ele>
						<time>2026-05-18T18:18:15Z</time>
					</trkpt>
					<trkpt lat="44.254760" lon="1.318010">
						<ele>234</ele>
						<time>2026-05-18T18:18:26Z</time>
					</trkpt>
					<trkpt lat="44.254400" lon="1.318110">
						<ele>235</ele>
						<time>2026-05-18T18:18:32Z</time>
					</trkpt>
					<trkpt lat="44.253610" lon="1.318240">
						<ele>235</ele>
						<time>2026-05-18T18:18:46Z</time>
					</trkpt>
					<trkpt lat="44.253280" lon="1.318280">
						<ele>234</ele>
						<time>2026-05-18T18:18:52Z</time>
					</trkpt>
					<trkpt lat="44.252810" lon="1.318260">
						<ele>231</ele>
						<time>2026-05-18T18:19:01Z</time>
					</trkpt>
					<trkpt lat="44.252670" lon="1.318280">
						<ele>231</ele>
						<time>2026-05-18T18:19:03Z</time>
					</trkpt>
					<trkpt lat="44.251800" lon="1.318390">
						<ele>230</ele>
						<time>2026-05-18T18:19:19Z</time>
					</trkpt>
					<trkpt lat="44.250060" lon="1.318880">
						<ele>230</ele>
						<time>2026-05-18T18:19:50Z</time>
					</trkpt>
					<trkpt lat="44.248290" lon="1.319380">
						<ele>226</ele>
						<time>2026-05-18T18:20:22Z</time>
					</trkpt>
					<trkpt lat="44.247520" lon="1.319440">
						<ele>226</ele>
						<time>2026-05-18T18:20:36Z</time>
					</trkpt>
					<trkpt lat="44.246850" lon="1.319360">
						<ele>229</ele>
						<time>2026-05-18T18:20:48Z</time>
					</trkpt>
					<trkpt lat="44.245940" lon="1.319160">
						<ele>229</ele>
						<time>2026-05-18T18:21:04Z</time>
					</trkpt>
					<trkpt lat="44.245790" lon="1.319160">
						<ele>229</ele>
						<time>2026-05-18T18:21:07Z</time>
					</trkpt>
					<trkpt lat="44.245700" lon="1.319150">
						<ele>229</ele>
						<time>2026-05-18T18:21:09Z</time>
					</trkpt>
					<trkpt lat="44.245530" lon="1.319140">
						<ele>228</ele>
						<time>2026-05-18T18:21:12Z</time>
					</trkpt>
					<trkpt lat="44.245030" lon="1.319480">
						<ele>225</ele>
						<time>2026-05-18T18:21:22Z</time>
					</trkpt>
					<trkpt lat="44.244840" lon="1.320000">
						<ele>223</ele>
						<time>2026-05-18T18:21:29Z</time>
					</trkpt>
					<trkpt lat="44.244700" lon="1.320260">
						<ele>220</ele>
						<time>2026-05-18T18:21:33Z</time>
					</trkpt>
					<trkpt lat="44.244510" lon="1.320470">
						<ele>217</ele>
						<time>2026-05-18T18:21:38Z</time>
					</trkpt>
					<trkpt lat="44.244270" lon="1.320600">
						<ele>216</ele>
						<time>2026-05-18T18:21:42Z</time>
					</trkpt>
					<trkpt lat="44.244050" lon="1.320610">
						<ele>217</ele>
						<time>2026-05-18T18:21:46Z</time>
					</trkpt>
					<trkpt lat="44.243870" lon="1.320570">
						<ele>219</ele>
						<time>2026-05-18T18:21:49Z</time>
					</trkpt>
					<trkpt lat="44.243640" lon="1.320640">
						<ele>219</ele>
						<time>2026-05-18T18:21:53Z</time>
					</trkpt>
					<trkpt lat="44.243460" lon="1.320770">
						<ele>219</ele>
						<time>2026-05-18T18:21:57Z</time>
					</trkpt>
					<trkpt lat="44.243170" lon="1.321240">
						<ele>213</ele>
						<time>2026-05-18T18:22:05Z</time>
					</trkpt>
					<trkpt lat="44.242650" lon="1.321870">
						<ele>207</ele>
						<time>2026-05-18T18:22:17Z</time>
					</trkpt>
					<trkpt lat="44.242470" lon="1.322000">
						<ele>206</ele>
						<time>2026-05-18T18:22:21Z</time>
					</trkpt>
					<trkpt lat="44.241890" lon="1.322150">
						<ele>208</ele>
						<time>2026-05-18T18:22:31Z</time>
					</trkpt>
					<trkpt lat="44.241180" lon="1.322720">
						<ele>197</ele>
						<time>2026-05-18T18:22:46Z</time>
					</trkpt>
					<trkpt lat="44.241110" lon="1.322880">
						<ele>195</ele>
						<time>2026-05-18T18:22:48Z</time>
					</trkpt>
					<trkpt lat="44.241070" lon="1.322960">
						<ele>194</ele>
						<time>2026-05-18T18:22:50Z</time>
					</trkpt>
					<trkpt lat="44.240780" lon="1.323530">
						<ele>191</ele>
						<time>2026-05-18T18:22:58Z</time>
					</trkpt>
					<trkpt lat="44.240650" lon="1.323760">
						<ele>188</ele>
						<time>2026-05-18T18:23:02Z</time>
					</trkpt>
					<trkpt lat="44.240210" lon="1.324170">
						<ele>184</ele>
						<time>2026-05-18T18:23:12Z</time>
					</trkpt>
					<trkpt lat="44.240090" lon="1.324340">
						<ele>182</ele>
						<time>2026-05-18T18:23:15Z</time>
					</trkpt>
					<trkpt lat="44.239910" lon="1.324850">
						<ele>179</ele>
						<time>2026-05-18T18:23:22Z</time>
					</trkpt>
					<trkpt lat="44.239820" lon="1.325050">
						<ele>177</ele>
						<time>2026-05-18T18:23:25Z</time>
					</trkpt>
					<trkpt lat="44.239680" lon="1.325190">
						<ele>176</ele>
						<time>2026-05-18T18:23:28Z</time>
					</trkpt>
					<trkpt lat="44.239320" lon="1.325390">
						<ele>173</ele>
						<time>2026-05-18T18:23:35Z</time>
					</trkpt>
					<trkpt lat="44.238720" lon="1.326180">
						<ele>167</ele>
						<time>2026-05-18T18:23:50Z</time>
					</trkpt>
					<trkpt lat="44.238640" lon="1.326220">
						<ele>166</ele>
						<time>2026-05-18T18:23:51Z</time>
					</trkpt>
					<trkpt lat="44.237560" lon="1.326690">
						<ele>161</ele>
						<time>2026-05-18T18:24:11Z</time>
					</trkpt>
					<trkpt lat="44.237400" lon="1.326850">
						<ele>159</ele>
						<time>2026-05-18T18:24:15Z</time>
					</trkpt>
					<trkpt lat="44.237290" lon="1.327060">
						<ele>158</ele>
						<time>2026-05-18T18:24:18Z</time>
					</trkpt>
					<trkpt lat="44.237030" lon="1.327650">
						<ele>156</ele>
						<time>2026-05-18T18:24:27Z</time>
					</trkpt>
					<trkpt lat="44.236790" lon="1.328150">
						<ele>153</ele>
						<time>2026-05-18T18:24:34Z</time>
					</trkpt>
					<trkpt lat="44.235800" lon="1.329340">
						<ele>145</ele>
						<time>2026-05-18T18:24:58Z</time>
					</trkpt>
					<trkpt lat="44.235610" lon="1.329680">
						<ele>145</ele>
						<time>2026-05-18T18:25:03Z</time>
					</trkpt>
					<trkpt lat="44.235070" lon="1.331810">
						<ele>138</ele>
						<time>2026-05-18T18:25:32Z</time>
					</trkpt>
					<trkpt lat="44.234970" lon="1.331930">
						<ele>137</ele>
						<time>2026-05-18T18:25:34Z</time>
					</trkpt>
					<trkpt lat="44.234950" lon="1.331940">
						<ele>137</ele>
						<time>2026-05-18T18:25:35Z</time>
					</trkpt>
					<trkpt lat="44.234570" lon="1.332120">
						<ele>135</ele>
						<time>2026-05-18T18:25:42Z</time>
					</trkpt>
					<trkpt lat="44.234980" lon="1.333160">
						<ele>134</ele>
						<time>2026-05-18T18:25:57Z</time>
					</trkpt>
					<trkpt lat="44.235140" lon="1.333450">
						<ele>133</ele>
						<time>2026-05-18T18:26:02Z</time>
					</trkpt>
					<trkpt lat="44.235390" lon="1.333770">
						<ele>131</ele>
						<time>2026-05-18T18:26:08Z</time>
					</trkpt>
					<trkpt lat="44.236500" lon="1.335860">
						<ele>124</ele>
						<time>2026-05-18T18:26:41Z</time>
					</trkpt>
					<trkpt lat="44.238050" lon="1.338440">
						<ele>125</ele>
						<time>2026-05-18T18:27:24Z</time>
					</trkpt>
					<trkpt lat="44.238500" lon="1.338950">
						<ele>125</ele>
						<time>2026-05-18T18:27:34Z</time>
					</trkpt>
					<trkpt lat="44.239560" lon="1.339980">
						<ele>128</ele>
						<time>2026-05-18T18:27:57Z</time>
					</trkpt>
					<trkpt lat="44.239730" lon="1.340150">
						<ele>128</ele>
						<time>2026-05-18T18:28:01Z</time>
					</trkpt>
					<trkpt lat="44.239800" lon="1.340330">
						<ele>128</ele>
						<time>2026-05-18T18:28:03Z</time>
					</trkpt>
					<trkpt lat="44.239820" lon="1.340390">
						<ele>127</ele>
						<time>2026-05-18T18:28:04Z</time>
					</trkpt>
					<trkpt lat="44.239950" lon="1.340420">
						<ele>127</ele>
						<time>2026-05-18T18:28:07Z</time>
					</trkpt>
					<trkpt lat="44.240030" lon="1.340480">
						<ele>127</ele>
						<time>2026-05-18T18:28:08Z</time>
					</trkpt>
					<trkpt lat="44.241380" lon="1.342040">
						<ele>129</ele>
						<time>2026-05-18T18:28:39Z</time>
					</trkpt>
					<trkpt lat="44.241610" lon="1.342370">
						<ele>128</ele>
						<time>2026-05-18T18:28:45Z</time>
					</trkpt>
					<trkpt lat="44.243030" lon="1.344380">
						<ele>130</ele>
						<time>2026-05-18T18:29:21Z</time>
					</trkpt>
					<trkpt lat="44.243060" lon="1.344410">
						<ele>130</ele>
						<time>2026-05-18T18:29:22Z</time>
					</trkpt>
					<trkpt lat="44.243330" lon="1.344640">
						<ele>131</ele>
						<time>2026-05-18T18:29:28Z</time>
					</trkpt>
					<trkpt lat="44.244020" lon="1.345030">
						<ele>132</ele>
						<time>2026-05-18T18:29:41Z</time>
					</trkpt>
					<trkpt lat="44.244420" lon="1.345300">
						<ele>135</ele>
						<time>2026-05-18T18:29:49Z</time>
					</trkpt>
					<trkpt lat="44.246990" lon="1.347130">
						<ele>136</ele>
						<time>2026-05-18T18:30:40Z</time>
					</trkpt>
					<trkpt lat="44.247050" lon="1.347180">
						<ele>136</ele>
						<time>2026-05-18T18:30:41Z</time>
					</trkpt>
					<trkpt lat="44.250650" lon="1.350330">
						<ele>136</ele>
						<time>2026-05-18T18:31:57Z</time>
					</trkpt>
					<trkpt lat="44.251060" lon="1.351050">
						<ele>136</ele>
						<time>2026-05-18T18:32:09Z</time>
					</trkpt>
					<trkpt lat="44.252600" lon="1.353850">
						<ele>136</ele>
						<time>2026-05-18T18:32:54Z</time>
					</trkpt>
					<trkpt lat="44.252690" lon="1.353970">
						<ele>136</ele>
						<time>2026-05-18T18:32:56Z</time>
					</trkpt>
					<trkpt lat="44.252740" lon="1.354040">
						<ele>136</ele>
						<time>2026-05-18T18:32:57Z</time>
					</trkpt>
					<trkpt lat="44.254750" lon="1.356190">
						<ele>140</ele>
						<time>2026-05-18T18:33:42Z</time>
					</trkpt>
					<trkpt lat="44.255400" lon="1.356920">
						<ele>141</ele>
						<time>2026-05-18T18:33:57Z</time>
					</trkpt>
					<trkpt lat="44.255840" lon="1.357500">
						<ele>141</ele>
						<time>2026-05-18T18:34:08Z</time>
					</trkpt>
					<trkpt lat="44.256230" lon="1.358090">
						<ele>144</ele>
						<time>2026-05-18T18:34:18Z</time>
					</trkpt>
					<trkpt lat="44.256660" lon="1.358620">
						<ele>146</ele>
						<time>2026-05-18T18:34:28Z</time>
					</trkpt>
					<trkpt lat="44.256800" lon="1.358760">
						<ele>146</ele>
						<time>2026-05-18T18:34:31Z</time>
					</trkpt>
					<trkpt lat="44.257180" lon="1.359140">
						<ele>147</ele>
						<time>2026-05-18T18:34:40Z</time>
					</trkpt>
					<trkpt lat="44.257180" lon="1.359190">
						<ele>147</ele>
						<time>2026-05-18T18:34:40Z</time>
					</trkpt>
					<trkpt lat="44.257200" lon="1.359270">
						<ele>147</ele>
						<time>2026-05-18T18:34:41Z</time>
					</trkpt>
					<trkpt lat="44.258680" lon="1.361640">
						<ele>140</ele>
						<time>2026-05-18T18:35:21Z</time>
					</trkpt>
					<trkpt lat="44.258880" lon="1.361930">
						<ele>140</ele>
						<time>2026-05-18T18:35:26Z</time>
					</trkpt>
					<trkpt lat="44.259170" lon="1.362180">
						<ele>141</ele>
						<time>2026-05-18T18:35:33Z</time>
					</trkpt>
					<trkpt lat="44.259630" lon="1.362410">
						<ele>142</ele>
						<time>2026-05-18T18:35:41Z</time>
					</trkpt>
					<trkpt lat="44.260070" lon="1.362590">
						<ele>143</ele>
						<time>2026-05-18T18:35:49Z</time>
					</trkpt>
					<trkpt lat="44.260670" lon="1.362930">
						<ele>143</ele>
						<time>2026-05-18T18:36:01Z</time>
					</trkpt>
					<trkpt lat="44.262740" lon="1.364050">
						<ele>149</ele>
						<time>2026-05-18T18:36:40Z</time>
					</trkpt>
					<trkpt lat="44.262880" lon="1.364170">
						<ele>149</ele>
						<time>2026-05-18T18:36:43Z</time>
					</trkpt>
					<trkpt lat="44.263010" lon="1.364370">
						<ele>149</ele>
						<time>2026-05-18T18:36:47Z</time>
					</trkpt>
					<trkpt lat="44.263100" lon="1.364600">
						<ele>149</ele>
						<time>2026-05-18T18:36:50Z</time>
					</trkpt>
					<trkpt lat="44.264280" lon="1.368780">
						<ele>149</ele>
						<time>2026-05-18T18:37:47Z</time>
					</trkpt>
					<trkpt lat="44.264400" lon="1.369400">
						<ele>150</ele>
						<time>2026-05-18T18:37:56Z</time>
					</trkpt>
					<trkpt lat="44.264370" lon="1.370340">
						<ele>148</ele>
						<time>2026-05-18T18:38:08Z</time>
					</trkpt>
					<trkpt lat="44.264320" lon="1.371090">
						<ele>147</ele>
						<time>2026-05-18T18:38:17Z</time>
					</trkpt>
					<trkpt lat="44.264240" lon="1.371300">
						<ele>147</ele>
						<time>2026-05-18T18:38:20Z</time>
					</trkpt>
					<trkpt lat="44.264160" lon="1.371440">
						<ele>146</ele>
						<time>2026-05-18T18:38:22Z</time>
					</trkpt>
					<trkpt lat="44.264170" lon="1.371560">
						<ele>146</ele>
						<time>2026-05-18T18:38:24Z</time>
					</trkpt>
					<trkpt lat="44.264220" lon="1.371610">
						<ele>146</ele>
						<time>2026-05-18T18:38:25Z</time>
					</trkpt>
					<trkpt lat="44.263950" lon="1.372010">
						<ele>146</ele>
						<time>2026-05-18T18:38:32Z</time>
					</trkpt>
					<trkpt lat="44.263690" lon="1.372200">
						<ele>147</ele>
						<time>2026-05-18T18:38:37Z</time>
					</trkpt>
					<trkpt lat="44.263550" lon="1.372280">
						<ele>147</ele>
						<time>2026-05-18T18:38:40Z</time>
					</trkpt>
					<trkpt lat="44.263480" lon="1.372330">
						<ele>147</ele>
						<time>2026-05-18T18:38:41Z</time>
					</trkpt>
					<trkpt lat="44.263390" lon="1.372440">
						<ele>148</ele>
						<time>2026-05-18T18:38:44Z</time>
					</trkpt>
					<trkpt lat="44.263360" lon="1.372690">
						<ele>148</ele>
						<time>2026-05-18T18:38:47Z</time>
					</trkpt>
					<trkpt lat="44.263150" lon="1.376470">
						<ele>161</ele>
						<time>2026-05-18T18:39:35Z</time>
					</trkpt>
					<trkpt lat="44.263140" lon="1.376620">
						<ele>162</ele>
						<time>2026-05-18T18:39:37Z</time>
					</trkpt>
					<trkpt lat="44.263120" lon="1.376770">
						<ele>163</ele>
						<time>2026-05-18T18:39:39Z</time>
					</trkpt>
					<trkpt lat="44.263090" lon="1.377000">
						<ele>164</ele>
						<time>2026-05-18T18:39:42Z</time>
					</trkpt>
					<trkpt lat="44.262780" lon="1.378380">
						<ele>170</ele>
						<time>2026-05-18T18:40:00Z</time>
					</trkpt>
					<trkpt lat="44.262730" lon="1.378960">
						<ele>173</ele>
						<time>2026-05-18T18:40:08Z</time>
					</trkpt>
					<trkpt lat="44.262730" lon="1.379140">
						<ele>174</ele>
						<time>2026-05-18T18:40:10Z</time>
					</trkpt>
					<trkpt lat="44.262790" lon="1.379370">
						<ele>175</ele>
						<time>2026-05-18T18:40:13Z</time>
					</trkpt>
					<trkpt lat="44.262970" lon="1.379610">
						<ele>175</ele>
						<time>2026-05-18T18:40:18Z</time>
					</trkpt>
					<trkpt lat="44.263270" lon="1.379870">
						<ele>175</ele>
						<time>2026-05-18T18:40:24Z</time>
					</trkpt>
					<trkpt lat="44.263370" lon="1.380070">
						<ele>175</ele>
						<time>2026-05-18T18:40:27Z</time>
					</trkpt>
					<trkpt lat="44.263400" lon="1.380310">
						<ele>177</ele>
						<time>2026-05-18T18:40:30Z</time>
					</trkpt>
					<trkpt lat="44.263320" lon="1.381030">
						<ele>183</ele>
						<time>2026-05-18T18:40:39Z</time>
					</trkpt>
					<trkpt lat="44.263300" lon="1.381300">
						<ele>185</ele>
						<time>2026-05-18T18:40:43Z</time>
					</trkpt>
					<trkpt lat="44.263280" lon="1.381560">
						<ele>188</ele>
						<time>2026-05-18T18:40:46Z</time>
					</trkpt>
					<trkpt lat="44.263330" lon="1.381860">
						<ele>190</ele>
						<time>2026-05-18T18:40:50Z</time>
					</trkpt>
					<trkpt lat="44.263380" lon="1.381990">
						<ele>191</ele>
						<time>2026-05-18T18:40:52Z</time>
					</trkpt>
					<trkpt lat="44.263410" lon="1.382060">
						<ele>191</ele>
						<time>2026-05-18T18:40:53Z</time>
					</trkpt>
					<trkpt lat="44.263570" lon="1.382210">
						<ele>191</ele>
						<time>2026-05-18T18:40:56Z</time>
					</trkpt>
					<trkpt lat="44.263810" lon="1.382330">
						<ele>190</ele>
						<time>2026-05-18T18:41:01Z</time>
					</trkpt>
					<trkpt lat="44.263940" lon="1.382430">
						<ele>190</ele>
						<time>2026-05-18T18:41:04Z</time>
					</trkpt>
					<trkpt lat="44.264010" lon="1.382630">
						<ele>189</ele>
						<time>2026-05-18T18:41:06Z</time>
					</trkpt>
					<trkpt lat="44.264010" lon="1.382700">
						<ele>189</ele>
						<time>2026-05-18T18:41:07Z</time>
					</trkpt>
					<trkpt lat="44.264000" lon="1.382860">
						<ele>189</ele>
						<time>2026-05-18T18:41:09Z</time>
					</trkpt>
					<trkpt lat="44.263960" lon="1.383050">
						<ele>190</ele>
						<time>2026-05-18T18:41:12Z</time>
					</trkpt>
					<trkpt lat="44.263730" lon="1.383340">
						<ele>194</ele>
						<time>2026-05-18T18:41:17Z</time>
					</trkpt>
					<trkpt lat="44.263200" lon="1.383560">
						<ele>201</ele>
						<time>2026-05-18T18:41:27Z</time>
					</trkpt>
					<trkpt lat="44.263140" lon="1.383620">
						<ele>202</ele>
						<time>2026-05-18T18:41:29Z</time>
					</trkpt>
					<trkpt lat="44.262770" lon="1.383980">
						<ele>205</ele>
						<time>2026-05-18T18:41:37Z</time>
					</trkpt>
					<trkpt lat="44.262610" lon="1.384350">
						<ele>206</ele>
						<time>2026-05-18T18:41:42Z</time>
					</trkpt>
					<trkpt lat="44.262440" lon="1.384750">
						<ele>207</ele>
						<time>2026-05-18T18:41:48Z</time>
					</trkpt>
					<trkpt lat="44.262240" lon="1.385230">
						<ele>211</ele>
						<time>2026-05-18T18:41:55Z</time>
					</trkpt>
					<trkpt lat="44.262160" lon="1.385520">
						<ele>213</ele>
						<time>2026-05-18T18:41:59Z</time>
					</trkpt>
					<trkpt lat="44.262110" lon="1.386780">
						<ele>221</ele>
						<time>2026-05-18T18:42:15Z</time>
					</trkpt>
					<trkpt lat="44.262120" lon="1.387000">
						<ele>223</ele>
						<time>2026-05-18T18:42:18Z</time>
					</trkpt>
					<trkpt lat="44.262180" lon="1.387200">
						<ele>224</ele>
						<time>2026-05-18T18:42:21Z</time>
					</trkpt>
					<trkpt lat="44.262560" lon="1.387670">
						<ele>224</ele>
						<time>2026-05-18T18:42:30Z</time>
					</trkpt>
					<trkpt lat="44.262770" lon="1.387800">
						<ele>225</ele>
						<time>2026-05-18T18:42:34Z</time>
					</trkpt>
					<trkpt lat="44.263260" lon="1.388100">
						<ele>228</ele>
						<time>2026-05-18T18:42:43Z</time>
					</trkpt>
					<trkpt lat="44.263180" lon="1.388230">
						<ele>232</ele>
						<time>2026-05-18T18:42:46Z</time>
					</trkpt>
					<trkpt lat="44.262260" lon="1.388440">
						<ele>241</ele>
						<time>2026-05-18T18:43:02Z</time>
					</trkpt>
					<trkpt lat="44.262000" lon="1.388350">
						<ele>243</ele>
						<time>2026-05-18T18:43:07Z</time>
					</trkpt>
					<trkpt lat="44.261690" lon="1.388100">
						<ele>243</ele>
						<time>2026-05-18T18:43:13Z</time>
					</trkpt>
					<trkpt lat="44.261260" lon="1.387780">
						<ele>244</ele>
						<time>2026-05-18T18:43:22Z</time>
					</trkpt>
					<trkpt lat="44.261180" lon="1.387740">
						<ele>245</ele>
						<time>2026-05-18T18:43:23Z</time>
					</trkpt>
					<trkpt lat="44.261000" lon="1.387660">
						<ele>246</ele>
						<time>2026-05-18T18:43:27Z</time>
					</trkpt>
					<trkpt lat="44.259690" lon="1.387870">
						<ele>250</ele>
						<time>2026-05-18T18:43:50Z</time>
					</trkpt>
					<trkpt lat="44.259490" lon="1.387810">
						<ele>250</ele>
						<time>2026-05-18T18:43:54Z</time>
					</trkpt>
					<trkpt lat="44.258450" lon="1.387190">
						<ele>247</ele>
						<time>2026-05-18T18:44:14Z</time>
					</trkpt>
					<trkpt lat="44.258150" lon="1.387100">
						<ele>246</ele>
						<time>2026-05-18T18:44:20Z</time>
					</trkpt>
					<trkpt lat="44.257900" lon="1.387130">
						<ele>246</ele>
						<time>2026-05-18T18:44:24Z</time>
					</trkpt>
					<trkpt lat="44.257850" lon="1.387150">
						<ele>246</ele>
						<time>2026-05-18T18:44:25Z</time>
					</trkpt>
					<trkpt lat="44.257120" lon="1.387390">
						<ele>246</ele>
						<time>2026-05-18T18:44:38Z</time>
					</trkpt>
					<trkpt lat="44.255620" lon="1.388000">
						<ele>247</ele>
						<time>2026-05-18T18:45:06Z</time>
					</trkpt>
					<trkpt lat="44.254830" lon="1.388330">
						<ele>246</ele>
						<time>2026-05-18T18:45:21Z</time>
					</trkpt>
					<trkpt lat="44.254610" lon="1.388420">
						<ele>245</ele>
						<time>2026-05-18T18:45:25Z</time>
					</trkpt>
					<trkpt lat="44.254470" lon="1.388510">
						<ele>245</ele>
						<time>2026-05-18T18:45:28Z</time>
					</trkpt>
					<trkpt lat="44.254400" lon="1.388580">
						<ele>245</ele>
						<time>2026-05-18T18:45:29Z</time>
					</trkpt>
					<trkpt lat="44.254310" lon="1.388660">
						<ele>245</ele>
						<time>2026-05-18T18:45:31Z</time>
					</trkpt>
					<trkpt lat="44.254000" lon="1.389230">
						<ele>242</ele>
						<time>2026-05-18T18:45:40Z</time>
					</trkpt>
					<trkpt lat="44.253880" lon="1.389370">
						<ele>241</ele>
						<time>2026-05-18T18:45:43Z</time>
					</trkpt>
					<trkpt lat="44.253060" lon="1.389950">
						<ele>236</ele>
						<time>2026-05-18T18:45:59Z</time>
					</trkpt>
					<trkpt lat="44.252960" lon="1.389970">
						<ele>235</ele>
						<time>2026-05-18T18:46:01Z</time>
					</trkpt>
					<trkpt lat="44.252860" lon="1.389950">
						<ele>235</ele>
						<time>2026-05-18T18:46:03Z</time>
					</trkpt>
					<trkpt lat="44.252660" lon="1.389890">
						<ele>235</ele>
						<time>2026-05-18T18:46:06Z</time>
					</trkpt>
					<trkpt lat="44.251510" lon="1.390160">
						<ele>229</ele>
						<time>2026-05-18T18:46:27Z</time>
					</trkpt>
					<trkpt lat="44.251050" lon="1.390460">
						<ele>223</ele>
						<time>2026-05-18T18:46:36Z</time>
					</trkpt>
					<trkpt lat="44.250690" lon="1.390690">
						<ele>219</ele>
						<time>2026-05-18T18:46:43Z</time>
					</trkpt>
					<trkpt lat="44.250630" lon="1.390730">
						<ele>218</ele>
						<time>2026-05-18T18:46:44Z</time>
					</trkpt>
					<trkpt lat="44.250350" lon="1.390970">
						<ele>215</ele>
						<time>2026-05-18T18:46:50Z</time>
					</trkpt>
					<trkpt lat="44.250150" lon="1.391290">
						<ele>210</ele>
						<time>2026-05-18T18:46:56Z</time>
					</trkpt>
					<trkpt lat="44.250070" lon="1.391410">
						<ele>209</ele>
						<time>2026-05-18T18:46:58Z</time>
					</trkpt>
					<trkpt lat="44.249850" lon="1.391700">
						<ele>205</ele>
						<time>2026-05-18T18:47:03Z</time>
					</trkpt>
					<trkpt lat="44.249710" lon="1.391790">
						<ele>203</ele>
						<time>2026-05-18T18:47:06Z</time>
					</trkpt>
					<trkpt lat="44.249580" lon="1.391850">
						<ele>202</ele>
						<time>2026-05-18T18:47:08Z</time>
					</trkpt>
					<trkpt lat="44.249450" lon="1.391860">
						<ele>202</ele>
						<time>2026-05-18T18:47:11Z</time>
					</trkpt>
					<trkpt lat="44.249200" lon="1.391810">
						<ele>203</ele>
						<time>2026-05-18T18:47:15Z</time>
					</trkpt>
					<trkpt lat="44.249060" lon="1.391790">
						<ele>202</ele>
						<time>2026-05-18T18:47:18Z</time>
					</trkpt>
					<trkpt lat="44.248990" lon="1.391910">
						<ele>200</ele>
						<time>2026-05-18T18:47:20Z</time>
					</trkpt>
					<trkpt lat="44.248990" lon="1.391970">
						<ele>199</ele>
						<time>2026-05-18T18:47:20Z</time>
					</trkpt>
					<trkpt lat="44.248980" lon="1.392030">
						<ele>198</ele>
						<time>2026-05-18T18:47:21Z</time>
					</trkpt>
					<trkpt lat="44.249340" lon="1.392800">
						<ele>192</ele>
						<time>2026-05-18T18:47:33Z</time>
					</trkpt>
					<trkpt lat="44.249390" lon="1.392970">
						<ele>190</ele>
						<time>2026-05-18T18:47:35Z</time>
					</trkpt>
					<trkpt lat="44.249360" lon="1.393140">
						<ele>189</ele>
						<time>2026-05-18T18:47:38Z</time>
					</trkpt>
					<trkpt lat="44.249210" lon="1.393290">
						<ele>188</ele>
						<time>2026-05-18T18:47:41Z</time>
					</trkpt>
					<trkpt lat="44.248580" lon="1.393750">
						<ele>184</ele>
						<time>2026-05-18T18:47:53Z</time>
					</trkpt>
					<trkpt lat="44.248470" lon="1.393800">
						<ele>184</ele>
						<time>2026-05-18T18:47:55Z</time>
					</trkpt>
					<trkpt lat="44.248390" lon="1.393770">
						<ele>184</ele>
						<time>2026-05-18T18:47:57Z</time>
					</trkpt>
					<trkpt lat="44.248280" lon="1.393680">
						<ele>183</ele>
						<time>2026-05-18T18:47:59Z</time>
					</trkpt>
					<trkpt lat="44.248190" lon="1.393550">
						<ele>183</ele>
						<time>2026-05-18T18:48:02Z</time>
					</trkpt>
					<trkpt lat="44.247770" lon="1.392990">
						<ele>182</ele>
						<time>2026-05-18T18:48:12Z</time>
					</trkpt>
					<trkpt lat="44.247370" lon="1.392640">
						<ele>179</ele>
						<time>2026-05-18T18:48:20Z</time>
					</trkpt>
					<trkpt lat="44.247150" lon="1.392320">
						<ele>178</ele>
						<time>2026-05-18T18:48:26Z</time>
					</trkpt>
					<trkpt lat="44.246990" lon="1.392100">
						<ele>177</ele>
						<time>2026-05-18T18:48:30Z</time>
					</trkpt>
					<trkpt lat="44.246720" lon="1.392040">
						<ele>174</ele>
						<time>2026-05-18T18:48:35Z</time>
					</trkpt>
					<trkpt lat="44.246370" lon="1.392080">
						<ele>171</ele>
						<time>2026-05-18T18:48:41Z</time>
					</trkpt>
					<trkpt lat="44.246350" lon="1.392080">
						<ele>170</ele>
						<time>2026-05-18T18:48:41Z</time>
					</trkpt>
					<trkpt lat="44.245480" lon="1.392180">
						<ele>164</ele>
						<time>2026-05-18T18:48:57Z</time>
					</trkpt>
					<trkpt lat="44.244530" lon="1.392440">
						<ele>159</ele>
						<time>2026-05-18T18:49:14Z</time>
					</trkpt>
					<trkpt lat="44.244090" lon="1.392650">
						<ele>158</ele>
						<time>2026-05-18T18:49:22Z</time>
					</trkpt>
					<trkpt lat="44.243390" lon="1.393320">
						<ele>154</ele>
						<time>2026-05-18T18:49:38Z</time>
					</trkpt>
					<trkpt lat="44.242840" lon="1.393730">
						<ele>153</ele>
						<time>2026-05-18T18:49:49Z</time>
					</trkpt>
					<trkpt lat="44.241530" lon="1.394270">
						<ele>151</ele>
						<time>2026-05-18T18:50:13Z</time>
					</trkpt>
					<trkpt lat="44.241310" lon="1.394320">
						<ele>151</ele>
						<time>2026-05-18T18:50:17Z</time>
					</trkpt>
					<trkpt lat="44.240540" lon="1.394220">
						<ele>150</ele>
						<time>2026-05-18T18:50:31Z</time>
					</trkpt>
					<trkpt lat="44.240090" lon="1.394240">
						<ele>147</ele>
						<time>2026-05-18T18:50:39Z</time>
					</trkpt>
					<trkpt lat="44.239620" lon="1.394340">
						<ele>148</ele>
						<time>2026-05-18T18:50:47Z</time>
					</trkpt>
					<trkpt lat="44.239270" lon="1.394480">
						<ele>148</ele>
						<time>2026-05-18T18:50:54Z</time>
					</trkpt>
					<trkpt lat="44.238980" lon="1.394480">
						<ele>148</ele>
						<time>2026-05-18T18:50:59Z</time>
					</trkpt>
					<trkpt lat="44.238510" lon="1.394440">
						<ele>146</ele>
						<time>2026-05-18T18:51:07Z</time>
					</trkpt>
					<trkpt lat="44.237880" lon="1.394550">
						<ele>142</ele>
						<time>2026-05-18T18:51:18Z</time>
					</trkpt>
					<trkpt lat="44.237140" lon="1.394760">
						<ele>139</ele>
						<time>2026-05-18T18:51:32Z</time>
					</trkpt>
					<trkpt lat="44.235850" lon="1.395280">
						<ele>133</ele>
						<time>2026-05-18T18:51:56Z</time>
					</trkpt>
					<trkpt lat="44.235230" lon="1.395480">
						<ele>131</ele>
						<time>2026-05-18T18:52:07Z</time>
					</trkpt>
					<trkpt lat="44.235030" lon="1.395460">
						<ele>131</ele>
						<time>2026-05-18T18:52:11Z</time>
					</trkpt>
					<trkpt lat="44.234520" lon="1.395240">
						<ele>129</ele>
						<time>2026-05-18T18:52:20Z</time>
					</trkpt>
					<trkpt lat="44.234270" lon="1.395200">
						<ele>128</ele>
						<time>2026-05-18T18:52:25Z</time>
					</trkpt>
					<trkpt lat="44.234160" lon="1.395250">
						<ele>127</ele>
						<time>2026-05-18T18:52:27Z</time>
					</trkpt>
					<trkpt lat="44.233990" lon="1.395330">
						<ele>127</ele>
						<time>2026-05-18T18:52:30Z</time>
					</trkpt>
					<trkpt lat="44.233030" lon="1.396150">
						<ele>125</ele>
						<time>2026-05-18T18:52:50Z</time>
					</trkpt>
					<trkpt lat="44.232890" lon="1.396280">
						<ele>125</ele>
						<time>2026-05-18T18:52:53Z</time>
					</trkpt>
					<trkpt lat="44.232020" lon="1.397080">
						<ele>126</ele>
						<time>2026-05-18T18:53:11Z</time>
					</trkpt>
					<trkpt lat="44.232410" lon="1.398350">
						<ele>127</ele>
						<time>2026-05-18T18:53:29Z</time>
					</trkpt>
					<trkpt lat="44.229900" lon="1.400950">
						<ele>132</ele>
						<time>2026-05-18T18:54:25Z</time>
					</trkpt>
					<trkpt lat="44.229690" lon="1.401120">
						<ele>133</ele>
						<time>2026-05-18T18:54:29Z</time>
					</trkpt>
					<trkpt lat="44.229190" lon="1.401270">
						<ele>133</ele>
						<time>2026-05-18T18:54:38Z</time>
					</trkpt>
					<trkpt lat="44.228890" lon="1.401410">
						<ele>135</ele>
						<time>2026-05-18T18:54:44Z</time>
					</trkpt>
					<trkpt lat="44.228610" lon="1.401600">
						<ele>136</ele>
						<time>2026-05-18T18:54:49Z</time>
					</trkpt>
					<trkpt lat="44.228020" lon="1.402050">
						<ele>139</ele>
						<time>2026-05-18T18:55:01Z</time>
					</trkpt>
					<trkpt lat="44.227930" lon="1.402160">
						<ele>140</ele>
						<time>2026-05-18T18:55:03Z</time>
					</trkpt>
					<trkpt lat="44.227860" lon="1.402240">
						<ele>140</ele>
						<time>2026-05-18T18:55:05Z</time>
					</trkpt>
					<trkpt lat="44.227600" lon="1.402740">
						<ele>141</ele>
						<time>2026-05-18T18:55:13Z</time>
					</trkpt>
					<trkpt lat="44.227320" lon="1.403310">
						<ele>144</ele>
						<time>2026-05-18T18:55:22Z</time>
					</trkpt>
					<trkpt lat="44.227000" lon="1.403740">
						<ele>145</ele>
						<time>2026-05-18T18:55:30Z</time>
					</trkpt>
					<trkpt lat="44.226760" lon="1.403980">
						<ele>146</ele>
						<time>2026-05-18T18:55:35Z</time>
					</trkpt>
					<trkpt lat="44.225400" lon="1.404720">
						<ele>157</ele>
						<time>2026-05-18T18:56:01Z</time>
					</trkpt>
					<trkpt lat="44.225200" lon="1.404870">
						<ele>158</ele>
						<time>2026-05-18T18:56:05Z</time>
					</trkpt>
					<trkpt lat="44.224830" lon="1.405310">
						<ele>160</ele>
						<time>2026-05-18T18:56:13Z</time>
					</trkpt>
					<trkpt lat="44.224540" lon="1.405490">
						<ele>161</ele>
						<time>2026-05-18T18:56:19Z</time>
					</trkpt>
					<trkpt lat="44.223980" lon="1.405630">
						<ele>163</ele>
						<time>2026-05-18T18:56:29Z</time>
					</trkpt>
					<trkpt lat="44.223800" lon="1.405700">
						<ele>164</ele>
						<time>2026-05-18T18:56:33Z</time>
					</trkpt>
					<trkpt lat="44.223690" lon="1.405870">
						<ele>164</ele>
						<time>2026-05-18T18:56:35Z</time>
					</trkpt>
					<trkpt lat="44.223570" lon="1.406330">
						<ele>165</ele>
						<time>2026-05-18T18:56:42Z</time>
					</trkpt>
					<trkpt lat="44.223330" lon="1.407110">
						<ele>167</ele>
						<time>2026-05-18T18:56:53Z</time>
					</trkpt>
					<trkpt lat="44.223180" lon="1.407490">
						<ele>167</ele>
						<time>2026-05-18T18:56:58Z</time>
					</trkpt>
					<trkpt lat="44.223020" lon="1.408500">
						<ele>166</ele>
						<time>2026-05-18T18:57:11Z</time>
					</trkpt>
					<trkpt lat="44.222790" lon="1.409790">
						<ele>169</ele>
						<time>2026-05-18T18:57:28Z</time>
					</trkpt>
					<trkpt lat="44.222660" lon="1.410830">
						<ele>173</ele>
						<time>2026-05-18T18:57:42Z</time>
					</trkpt>
					<trkpt lat="44.222450" lon="1.411540">
						<ele>174</ele>
						<time>2026-05-18T18:57:51Z</time>
					</trkpt>
					<trkpt lat="44.222300" lon="1.411950">
						<ele>173</ele>
						<time>2026-05-18T18:57:57Z</time>
					</trkpt>
					<trkpt lat="44.222110" lon="1.412630">
						<ele>174</ele>
						<time>2026-05-18T18:58:07Z</time>
					</trkpt>
					<trkpt lat="44.221920" lon="1.413500">
						<ele>179</ele>
						<time>2026-05-18T18:58:18Z</time>
					</trkpt>
					<trkpt lat="44.221830" lon="1.414000">
						<ele>182</ele>
						<time>2026-05-18T18:58:25Z</time>
					</trkpt>
					<trkpt lat="44.221810" lon="1.414370">
						<ele>184</ele>
						<time>2026-05-18T18:58:30Z</time>
					</trkpt>
					<trkpt lat="44.221810" lon="1.414400">
						<ele>184</ele>
						<time>2026-05-18T18:58:30Z</time>
					</trkpt>
					<trkpt lat="44.221780" lon="1.415010">
						<ele>189</ele>
						<time>2026-05-18T18:58:38Z</time>
					</trkpt>
					<trkpt lat="44.221710" lon="1.415340">
						<ele>189</ele>
						<time>2026-05-18T18:58:42Z</time>
					</trkpt>
					<trkpt lat="44.221680" lon="1.415520">
						<ele>190</ele>
						<time>2026-05-18T18:58:44Z</time>
					</trkpt>
					<trkpt lat="44.221390" lon="1.416190">
						<ele>190</ele>
						<time>2026-05-18T18:58:54Z</time>
					</trkpt>
					<trkpt lat="44.220380" lon="1.417630">
						<ele>199</ele>
						<time>2026-05-18T18:59:20Z</time>
					</trkpt>
					<trkpt lat="44.219740" lon="1.418400">
						<ele>202</ele>
						<time>2026-05-18T18:59:35Z</time>
					</trkpt>
					<trkpt lat="44.219170" lon="1.418960">
						<ele>204</ele>
						<time>2026-05-18T18:59:48Z</time>
					</trkpt>
					<trkpt lat="44.218940" lon="1.419120">
						<ele>204</ele>
						<time>2026-05-18T18:59:52Z</time>
					</trkpt>
					<trkpt lat="44.218730" lon="1.419320">
						<ele>203</ele>
						<time>2026-05-18T18:59:57Z</time>
					</trkpt>
					<trkpt lat="44.218550" lon="1.419600">
						<ele>202</ele>
						<time>2026-05-18T19:00:01Z</time>
					</trkpt>
					<trkpt lat="44.218370" lon="1.419970">
						<ele>203</ele>
						<time>2026-05-18T19:00:07Z</time>
					</trkpt>
					<trkpt lat="44.218330" lon="1.420080">
						<ele>202</ele>
						<time>2026-05-18T19:00:09Z</time>
					</trkpt>
					<trkpt lat="44.217990" lon="1.419940">
						<ele>205</ele>
						<time>2026-05-18T19:00:15Z</time>
					</trkpt>
					<trkpt lat="44.217370" lon="1.419720">
						<ele>207</ele>
						<time>2026-05-18T19:00:26Z</time>
					</trkpt>
					<trkpt lat="44.217160" lon="1.419630">
						<ele>208</ele>
						<time>2026-05-18T19:00:30Z</time>
					</trkpt>
					<trkpt lat="44.217020" lon="1.419480">
						<ele>209</ele>
						<time>2026-05-18T19:00:33Z</time>
					</trkpt>
					<trkpt lat="44.216900" lon="1.419280">
						<ele>209</ele>
						<time>2026-05-18T19:00:37Z</time>
					</trkpt>
					<trkpt lat="44.216690" lon="1.418740">
						<ele>214</ele>
						<time>2026-05-18T19:00:45Z</time>
					</trkpt>
					<trkpt lat="44.216330" lon="1.417690">
						<ele>215</ele>
						<time>2026-05-18T19:00:59Z</time>
					</trkpt>
					<trkpt lat="44.216120" lon="1.417030">
						<ele>215</ele>
						<time>2026-05-18T19:01:09Z</time>
					</trkpt>
					<trkpt lat="44.216020" lon="1.416730">
						<ele>216</ele>
						<time>2026-05-18T19:01:13Z</time>
					</trkpt>
					<trkpt lat="44.215850" lon="1.415970">
						<ele>218</ele>
						<time>2026-05-18T19:01:23Z</time>
					</trkpt>
					<trkpt lat="44.215880" lon="1.415280">
						<ele>216</ele>
						<time>2026-05-18T19:01:32Z</time>
					</trkpt>
					<trkpt lat="44.216060" lon="1.413260">
						<ele>207</ele>
						<time>2026-05-18T19:01:58Z</time>
					</trkpt>
					<trkpt lat="44.216030" lon="1.412980">
						<ele>205</ele>
						<time>2026-05-18T19:02:01Z</time>
					</trkpt>
					<trkpt lat="44.215920" lon="1.412850">
						<ele>204</ele>
						<time>2026-05-18T19:02:04Z</time>
					</trkpt>
					<trkpt lat="44.215710" lon="1.412770">
						<ele>203</ele>
						<time>2026-05-18T19:02:08Z</time>
					</trkpt>
					<trkpt lat="44.215350" lon="1.412800">
						<ele>201</ele>
						<time>2026-05-18T19:02:14Z</time>
					</trkpt>
					<trkpt lat="44.214920" lon="1.412940">
						<ele>200</ele>
						<time>2026-05-18T19:02:22Z</time>
					</trkpt>
					<trkpt lat="44.214600" lon="1.413060">
						<ele>198</ele>
						<time>2026-05-18T19:02:28Z</time>
					</trkpt>
					<trkpt lat="44.214390" lon="1.413070">
						<ele>195</ele>
						<time>2026-05-18T19:02:32Z</time>
					</trkpt>
					<trkpt lat="44.213990" lon="1.412980">
						<ele>192</ele>
						<time>2026-05-18T19:02:39Z</time>
					</trkpt>
					<trkpt lat="44.213560" lon="1.412800">
						<ele>192</ele>
						<time>2026-05-18T19:02:47Z</time>
					</trkpt>
					<trkpt lat="44.213390" lon="1.412630">
						<ele>193</ele>
						<time>2026-05-18T19:02:51Z</time>
					</trkpt>
					<trkpt lat="44.213270" lon="1.412370">
						<ele>194</ele>
						<time>2026-05-18T19:02:55Z</time>
					</trkpt>
					<trkpt lat="44.213080" lon="1.411650">
						<ele>198</ele>
						<time>2026-05-18T19:03:04Z</time>
					</trkpt>
					<trkpt lat="44.213000" lon="1.411090">
						<ele>200</ele>
						<time>2026-05-18T19:03:12Z</time>
					</trkpt>
					<trkpt lat="44.213020" lon="1.410620">
						<ele>200</ele>
						<time>2026-05-18T19:03:18Z</time>
					</trkpt>
					<trkpt lat="44.213320" lon="1.409490">
						<ele>202</ele>
						<time>2026-05-18T19:03:33Z</time>
					</trkpt>
					<trkpt lat="44.213340" lon="1.409150">
						<ele>204</ele>
						<time>2026-05-18T19:03:37Z</time>
					</trkpt>
					<trkpt lat="44.213270" lon="1.408780">
						<ele>203</ele>
						<time>2026-05-18T19:03:42Z</time>
					</trkpt>
					<trkpt lat="44.213150" lon="1.408500">
						<ele>202</ele>
						<time>2026-05-18T19:03:47Z</time>
					</trkpt>
					<trkpt lat="44.212990" lon="1.408290">
						<ele>200</ele>
						<time>2026-05-18T19:03:50Z</time>
					</trkpt>
					<trkpt lat="44.212920" lon="1.408200">
						<ele>199</ele>
						<time>2026-05-18T19:03:52Z</time>
					</trkpt>
					<trkpt lat="44.212820" lon="1.408100">
						<ele>197</ele>
						<time>2026-05-18T19:03:54Z</time>
					</trkpt>
					<trkpt lat="44.212390" lon="1.407680">
						<ele>194</ele>
						<time>2026-05-18T19:04:04Z</time>
					</trkpt>
					<trkpt lat="44.211530" lon="1.406940">
						<ele>198</ele>
						<time>2026-05-18T19:04:22Z</time>
					</trkpt>
					<trkpt lat="44.211090" lon="1.406620">
						<ele>203</ele>
						<time>2026-05-18T19:04:30Z</time>
					</trkpt>
					<trkpt lat="44.210470" lon="1.406280">
						<ele>210</ele>
						<time>2026-05-18T19:04:42Z</time>
					</trkpt>
					<trkpt lat="44.210070" lon="1.406260">
						<ele>212</ele>
						<time>2026-05-18T19:04:49Z</time>
					</trkpt>
					<trkpt lat="44.209520" lon="1.406660">
						<ele>211</ele>
						<time>2026-05-18T19:05:00Z</time>
					</trkpt>
					<trkpt lat="44.209310" lon="1.406790">
						<ele>210</ele>
						<time>2026-05-18T19:05:05Z</time>
					</trkpt>
					<trkpt lat="44.209160" lon="1.406800">
						<ele>210</ele>
						<time>2026-05-18T19:05:07Z</time>
					</trkpt>
					<trkpt lat="44.209030" lon="1.406750">
						<ele>210</ele>
						<time>2026-05-18T19:05:10Z</time>
					</trkpt>
					<trkpt lat="44.208980" lon="1.406690">
						<ele>210</ele>
						<time>2026-05-18T19:05:11Z</time>
					</trkpt>
					<trkpt lat="44.208910" lon="1.406610">
						<ele>209</ele>
						<time>2026-05-18T19:05:12Z</time>
					</trkpt>
					<trkpt lat="44.208680" lon="1.405990">
						<ele>209</ele>
						<time>2026-05-18T19:05:21Z</time>
					</trkpt>
					<trkpt lat="44.208460" lon="1.405510">
						<ele>206</ele>
						<time>2026-05-18T19:05:29Z</time>
					</trkpt>
					<trkpt lat="44.208290" lon="1.405280">
						<ele>205</ele>
						<time>2026-05-18T19:05:33Z</time>
					</trkpt>
					<trkpt lat="44.208100" lon="1.405110">
						<ele>204</ele>
						<time>2026-05-18T19:05:37Z</time>
					</trkpt>
					<trkpt lat="44.207710" lon="1.404890">
						<ele>203</ele>
						<time>2026-05-18T19:05:44Z</time>
					</trkpt>
					<trkpt lat="44.207870" lon="1.404930">
						<ele>203</ele>
						<time>2026-05-18T19:05:47Z</time>
					</trkpt>
					<trkpt lat="44.207710" lon="1.404890">
						<ele>203</ele>
						<time>2026-05-18T19:05:50Z</time>
					</trkpt>
					<trkpt lat="44.206100" lon="1.403560">
						<ele>202</ele>
						<time>2026-05-18T19:06:23Z</time>
					</trkpt>
					<trkpt lat="44.205930" lon="1.403460">
						<ele>202</ele>
						<time>2026-05-18T19:06:27Z</time>
					</trkpt>
					<trkpt lat="44.204710" lon="1.403110">
						<ele>206</ele>
						<time>2026-05-18T19:06:49Z</time>
					</trkpt>
					<trkpt lat="44.204440" lon="1.402990">
						<ele>209</ele>
						<time>2026-05-18T19:06:54Z</time>
					</trkpt>
					<trkpt lat="44.204230" lon="1.402820">
						<ele>211</ele>
						<time>2026-05-18T19:06:58Z</time>
					</trkpt>
					<trkpt lat="44.204070" lon="1.402560">
						<ele>212</ele>
						<time>2026-05-18T19:07:03Z</time>
					</trkpt>
					<trkpt lat="44.203690" lon="1.401850">
						<ele>215</ele>
						<time>2026-05-18T19:07:14Z</time>
					</trkpt>
					<trkpt lat="44.203650" lon="1.401720">
						<ele>215</ele>
						<time>2026-05-18T19:07:16Z</time>
					</trkpt>
					<trkpt lat="44.203610" lon="1.401580">
						<ele>215</ele>
						<time>2026-05-18T19:07:18Z</time>
					</trkpt>
					<trkpt lat="44.203600" lon="1.401470">
						<ele>215</ele>
						<time>2026-05-18T19:07:19Z</time>
					</trkpt>
					<trkpt lat="44.203610" lon="1.401370">
						<ele>215</ele>
						<time>2026-05-18T19:07:20Z</time>
					</trkpt>
					<trkpt lat="44.203650" lon="1.401190">
						<ele>214</ele>
						<time>2026-05-18T19:07:23Z</time>
					</trkpt>
					<trkpt lat="44.204150" lon="1.399140">
						<ele>205</ele>
						<time>2026-05-18T19:07:50Z</time>
					</trkpt>
					<trkpt lat="44.204170" lon="1.398970">
						<ele>204</ele>
						<time>2026-05-18T19:07:52Z</time>
					</trkpt>
					<trkpt lat="44.204170" lon="1.398870">
						<ele>203</ele>
						<time>2026-05-18T19:07:54Z</time>
					</trkpt>
					<trkpt lat="44.204160" lon="1.398760">
						<ele>203</ele>
						<time>2026-05-18T19:07:55Z</time>
					</trkpt>
					<trkpt lat="44.204140" lon="1.398650">
						<ele>202</ele>
						<time>2026-05-18T19:07:57Z</time>
					</trkpt>
					<trkpt lat="44.204100" lon="1.398550">
						<ele>202</ele>
						<time>2026-05-18T19:07:58Z</time>
					</trkpt>
					<trkpt lat="44.204050" lon="1.398450">
						<ele>201</ele>
						<time>2026-05-18T19:08:00Z</time>
					</trkpt>
					<trkpt lat="44.203940" lon="1.398270">
						<ele>200</ele>
						<time>2026-05-18T19:08:03Z</time>
					</trkpt>
					<trkpt lat="44.203870" lon="1.398190">
						<ele>199</ele>
						<time>2026-05-18T19:08:04Z</time>
					</trkpt>
					<trkpt lat="44.203800" lon="1.398120">
						<ele>199</ele>
						<time>2026-05-18T19:08:06Z</time>
					</trkpt>
					<trkpt lat="44.203280" lon="1.397710">
						<ele>197</ele>
						<time>2026-05-18T19:08:16Z</time>
					</trkpt>
					<trkpt lat="44.203190" lon="1.397630">
						<ele>196</ele>
						<time>2026-05-18T19:08:18Z</time>
					</trkpt>
					<trkpt lat="44.203120" lon="1.397550">
						<ele>195</ele>
						<time>2026-05-18T19:08:20Z</time>
					</trkpt>
					<trkpt lat="44.203050" lon="1.397470">
						<ele>195</ele>
						<time>2026-05-18T19:08:22Z</time>
					</trkpt>
					<trkpt lat="44.203010" lon="1.397400">
						<ele>194</ele>
						<time>2026-05-18T19:08:23Z</time>
					</trkpt>
					<trkpt lat="44.202950" lon="1.397280">
						<ele>194</ele>
						<time>2026-05-18T19:08:25Z</time>
					</trkpt>
					<trkpt lat="44.202880" lon="1.397090">
						<ele>194</ele>
						<time>2026-05-18T19:08:27Z</time>
					</trkpt>
					<trkpt lat="44.202740" lon="1.396520">
						<ele>195</ele>
						<time>2026-05-18T19:08:35Z</time>
					</trkpt>
					<trkpt lat="44.202620" lon="1.396170">
						<ele>197</ele>
						<time>2026-05-18T19:08:40Z</time>
					</trkpt>
					<trkpt lat="44.202490" lon="1.395860">
						<ele>200</ele>
						<time>2026-05-18T19:08:44Z</time>
					</trkpt>
					<trkpt lat="44.202400" lon="1.395670">
						<ele>200</ele>
						<time>2026-05-18T19:08:47Z</time>
					</trkpt>
					<trkpt lat="44.202250" lon="1.395370">
						<ele>201</ele>
						<time>2026-05-18T19:08:52Z</time>
					</trkpt>
					<trkpt lat="44.202040" lon="1.395030">
						<ele>203</ele>
						<time>2026-05-18T19:08:58Z</time>
					</trkpt>
					<trkpt lat="44.202010" lon="1.394980">
						<ele>203</ele>
						<time>2026-05-18T19:08:59Z</time>
					</trkpt>
					<trkpt lat="44.201660" lon="1.394510">
						<ele>204</ele>
						<time>2026-05-18T19:09:07Z</time>
					</trkpt>
					<trkpt lat="44.201450" lon="1.394240">
						<ele>203</ele>
						<time>2026-05-18T19:09:12Z</time>
					</trkpt>
					<trkpt lat="44.201200" lon="1.393930">
						<ele>201</ele>
						<time>2026-05-18T19:09:18Z</time>
					</trkpt>
					<trkpt lat="44.201070" lon="1.393760">
						<ele>201</ele>
						<time>2026-05-18T19:09:21Z</time>
					</trkpt>
					<trkpt lat="44.200870" lon="1.393480">
						<ele>201</ele>
						<time>2026-05-18T19:09:27Z</time>
					</trkpt>
					<trkpt lat="44.200630" lon="1.393060">
						<ele>197</ele>
						<time>2026-05-18T19:09:33Z</time>
					</trkpt>
					<trkpt lat="44.200460" lon="1.392750">
						<ele>195</ele>
						<time>2026-05-18T19:09:38Z</time>
					</trkpt>
					<trkpt lat="44.200360" lon="1.392540">
						<ele>194</ele>
						<time>2026-05-18T19:09:42Z</time>
					</trkpt>
					<trkpt lat="44.200210" lon="1.392190">
						<ele>195</ele>
						<time>2026-05-18T19:09:47Z</time>
					</trkpt>
					<trkpt lat="44.200130" lon="1.391980">
						<ele>196</ele>
						<time>2026-05-18T19:09:50Z</time>
					</trkpt>
					<trkpt lat="44.199990" lon="1.391510">
						<ele>199</ele>
						<time>2026-05-18T19:09:56Z</time>
					</trkpt>
					<trkpt lat="44.199420" lon="1.389410">
						<ele>198</ele>
						<time>2026-05-18T19:10:25Z</time>
					</trkpt>
					<trkpt lat="44.199370" lon="1.389080">
						<ele>198</ele>
						<time>2026-05-18T19:10:29Z</time>
					</trkpt>
					<trkpt lat="44.199380" lon="1.388720">
						<ele>199</ele>
						<time>2026-05-18T19:10:34Z</time>
					</trkpt>
					<trkpt lat="44.199430" lon="1.388530">
						<ele>199</ele>
						<time>2026-05-18T19:10:36Z</time>
					</trkpt>
					<trkpt lat="44.199480" lon="1.388330">
						<ele>199</ele>
						<time>2026-05-18T19:10:39Z</time>
					</trkpt>
					<trkpt lat="44.199630" lon="1.387870">
						<ele>201</ele>
						<time>2026-05-18T19:10:46Z</time>
					</trkpt>
					<trkpt lat="44.199960" lon="1.386890">
						<ele>203</ele>
						<time>2026-05-18T19:10:59Z</time>
					</trkpt>
					<trkpt lat="44.200170" lon="1.386060">
						<ele>201</ele>
						<time>2026-05-18T19:11:11Z</time>
					</trkpt>
					<trkpt lat="44.200260" lon="1.385690">
						<ele>199</ele>
						<time>2026-05-18T19:11:16Z</time>
					</trkpt>
					<trkpt lat="44.200480" lon="1.385220">
						<ele>197</ele>
						<time>2026-05-18T19:11:23Z</time>
					</trkpt>
					<trkpt lat="44.200700" lon="1.384850">
						<ele>197</ele>
						<time>2026-05-18T19:11:29Z</time>
					</trkpt>
					<trkpt lat="44.201560" lon="1.383740">
						<ele>195</ele>
						<time>2026-05-18T19:11:50Z</time>
					</trkpt>
					<trkpt lat="44.201710" lon="1.383450">
						<ele>193</ele>
						<time>2026-05-18T19:11:54Z</time>
					</trkpt>
					<trkpt lat="44.202690" lon="1.380600">
						<ele>180</ele>
						<time>2026-05-18T19:12:35Z</time>
					</trkpt>
					<trkpt lat="44.202740" lon="1.380350">
						<ele>179</ele>
						<time>2026-05-18T19:12:38Z</time>
					</trkpt>
					<trkpt lat="44.202760" lon="1.380010">
						<ele>178</ele>
						<time>2026-05-18T19:12:42Z</time>
					</trkpt>
					<trkpt lat="44.201910" lon="1.376130">
						<ele>164</ele>
						<time>2026-05-18T19:13:34Z</time>
					</trkpt>
					<trkpt lat="44.201760" lon="1.375680">
						<ele>162</ele>
						<time>2026-05-18T19:13:40Z</time>
					</trkpt>
					<trkpt lat="44.201190" lon="1.374820">
						<ele>157</ele>
						<time>2026-05-18T19:13:55Z</time>
					</trkpt>
					<trkpt lat="44.200910" lon="1.374430">
						<ele>156</ele>
						<time>2026-05-18T19:14:02Z</time>
					</trkpt>
					<trkpt lat="44.199580" lon="1.373060">
						<ele>153</ele>
						<time>2026-05-18T19:14:32Z</time>
					</trkpt>
					<trkpt lat="44.199140" lon="1.372710">
						<ele>154</ele>
						<time>2026-05-18T19:14:41Z</time>
					</trkpt>
					<trkpt lat="44.198890" lon="1.372570">
						<ele>155</ele>
						<time>2026-05-18T19:14:46Z</time>
					</trkpt>
					<trkpt lat="44.197920" lon="1.371970">
						<ele>153</ele>
						<time>2026-05-18T19:15:04Z</time>
					</trkpt>
					<trkpt lat="44.197280" lon="1.371570">
						<ele>155</ele>
						<time>2026-05-18T19:15:17Z</time>
					</trkpt>
					<trkpt lat="44.196180" lon="1.370870">
						<ele>161</ele>
						<time>2026-05-18T19:15:38Z</time>
					</trkpt>
					<trkpt lat="44.196100" lon="1.370820">
						<ele>162</ele>
						<time>2026-05-18T19:15:40Z</time>
					</trkpt>
					<trkpt lat="44.195910" lon="1.370700">
						<ele>163</ele>
						<time>2026-05-18T19:15:44Z</time>
					</trkpt>
					<trkpt lat="44.195270" lon="1.370130">
						<ele>161</ele>
						<time>2026-05-18T19:15:57Z</time>
					</trkpt>
					</trkseg>
				</trk>
			</gpx>